program_name,program_id,address,balance_lamports,balance_sol,data_size
steward,Stewardf95sJbmtcZsyagb2dg4Mo8eVQho8gpECvLx8,Dr8qwhCTYj33VjkCdatS7gj2KndEcit6LEPw1MCYk4z4,54127920,0.05412792,7649
steward,Stewardf95sJbmtcZsyagb2dg4Mo8eVQho8gpECvLx8,FJVa2CL5LxSWT8esDsU3h5TSoSgaxnsb48nACruxvP1b,1271898240,1.27189824,182616
steward,Stewardf95sJbmtcZsyagb2dg4Mo8eVQho8gpECvLx8,GdkBcz37G1GxNryi1Bydx5qJJ63RjQDFStqgCLMxu8X2,98748480,0.09874848,14060
steward,Stewardf95sJbmtcZsyagb2dg4Mo8eVQho8gpECvLx8,HgSCuZT7wrcSYTxEw8e6YJsh1AhC1FW2boBrCnEYm2ms,50571360,0.05057136,7138
steward,Stewardf95sJbmtcZsyagb2dg4Mo8eVQho8gpECvLx8,9zDvJAEypStiA4yv9azfhRZcJcSVN4FzHvi2eAESDY7Z,50571360,0.05057136,7138
steward,Stewardf95sJbmtcZsyagb2dg4Mo8eVQho8gpECvLx8,9BAmGVLGxzqct6bkgjWmKSv3BFB6iKYXNBQp8GWG1LDY,1271898240,1.27189824,182616
steward,Stewardf95sJbmtcZsyagb2dg4Mo8eVQho8gpECvLx8,2fmUv1BebH8RrFG7knYCeWgFBygUn3D8PsUsPskWUFEH,29064960,0.02906496,4048
steward,Stewardf95sJbmtcZsyagb2dg4Mo8eVQho8gpECvLx8,jitoVjT9jRUyeXHzvCwzPgHj7yWNRhLcUoXtes4wtjv,29064960,0.02906496,4048
validator_history,HistoryJTGbKQD2mRgLZ3XhqHnN811Qpez8X9kCcGHoa,6nuKBQV9PNSWjBdCzfnjonTYhWq2eApYkC6WSgmLwyBm,459248640,0.45924864,65856
validator_history,HistoryJTGbKQD2mRgLZ3XhqHnN811Qpez8X9kCcGHoa,3kTNfUEo2fQjaNxa5gS8hzafCEqhV8UN4tBXEomQm2wB,459248640,0.45924864,65856
validator_history,HistoryJTGbKQD2mRgLZ3XhqHnN811Qpez8X9kCcGHoa,21dx192FUa47bC8hiojzKoNCUoGq3z9AEhugWk72w1Mn,459248640,0.45924864,65856
validator_history,HistoryJTGbKQD2mRgLZ3XhqHnN811Qpez8X9kCcGHoa,cmKamZKu3VSEGtKHw414AnNQ1kV22rJU3zxpAgVv2yX,459348640,0.45934864,65856
validator_history,HistoryJTGbKQD2mRgLZ3XhqHnN811Qpez8X9kCcGHoa,Excbm2LsNBdPm9SDzuSJpSEmyHCYcdi6qJckCsiVXgmk,459248640,0.45924864,65856
validator_history,HistoryJTGbKQD2mRgLZ3XhqHnN811Qpez8X9kCcGHoa,EZWaznchZmT4L11wSwNUafnusd2QcrhdN74Pd7vyDwuQ,459248640,0.45924864,65856
validator_history,HistoryJTGbKQD2mRgLZ3XhqHnN811Qpez8X9kCcGHoa,HBvFLedxD2Rh6YfKSjQzgQVXFC4F5bkagvRPPTUTMoSX,459248640,0.45924864,65856
validator_history,HistoryJTGbKQD2mRgLZ3XhqHnN811Qpez8X9kCcGHoa,AM6q3XwNoksnZPcr2wRojK36cLxxQ7ULHyc6nW8E1hs8,459248640,0.45924864,65856
validator_history,HistoryJTGbKQD2mRgLZ3XhqHnN811Qpez8X9kCcGHoa,AZZZfPi7cgXcQEGojsKUQvfA9VPGTveYUKBQ8dhenLgT,459248640,0.45924864,65856
validator_history,HistoryJTGbKQD2mRgLZ3XhqHnN811Qpez8X9kCcGHoa,133yxV1PkpbV66TopXbp5QGgVVnnLTkVTXsYeDTRYvo4,459248640,0.45924864,65856
validator_history,HistoryJTGbKQD2mRgLZ3XhqHnN811Qpez8X9kCcGHoa,6ESv3RMHTtx91ansJPTnDKiT7MznB9fTXjo5j4tUie75,459248640,0.45924864,65856
validator_history,HistoryJTGbKQD2mRgLZ3XhqHnN811Qpez8X9kCcGHoa,FS9W4QH5YEQXBpmdUDx2YDCDBiegM9rMmpjcwN1r37Tk,459248640,0.45924864,65856
validator_history,HistoryJTGbKQD2mRgLZ3XhqHnN811Qpez8X9kCcGHoa,JEAoB8SfEghaNQFsZpBfjVmgnNtUy29PfLCPcXjyAp6i,459248640,0.45924864,65856
validator_history,HistoryJTGbKQD2mRgLZ3XhqHnN811Qpez8X9kCcGHoa,9bf2NfzvHA549YZagFFQwDoSa1x9hvivAZWVT3XYN5C1,459248640,0.45924864,65856
validator_history,HistoryJTGbKQD2mRgLZ3XhqHnN811Qpez8X9kCcGHoa,HKmRrPdLQUoABdnhzP3n4NszD1FdoErNi5HxrQJK81si,459248640,0.45924864,65856
validator_history,HistoryJTGbKQD2mRgLZ3XhqHnN811Qpez8X9kCcGHoa,AZwmqecq8y9YT9Eykb4hAdtSuZNwFQUrbQmf4pc9jtnP,459248640,0.45924864,65856
validator_history,HistoryJTGbKQD2mRgLZ3XhqHnN811Qpez8X9kCcGHoa,DT6V6oCBosHp1qoMEpMfSRrKTXXAeG5ie8z56heHf1ha,459248640,0.45924864,65856
validator_history,HistoryJTGbKQD2mRgLZ3XhqHnN811Qpez8X9kCcGHoa,7zBZgiChScSbVKA9nieTjipM3VGg3wUYoDQxPNWvN4m1,459248640,0.45924864,65856
validator_history,HistoryJTGbKQD2mRgLZ3XhqHnN811Qpez8X9kCcGHoa,EprKTE7Z2H9bq8opEUFykyKSmEpKFBZsrWaiCs2pZfvZ,459248640,0.45924864,65856
validator_history,HistoryJTGbKQD2mRgLZ3XhqHnN811Qpez8X9kCcGHoa,GwZJjU4zh6niCKkRxB3LSDfEAHEkDSNf5RaeSrFkcyG1,459248640,0.45924864,65856
validator_history,HistoryJTGbKQD2mRgLZ3XhqHnN811Qpez8X9kCcGHoa,72ovb1g46REFbZRGLVVGsbkbqviAMymDzLsgxCQ7T3g8,459248640,0.45924864,65856
validator_history,HistoryJTGbKQD2mRgLZ3XhqHnN811Qpez8X9kCcGHoa,7vd2wFrh3akBbCmbvctndKLfwjEBGXASbRGrhbiRS1qU,459248640,0.45924864,65856
validator_history,HistoryJTGbKQD2mRgLZ3XhqHnN811Qpez8X9kCcGHoa,9TJ2MPSv854nXhb3Tconp5KYaxXVrQEGHjGeLbfiJ3RA,459248640,0.45924864,65856
validator_history,HistoryJTGbKQD2mRgLZ3XhqHnN811Qpez8X9kCcGHoa,9uY9TF8pvM57P2eEPNuWkPWWJxb8NPcco945GeUFNaWW,459248640,0.45924864,65856
validator_history,HistoryJTGbKQD2mRgLZ3XhqHnN811Qpez8X9kCcGHoa,5XnFVBsfw2BEn3uzT6AERFG9Vtz5K2gxoASccH4z9V3f,459248640,0.45924864,65856
validator_history,HistoryJTGbKQD2mRgLZ3XhqHnN811Qpez8X9kCcGHoa,36CSruHaEuzQ5mbgXrTThXb3WuFwLPTzUHXvTcBfdPQC,459248640,0.45924864,65856
validator_history,HistoryJTGbKQD2mRgLZ3XhqHnN811Qpez8X9kCcGHoa,P3g9UjDzt2seeLgNJCq8AChYe2voru4PgkfZzopytYv,459248640,0.45924864,65856
validator_history,HistoryJTGbKQD2mRgLZ3XhqHnN811Qpez8X9kCcGHoa,BqE7AEe4TmH3xC5qCbDGJuq3yPwx1AbwTnHdeWZpcAmX,459248640,0.45924864,65856
validator_history,HistoryJTGbKQD2mRgLZ3XhqHnN811Qpez8X9kCcGHoa,6ZdRNVL11UY5uGsty9ExvUFaUjnRUPb88QHpztjarXKS,459248640,0.45924864,65856
validator_history,HistoryJTGbKQD2mRgLZ3XhqHnN811Qpez8X9kCcGHoa,CpG4Ydu4JcRJEVQqp3PWPKtKaSbbKCtr2CCKNMoLjuGq,459248640,0.45924864,65856
validator_history,HistoryJTGbKQD2mRgLZ3XhqHnN811Qpez8X9kCcGHoa,AQxTQNaVm6K1sZbwHFr4ED1s21jMtbC4qwCyct5RGwPe,459248640,0.45924864,65856
validator_history,HistoryJTGbKQD2mRgLZ3XhqHnN811Qpez8X9kCcGHoa,31CxMmGK3xDDzzAd7Rp2MLjxsCpQEhZnfYmBtEt7inoJ,459248640,0.45924864,65856
validator_history,HistoryJTGbKQD2mRgLZ3XhqHnN811Qpez8X9kCcGHoa,AnavuCC1UJiTAAMMg5raskDncoBy5Uoiuu3oG1KciVsN,459248640,0.45924864,65856
validator_history,HistoryJTGbKQD2mRgLZ3XhqHnN811Qpez8X9kCcGHoa,HuEK8pBeSpx1CD7pC8je8kqWMSum6gYJDkfFWwzyryz3,459248640,0.45924864,65856
validator_history,HistoryJTGbKQD2mRgLZ3XhqHnN811Qpez8X9kCcGHoa,8A7u5bD6gHihmPJqKyNf2MunB6GwFm99d95dpLqXu6dd,459248640,0.45924864,65856
validator_history,HistoryJTGbKQD2mRgLZ3XhqHnN811Qpez8X9kCcGHoa,GzLyvv3JADwt8XqVUERDR1ee42ybxuMXLr3iuJ2SXqD5,459248640,0.45924864,65856
validator_history,HistoryJTGbKQD2mRgLZ3XhqHnN811Qpez8X9kCcGHoa,6grJk4dcNcnJJi5RhJzocHvqVNyhK7Q3P84HFwLykD91,459248640,0.45924864,65856
validator_history,HistoryJTGbKQD2mRgLZ3XhqHnN811Qpez8X9kCcGHoa,7QXP4joXkHv3AUJnYqXBFgdEhfLBCYyeZFoTz4SdALSv,459248640,0.45924864,65856
validator_history,HistoryJTGbKQD2mRgLZ3XhqHnN811Qpez8X9kCcGHoa,B5twiQV9zcaUW1Lmu5vayG6C8z3pzDEVgJUyuCk8KGQs,459248640,0.45924864,65856
validator_history,HistoryJTGbKQD2mRgLZ3XhqHnN811Qpez8X9kCcGHoa,9p26ihQqeboCMax55xSoJC9JXamtdpgdLrz8Y9qkxoow,459248640,0.45924864,65856
validator_history,HistoryJTGbKQD2mRgLZ3XhqHnN811Qpez8X9kCcGHoa,9c56Q7UVaY1uk9Pqg5ichDnEGKwk2B2BdzaydhVgDJEo,459248640,0.45924864,65856
validator_history,HistoryJTGbKQD2mRgLZ3XhqHnN811Qpez8X9kCcGHoa,3MxWujZwyKQNcBSrE3gZRPXzAR8oG6YDqX3nzLyoJBhP,459248640,0.45924864,65856
validator_history,HistoryJTGbKQD2mRgLZ3XhqHnN811Qpez8X9kCcGHoa,NS8LrAiySLwHUSFx5sRm82AyVUYMKyqAV2FfiWdPqdX,459248640,0.45924864,65856
validator_history,HistoryJTGbKQD2mRgLZ3XhqHnN811Qpez8X9kCcGHoa,7uGbeoSKKx2U8DxvQc4L2tfJLhG7STcrST2eWN51gTyG,459248640,0.45924864,65856
validator_history,HistoryJTGbKQD2mRgLZ3XhqHnN811Qpez8X9kCcGHoa,DDAWAWTTjPxhotxnPtQpDeQN8h9ZYWSnWLeNdbRRVQyY,459248640,0.45924864,65856
validator_history,HistoryJTGbKQD2mRgLZ3XhqHnN811Qpez8X9kCcGHoa,GezbbgEC6v7Wn9CzDTyNX34Akt5gsZSJxCeLMQU6q4UW,459248640,0.45924864,65856
validator_history,HistoryJTGbKQD2mRgLZ3XhqHnN811Qpez8X9kCcGHoa,GYdkQrFoPwqn7yb99KResYUHZK3EqkhRgBmHHDEmmTdr,459248640,0.45924864,65856
validator_history,HistoryJTGbKQD2mRgLZ3XhqHnN811Qpez8X9kCcGHoa,7azttVEbapDpnMULbN1tCXjV25yXqd6a4uYjMFisp3Vv,459248640,0.45924864,65856
validator_history,HistoryJTGbKQD2mRgLZ3XhqHnN811Qpez8X9kCcGHoa,6gaDAY9Qt5AsxpsL17ND7t5793XtFS3vxFixh7WKd5m1,459248640,0.45924864,65856
validator_history,HistoryJTGbKQD2mRgLZ3XhqHnN811Qpez8X9kCcGHoa,zmBEZnGZHPPtbhKN3bbJVe48Wdpb11JBmHDqy6iYDVr,459248640,0.45924864,65856
validator_history,HistoryJTGbKQD2mRgLZ3XhqHnN811Qpez8X9kCcGHoa,5aPyWVg29GkGnUVhT8XiHiQsYo9KtmRHzYpFZ6F8ijjy,459248640,0.45924864,65856
validator_history,HistoryJTGbKQD2mRgLZ3XhqHnN811Qpez8X9kCcGHoa,DRCDdTnzjM6MDhHowzKAMJ739xUnNwnxPcotZGR7bN2N,459248640,0.45924864,65856
validator_history,HistoryJTGbKQD2mRgLZ3XhqHnN811Qpez8X9kCcGHoa,ESHDf1LMzr2MysEMLJEvEGazZUEhYyiqGzwJnFycAkmF,459248640,0.45924864,65856
validator_history,HistoryJTGbKQD2mRgLZ3XhqHnN811Qpez8X9kCcGHoa,HFDBwm8oxeoBmo8SEvcXPLjgDTTBXrT7Gd8HXtgVYZ1k,459248640,0.45924864,65856
validator_history,HistoryJTGbKQD2mRgLZ3XhqHnN811Qpez8X9kCcGHoa,J6HWgtBtXJPchLKuh7HRu2YYxtmBHj8Pj7VhmhjuCDTs,459248640,0.45924864,65856
validator_history,HistoryJTGbKQD2mRgLZ3XhqHnN811Qpez8X9kCcGHoa,Hm1exkZZ5WtLDj2FC6gYcfQ8Ysyq3LZQgeiSjF7BWeSQ,459248640,0.45924864,65856
validator_history,HistoryJTGbKQD2mRgLZ3XhqHnN811Qpez8X9kCcGHoa,H2LyakKx7sL5JWvHj5u6zbqSddwuK3sQRsue796MupM6,459248640,0.45924864,65856
validator_history,HistoryJTGbKQD2mRgLZ3XhqHnN811Qpez8X9kCcGHoa,3Y9UCi6zg6MPYSCR3tkRBg1HFySQSDJjbAsnoLmmi4wW,459248640,0.45924864,65856
validator_history,HistoryJTGbKQD2mRgLZ3XhqHnN811Qpez8X9kCcGHoa,A6oMEVcqexk1nkdY7WRyHEWcYYuBFvutT7hbek5gbcVh,459248640,0.45924864,65856
validator_history,HistoryJTGbKQD2mRgLZ3XhqHnN811Qpez8X9kCcGHoa,EBdjwmxWPhFHnFYU4kjkCGEAoKMQQeK4s6c7puRjeK6F,459248640,0.45924864,65856
validator_history,HistoryJTGbKQD2mRgLZ3XhqHnN811Qpez8X9kCcGHoa,5feJ9S6hPhP7YmVJt2TSbjNsg5UqZZam7gq4g7FFotZv,459248640,0.45924864,65856
validator_history,HistoryJTGbKQD2mRgLZ3XhqHnN811Qpez8X9kCcGHoa,EvCkyU79GpQ4T9nt124HEdgSUeCzACsjrxjxbK6AT8aq,459248640,0.45924864,65856
validator_history,HistoryJTGbKQD2mRgLZ3XhqHnN811Qpez8X9kCcGHoa,4JfCcwjQJSfuwTwe2XsG2n7wt5otG2KAjAfEP2hJQNAB,459248640,0.45924864,65856
validator_history,HistoryJTGbKQD2mRgLZ3XhqHnN811Qpez8X9kCcGHoa,9PNvfCBaxV4RVqZpJHmctLaxihDSxqXLha64ZgcgtHv1,459248640,0.45924864,65856
validator_history,HistoryJTGbKQD2mRgLZ3XhqHnN811Qpez8X9kCcGHoa,ELN4P2NBaq2R8712M9nUfarQZwVScqYnBNy36YSXA5ue,459248640,0.45924864,65856
validator_history,HistoryJTGbKQD2mRgLZ3XhqHnN811Qpez8X9kCcGHoa,BExJqA5Hdn2abBe8Uyk9JNbjMuLh2QCYuo8NE1sYU58K,459248640,0.45924864,65856
validator_history,HistoryJTGbKQD2mRgLZ3XhqHnN811Qpez8X9kCcGHoa,DyGTvZDa66BHJpYxzQiSh9dFApXvuR7v9KiZHw6vgidh,459248640,0.45924864,65856
validator_history,HistoryJTGbKQD2mRgLZ3XhqHnN811Qpez8X9kCcGHoa,GFzYg5gGJQ1pWotw2uwZ6qyMCQbPqKLVXv5eQhRpB7jk,459248640,0.45924864,65856
validator_history,HistoryJTGbKQD2mRgLZ3XhqHnN811Qpez8X9kCcGHoa,HR6CxnFvsWmoM9RRgE1CCZovY8rjvANRNhSbt8b9qzu7,459248640,0.45924864,65856
validator_history,HistoryJTGbKQD2mRgLZ3XhqHnN811Qpez8X9kCcGHoa,HjfZLy49eb2ndRXkN5uRTwgYkU4T2BF9BXptRHEdnbhi,459248640,0.45924864,65856
validator_history,HistoryJTGbKQD2mRgLZ3XhqHnN811Qpez8X9kCcGHoa,3dYfRA7pg1pSYkHA9Cua4gv3SsQaTfCxJYNvJnwfdSNB,459248640,0.45924864,65856
validator_history,HistoryJTGbKQD2mRgLZ3XhqHnN811Qpez8X9kCcGHoa,2M8TKGueL9BC5JejAbm4fU9q9jS1qVKRGGGNtP3db6p5,459248640,0.45924864,65856
validator_history,HistoryJTGbKQD2mRgLZ3XhqHnN811Qpez8X9kCcGHoa,8znM3q8hJZFcGKFcbZGq66XkW9ai3ojo8LpKpCHkgw71,459248640,0.45924864,65856
validator_history,HistoryJTGbKQD2mRgLZ3XhqHnN811Qpez8X9kCcGHoa,FsRysbmuRfNh9GRUnwLiCTBYUwezNe6xMMjjHFTbiA1y,459248640,0.45924864,65856
validator_history,HistoryJTGbKQD2mRgLZ3XhqHnN811Qpez8X9kCcGHoa,2J6wbi9Wt5PHSghXqmP94cvYVea3ZBMDmqnZ5K51V7xN,459248640,0.45924864,65856
validator_history,HistoryJTGbKQD2mRgLZ3XhqHnN811Qpez8X9kCcGHoa,AMcprRdDipJQpddPwwCX3GRSSwF5dQSsGiUrqjxaZ25w,459248640,0.45924864,65856
validator_history,HistoryJTGbKQD2mRgLZ3XhqHnN811Qpez8X9kCcGHoa,3AJj8nXwrWbuGukjZvgqi6tAdqWeUEAaHXF2nPPU4P9G,459248640,0.45924864,65856
validator_history,HistoryJTGbKQD2mRgLZ3XhqHnN811Qpez8X9kCcGHoa,BnFhWf4cGXxVRauhz9L4gWLUwgPCP8Xei9F5GuaK2NGw,459248640,0.45924864,65856
validator_history,HistoryJTGbKQD2mRgLZ3XhqHnN811Qpez8X9kCcGHoa,9JGYsZorzzFDyLNFeZCvHuK8uy4Ef3dFU3rG6EBKqTm8,459248640,0.45924864,65856
validator_history,HistoryJTGbKQD2mRgLZ3XhqHnN811Qpez8X9kCcGHoa,2XSodbwVW1oND8LrT7qCaAPQZfXXzKieXApLcKh91x5d,459248640,0.45924864,65856
validator_history,HistoryJTGbKQD2mRgLZ3XhqHnN811Qpez8X9kCcGHoa,GFqkhLyJKtXaBc2F5zqUXLPveYvDSxLBNLEooEEHUh6o,459248640,0.45924864,65856
validator_history,HistoryJTGbKQD2mRgLZ3XhqHnN811Qpez8X9kCcGHoa,2CASmr51q3qVi99zra9kAzk2Zxwcvsj6Ze9e3RXzBYBe,459248640,0.45924864,65856
validator_history,HistoryJTGbKQD2mRgLZ3XhqHnN811Qpez8X9kCcGHoa,5qRC8NCJ4kvGHnXbX6GXFd2VBDNnTEexVaCSzKE7ZWTD,459248640,0.45924864,65856
validator_history,HistoryJTGbKQD2mRgLZ3XhqHnN811Qpez8X9kCcGHoa,5RfKPmYTLRcRZt9mg5qGqEfXEeK2ALMBgjntAvGvLuSr,459248640,0.45924864,65856
validator_history,HistoryJTGbKQD2mRgLZ3XhqHnN811Qpez8X9kCcGHoa,6ubErQXhoDCyfbUHakabxd8vZmPPP72xT6pysHpXkPp,459248640,0.45924864,65856
validator_history,HistoryJTGbKQD2mRgLZ3XhqHnN811Qpez8X9kCcGHoa,wkU1fuAkYD7zjGnS3hSVBCSqCd93ocfGJEV1HY8df2D,459248640,0.45924864,65856
validator_history,HistoryJTGbKQD2mRgLZ3XhqHnN811Qpez8X9kCcGHoa,6LifL6C2vPFptFT8cLZnjn7Hy57weKRiyWGdPN4WV64S,459248640,0.45924864,65856
validator_history,HistoryJTGbKQD2mRgLZ3XhqHnN811Qpez8X9kCcGHoa,BNgCG3e5xh52tkBBuWMPMjNanPimTVMNdsTjG6v2e7uC,459248640,0.45924864,65856
validator_history,HistoryJTGbKQD2mRgLZ3XhqHnN811Qpez8X9kCcGHoa,99VDCfNQBK72KoS8Y4m25orGrmUuwebetLRaNrE2ci1z,459248640,0.45924864,65856
validator_history,HistoryJTGbKQD2mRgLZ3XhqHnN811Qpez8X9kCcGHoa,CHFeNakFGk72NeCdLvgjRnyRckdLAQCSLSiwRhWCdPQL,459248640,0.45924864,65856
validator_history,HistoryJTGbKQD2mRgLZ3XhqHnN811Qpez8X9kCcGHoa,4km3b2D8aYghNzXcejvQGUGxRWEZMqFofDZ9fKWbmmvV,459248640,0.45924864,65856
validator_history,HistoryJTGbKQD2mRgLZ3XhqHnN811Qpez8X9kCcGHoa,FUxHi6ufrnQXrdugB8mXuyDm9xRCXTHhXGb2J9ScRTad,459248640,0.45924864,65856
validator_history,HistoryJTGbKQD2mRgLZ3XhqHnN811Qpez8X9kCcGHoa,KRGfGeZRr8G1j4JeE189qGuuahkRXG7k24dcsAvdUcp,459248640,0.45924864,65856
validator_history,HistoryJTGbKQD2mRgLZ3XhqHnN811Qpez8X9kCcGHoa,CXAm3gLqruJWhuAvtVnM8JPG6dTB2u3TC9RPKHM3vBBf,459248640,0.45924864,65856
validator_history,HistoryJTGbKQD2mRgLZ3XhqHnN811Qpez8X9kCcGHoa,FNEqUNdHujVfiNXcXLJMGTsgR2pcMFkKK1a4ratMgoi8,459248640,0.45924864,65856
validator_history,HistoryJTGbKQD2mRgLZ3XhqHnN811Qpez8X9kCcGHoa,HMf3FTHRTuTnDQMAHhsmhd17Jq2uk52bnBKfC6UoPWLZ,459248640,0.45924864,65856
validator_history,HistoryJTGbKQD2mRgLZ3XhqHnN811Qpez8X9kCcGHoa,8jNP5xNNfGBWdtYETobWpdxhfSNuuYqZHX7WbCmweroZ,459248640,0.45924864,65856
validator_history,HistoryJTGbKQD2mRgLZ3XhqHnN811Qpez8X9kCcGHoa,EZF1djkq6BCjrYcJ8L4iQ5Lkz3ZVt2vBFZF2JyemfDiU,459248640,0.45924864,65856
validator_history,HistoryJTGbKQD2mRgLZ3XhqHnN811Qpez8X9kCcGHoa,22NDRpBZLdpAnCCX2KYNY5BUVTd5Qn9eBF4TcTidnjDF,459248640,0.45924864,65856
validator_history,HistoryJTGbKQD2mRgLZ3XhqHnN811Qpez8X9kCcGHoa,2PcqjHBJBZtZ6hJDABSbCDcDyJ6eqqa5TCFjUzoJBHuc,459248640,0.45924864,65856
validator_history,HistoryJTGbKQD2mRgLZ3XhqHnN811Qpez8X9kCcGHoa,FFmMiqQf149aStYb27roZLpgDQuhvS538AHjNZgYpZ4a,459248640,0.45924864,65856
validator_history,HistoryJTGbKQD2mRgLZ3XhqHnN811Qpez8X9kCcGHoa,GsbdzTnYSMDsrW4QzazBjy12HworwQJdTncserSup22f,459248640,0.45924864,65856
validator_history,HistoryJTGbKQD2mRgLZ3XhqHnN811Qpez8X9kCcGHoa,HWW6UfqFixvsfbxHbr38pjZFPm3Vwo76WerSzaQyhHUy,459248640,0.45924864,65856
validator_history,HistoryJTGbKQD2mRgLZ3XhqHnN811Qpez8X9kCcGHoa,2eXqtgfej6hqYR4NG2ZHgWyfLTC8kPwbMCWQRqrshhta,459248640,0.45924864,65856
validator_history,HistoryJTGbKQD2mRgLZ3XhqHnN811Qpez8X9kCcGHoa,B3TZPkG4aPrzRW9JsEkp4VfTMp8BZ6RLfaxJgmDMdMna,459248640,0.45924864,65856
validator_history,HistoryJTGbKQD2mRgLZ3XhqHnN811Qpez8X9kCcGHoa,FnskvNGoir2Py1zimSbqV6iGLxQJ1Hd9MERAeRjb34xt,459248640,0.45924864,65856
validator_history,HistoryJTGbKQD2mRgLZ3XhqHnN811Qpez8X9kCcGHoa,BkZo56kMq5aL2xvZFnS1U5HYsYWN2oeDmuYYxXE1DRBg,459248640,0.45924864,65856
validator_history,HistoryJTGbKQD2mRgLZ3XhqHnN811Qpez8X9kCcGHoa,HS9zFGtdQ24LjTtQETarTwU5YLtp5fu3v6HJ8Fpxk4Yi,459248640,0.45924864,65856
validator_history,HistoryJTGbKQD2mRgLZ3XhqHnN811Qpez8X9kCcGHoa,4rvqpUAAKyhMm7v2UCac2bcUabZXyU7kkxmm8BGzhZMN,459248640,0.45924864,65856
validator_history,HistoryJTGbKQD2mRgLZ3XhqHnN811Qpez8X9kCcGHoa,C3mB7sPd1Zk7ZkL2MevEj4CRC59X36gDTeiAbBT1h67Y,459248640,0.45924864,65856
validator_history,HistoryJTGbKQD2mRgLZ3XhqHnN811Qpez8X9kCcGHoa,EbTZj4pgoesZ5y7Xg19mLdRH2R8XuupYNZc3gMwM79PG,459248640,0.45924864,65856
validator_history,HistoryJTGbKQD2mRgLZ3XhqHnN811Qpez8X9kCcGHoa,3tFcwxgYr6NGfJ54oU5jAVbqpLesma6kkBEPeYtUs891,459248640,0.45924864,65856
validator_history,HistoryJTGbKQD2mRgLZ3XhqHnN811Qpez8X9kCcGHoa,5w45FWV1vJVg8qxhognsA1hCbnju2CJ4vGFtB1YBWFQG,459248640,0.45924864,65856
validator_history,HistoryJTGbKQD2mRgLZ3XhqHnN811Qpez8X9kCcGHoa,DU7z6c4jqReRDzpGfzXZwpEEWpefimpk8xHjE48BZhmR,459248640,0.45924864,65856
validator_history,HistoryJTGbKQD2mRgLZ3XhqHnN811Qpez8X9kCcGHoa,Bt7g6EDb2R7ynydSsXP6tLHavyikGvgyCy2Pw1XonGrg,459248640,0.45924864,65856
validator_history,HistoryJTGbKQD2mRgLZ3XhqHnN811Qpez8X9kCcGHoa,3wwULqWPZJYjAUDGGBEEmtTuY1VdCLypoqmY16nmMxTT,459248640,0.45924864,65856
validator_history,HistoryJTGbKQD2mRgLZ3XhqHnN811Qpez8X9kCcGHoa,CXoTUYvgfoGxirM7bLznozdS42TLsJvqD72xEVCCFnes,459248640,0.45924864,65856
validator_history,HistoryJTGbKQD2mRgLZ3XhqHnN811Qpez8X9kCcGHoa,GZZ5btZADwJqZY88iYQRpB8WoQKyuK4g3zoKfG7SEoSj,459248640,0.45924864,65856
validator_history,HistoryJTGbKQD2mRgLZ3XhqHnN811Qpez8X9kCcGHoa,JDiHKsjSb1KCQtxgWPgCuYuRziLGCxavBtDiutaL14UG,459248640,0.45924864,65856
validator_history,HistoryJTGbKQD2mRgLZ3XhqHnN811Qpez8X9kCcGHoa,4aD3K6LKfP76T3PV3VAWzPEue3KoVhdG1tEPFgVuGK74,459248640,0.45924864,65856
validator_history,HistoryJTGbKQD2mRgLZ3XhqHnN811Qpez8X9kCcGHoa,71xopQgGEvmoUM2yaGw9jNoV4yh7PmpTsKnKeM5943E,459248640,0.45924864,65856
validator_history,HistoryJTGbKQD2mRgLZ3XhqHnN811Qpez8X9kCcGHoa,DCdz28XfSCPoNGtimRFqtxXWmvqhGSx5QCDNbnZgM1aa,459248640,0.45924864,65856
validator_history,HistoryJTGbKQD2mRgLZ3XhqHnN811Qpez8X9kCcGHoa,Hiw5Mhw41JQxBSzAWbaFGJREAoMFj4V1bxbcYR31muBt,459248640,0.45924864,65856
validator_history,HistoryJTGbKQD2mRgLZ3XhqHnN811Qpez8X9kCcGHoa,CgYw8zGyQ8yGLDkV4Pp1pTxGH56qgjxpHaiJWsNsh8aC,459248640,0.45924864,65856
validator_history,HistoryJTGbKQD2mRgLZ3XhqHnN811Qpez8X9kCcGHoa,8HAVz2MR92xTXQCPCdoo3XX4g8wo9f77GWY5cRVRrvo9,459248640,0.45924864,65856
validator_history,HistoryJTGbKQD2mRgLZ3XhqHnN811Qpez8X9kCcGHoa,wh5WN5u1hQ2GVfz1wDNL3ieaqYpDCr9HLWXGaYsBu8r,459248640,0.45924864,65856
validator_history,HistoryJTGbKQD2mRgLZ3XhqHnN811Qpez8X9kCcGHoa,CTgkJoZ7ytdp6TYUTcHaVEoBNBxF3eawrPDhs8Gk5R5w,459248640,0.45924864,65856
validator_history,HistoryJTGbKQD2mRgLZ3XhqHnN811Qpez8X9kCcGHoa,ASL2cWMrrLpAkNY7A4G3ePMv9XM33PncVBpdfXnngBqu,459248640,0.45924864,65856
validator_history,HistoryJTGbKQD2mRgLZ3XhqHnN811Qpez8X9kCcGHoa,BmzxFKSTTNcnbrJEuMGcteusmWhKtqqbKH8ULBMKthHR,459248640,0.45924864,65856
validator_history,HistoryJTGbKQD2mRgLZ3XhqHnN811Qpez8X9kCcGHoa,J2DeXe6UZKvH4cDA9vcBTVHP5qAgM5WasBLeMV8fgGrv,459248640,0.45924864,65856
validator_history,HistoryJTGbKQD2mRgLZ3XhqHnN811Qpez8X9kCcGHoa,BtzHMyZovb2APTdJy1D4GWspVaa9Ga9kKvbRB7qs2vc4,459248640,0.45924864,65856
validator_history,HistoryJTGbKQD2mRgLZ3XhqHnN811Qpez8X9kCcGHoa,B2pnDaistsb6hfSa7BYtog9s5SSG2B66zyJ8kcf1jJ2r,459248640,0.45924864,65856
validator_history,HistoryJTGbKQD2mRgLZ3XhqHnN811Qpez8X9kCcGHoa,8uaHQnLhUcK1wqoQnMKFFCBv9tvGN2T9qx17eXvLFBBs,459248640,0.45924864,65856
validator_history,HistoryJTGbKQD2mRgLZ3XhqHnN811Qpez8X9kCcGHoa,HX3CDf5PPjHJ4iEtsg7WY5b9LG5HhGQCv1ETbbAarwfx,459248640,0.45924864,65856
validator_history,HistoryJTGbKQD2mRgLZ3XhqHnN811Qpez8X9kCcGHoa,vH87GrdWrX8pFQQXFL1JcGPm5Nw45c6KoXDGyLYq1gz,459248640,0.45924864,65856
validator_history,HistoryJTGbKQD2mRgLZ3XhqHnN811Qpez8X9kCcGHoa,27jqn5VDwbdkoMAkb91MLBur2JPZYjhQ1CLNwUfx1Mik,459248640,0.45924864,65856
validator_history,HistoryJTGbKQD2mRgLZ3XhqHnN811Qpez8X9kCcGHoa,D6uxD1ds342ff1kFnTfga5VZvcvBZAZKUxoRZwwfFac8,459248640,0.45924864,65856
validator_history,HistoryJTGbKQD2mRgLZ3XhqHnN811Qpez8X9kCcGHoa,ExoN8Q9RUUE5mpjTakaRx2PUtuGzH28JgkntJZ4sX7Qc,459248640,0.45924864,65856
validator_history,HistoryJTGbKQD2mRgLZ3XhqHnN811Qpez8X9kCcGHoa,DyDbXeJJis2vWCmbX6PfHd6iKodvL8j1rToczQANqwju,459248640,0.45924864,65856
validator_history,HistoryJTGbKQD2mRgLZ3XhqHnN811Qpez8X9kCcGHoa,253gwrJKDLdQnDdWYa6NFdD7ePjwH5CZKZhCLdSxkuMr,459248640,0.45924864,65856
validator_history,HistoryJTGbKQD2mRgLZ3XhqHnN811Qpez8X9kCcGHoa,2fPUwndt7Tt2ovKVvgd7B6VJqi3qvMQ64SRgZWuxa5sX,459248640,0.45924864,65856
validator_history,HistoryJTGbKQD2mRgLZ3XhqHnN811Qpez8X9kCcGHoa,HXtwcaU7QgramGRhaQsF3yVx9ptgJBCTqSyLFVpU2vF7,459248640,0.45924864,65856
validator_history,HistoryJTGbKQD2mRgLZ3XhqHnN811Qpez8X9kCcGHoa,7CjSG6zpQrcW2GgdSJnr3pYRVe4FAQ5KZP8hHU1rwj9D,459248640,0.45924864,65856
validator_history,HistoryJTGbKQD2mRgLZ3XhqHnN811Qpez8X9kCcGHoa,FDoNsYGpjN7PoEy8i3nCAgo8ytA4a4K6gj3TE22b7Nsc,459248640,0.45924864,65856
validator_history,HistoryJTGbKQD2mRgLZ3XhqHnN811Qpez8X9kCcGHoa,AypB2tkCXFubbwTnWxdHJHv7hNRiGP1Mzg7zRuyEgpsV,459248640,0.45924864,65856
validator_history,HistoryJTGbKQD2mRgLZ3XhqHnN811Qpez8X9kCcGHoa,5q9SuGXnTJJrwnGLWqTDaT9gHD6nG6UraCSS2dMvPSjQ,459248640,0.45924864,65856
validator_history,HistoryJTGbKQD2mRgLZ3XhqHnN811Qpez8X9kCcGHoa,DJRc121qPPRrR1Ba7K5zRxcKFdwAs6GbDYK2QZyxK6fU,459248640,0.45924864,65856
validator_history,HistoryJTGbKQD2mRgLZ3XhqHnN811Qpez8X9kCcGHoa,5XRsT5y1Qs1QEvnVPrbDn25VzLnKmrXvYwmxk5eQb7b,459248640,0.45924864,65856
validator_history,HistoryJTGbKQD2mRgLZ3XhqHnN811Qpez8X9kCcGHoa,BBSzB14NnmzQTYjutTrV16UpbApYzPiGaEzhyHdNt72N,459248640,0.45924864,65856
validator_history,HistoryJTGbKQD2mRgLZ3XhqHnN811Qpez8X9kCcGHoa,FN6u8ThwmJZCPvoX8XDvvJ5WXbqE4uuXxHvoqw2Jo6Wn,459248640,0.45924864,65856
validator_history,HistoryJTGbKQD2mRgLZ3XhqHnN811Qpez8X9kCcGHoa,A2SAzXBb9uZbA9Mn4sSHemEJUS8YU677vXTNMW1Y7XrM,459248640,0.45924864,65856
validator_history,HistoryJTGbKQD2mRgLZ3XhqHnN811Qpez8X9kCcGHoa,EGtGp8utqARA49TXCqvGKjAf1dL4Lt6ZWW1GCwUY2a67,459248640,0.45924864,65856
validator_history,HistoryJTGbKQD2mRgLZ3XhqHnN811Qpez8X9kCcGHoa,7pTRYEDfQTsXy9QVwgyn3PWLXQRwXDRMRWeYUy87r2ve,459248640,0.45924864,65856
validator_history,HistoryJTGbKQD2mRgLZ3XhqHnN811Qpez8X9kCcGHoa,DenQSy9f269BhD7DVEj2MaQ6bNGcMDUSJQA2Dw56o7Rn,459248640,0.45924864,65856
validator_history,HistoryJTGbKQD2mRgLZ3XhqHnN811Qpez8X9kCcGHoa,4AYeVu5y5GZNmjrS9VhvV7xmgSC72QvXm3AYyw5Yme2W,459248640,0.45924864,65856
validator_history,HistoryJTGbKQD2mRgLZ3XhqHnN811Qpez8X9kCcGHoa,NJAHiDXD5LY6V7yV7VysqhVRhReABupe1s7tMwJrfw7,459248640,0.45924864,65856
validator_history,HistoryJTGbKQD2mRgLZ3XhqHnN811Qpez8X9kCcGHoa,DwqE5CexCqAbgB1DxHmVErv6pR11Mosd2e2XKs8CfraF,459248640,0.45924864,65856
validator_history,HistoryJTGbKQD2mRgLZ3XhqHnN811Qpez8X9kCcGHoa,44yeugxJsSfbPM6UMKfzm5C3NNCUt8uFQ52i2V1xoZUD,459248640,0.45924864,65856
validator_history,HistoryJTGbKQD2mRgLZ3XhqHnN811Qpez8X9kCcGHoa,A7L8qNK35ohYyKxB5gSwiy5hALtuCLkGSzkoS6EbgZf9,459248640,0.45924864,65856
validator_history,HistoryJTGbKQD2mRgLZ3XhqHnN811Qpez8X9kCcGHoa,B4Dm8GYNKtdwMjPH7wHp6QepEf5q6ceH6nyrsubbqVdB,459248640,0.45924864,65856
validator_history,HistoryJTGbKQD2mRgLZ3XhqHnN811Qpez8X9kCcGHoa,GrYVvAsGhvrVSnwB5AaJdynXx5HWNe1x6yHBMWDbt2Sw,459248640,0.45924864,65856
validator_history,HistoryJTGbKQD2mRgLZ3XhqHnN811Qpez8X9kCcGHoa,FBkDgthsg1qhcgrRMtWfmVWkD41EPjtMiGK9boN3CLUX,459248640,0.45924864,65856
validator_history,HistoryJTGbKQD2mRgLZ3XhqHnN811Qpez8X9kCcGHoa,89xzGPk4xDzpqe7PQbXRrEPPrnCe6pYJNanQA7yaBnuU,459248640,0.45924864,65856
validator_history,HistoryJTGbKQD2mRgLZ3XhqHnN811Qpez8X9kCcGHoa,6g9kimKgUpbcG7HMfKP4xa2kVDnev3umXSuDwbXpZmdo,459248640,0.45924864,65856
validator_history,HistoryJTGbKQD2mRgLZ3XhqHnN811Qpez8X9kCcGHoa,2EJhLcjzw75iiK1DvfRXAwtqScPtWnhuNhsavrCKE8Lr,459248640,0.45924864,65856
validator_history,HistoryJTGbKQD2mRgLZ3XhqHnN811Qpez8X9kCcGHoa,7YetBCWUmPT2ELobxV1A9TBQX1gWX6WVFmvjBPaQG8fT,459248640,0.45924864,65856
validator_history,HistoryJTGbKQD2mRgLZ3XhqHnN811Qpez8X9kCcGHoa,37xGJ3LZawC5outzig3uLoixpLzrfrtNvWxXeek7zvd1,459248640,0.45924864,65856
validator_history,HistoryJTGbKQD2mRgLZ3XhqHnN811Qpez8X9kCcGHoa,5jGEMs1ptTm818BypUpYY38W6CSmfrUqBUJjp5buhERu,459248640,0.45924864,65856
validator_history,HistoryJTGbKQD2mRgLZ3XhqHnN811Qpez8X9kCcGHoa,6Tw2VELkgHNAz7i7FBbA4sHY5jVW9dXkMfoD9yRFXYeE,459248640,0.45924864,65856
validator_history,HistoryJTGbKQD2mRgLZ3XhqHnN811Qpez8X9kCcGHoa,6TdqLVgSJSepnGHEyMdQWbTqmvM7svSjddtCWLjiGtKW,459248640,0.45924864,65856
validator_history,HistoryJTGbKQD2mRgLZ3XhqHnN811Qpez8X9kCcGHoa,CLaJYqoVSEn5YzuxF1W5ZzCRTGYwguCphphfWwJwRtu5,459248640,0.45924864,65856
validator_history,HistoryJTGbKQD2mRgLZ3XhqHnN811Qpez8X9kCcGHoa,CYjwoDk2DfkP7nVG3634NCN18ZpXr2GMN7rUFmWcmM36,459248640,0.45924864,65856
validator_history,HistoryJTGbKQD2mRgLZ3XhqHnN811Qpez8X9kCcGHoa,46zwddrWW2YM8hf395M8vAQBDR5YATNbJEy2Rsa7wrQN,459248640,0.45924864,65856
validator_history,HistoryJTGbKQD2mRgLZ3XhqHnN811Qpez8X9kCcGHoa,F5quuqpAZWkYF2MsjDWEX4k6LpENDtFynQ9jh9hWqByV,459248640,0.45924864,65856
validator_history,HistoryJTGbKQD2mRgLZ3XhqHnN811Qpez8X9kCcGHoa,AP7MzTuxeFjcPZsjRfsTPBKRfGhA7PDMVaE4YS8XT6oY,459248640,0.45924864,65856
validator_history,HistoryJTGbKQD2mRgLZ3XhqHnN811Qpez8X9kCcGHoa,AagPqQKkBw86Xz5LBxbwgLH9VDienuHgv1z8PTB9dyyD,459248640,0.45924864,65856
validator_history,HistoryJTGbKQD2mRgLZ3XhqHnN811Qpez8X9kCcGHoa,GfP1zdCGWNdeBHU3ixViz5Ej2DhxBLCbMT1sTCLQUGd9,459248640,0.45924864,65856
validator_history,HistoryJTGbKQD2mRgLZ3XhqHnN811Qpez8X9kCcGHoa,6seVuci6UVZ15edF3jeZoWbyW3dg6s7gnKCtC2uZRK9H,459248640,0.45924864,65856
validator_history,HistoryJTGbKQD2mRgLZ3XhqHnN811Qpez8X9kCcGHoa,w1FJQgX7dvbKKrWUFn5g4AzQn69FJeSK58fugnxbnuC,459248640,0.45924864,65856
validator_history,HistoryJTGbKQD2mRgLZ3XhqHnN811Qpez8X9kCcGHoa,DLsiT7FyLd5vvYXYkWwVF68VgLDiGzfT53bPRsVxQAMZ,459248640,0.45924864,65856
validator_history,HistoryJTGbKQD2mRgLZ3XhqHnN811Qpez8X9kCcGHoa,5LpryskkWjuKhZeA3qRBn6rS6Cggs73Drgy6d4QZWL9z,459248640,0.45924864,65856
validator_history,HistoryJTGbKQD2mRgLZ3XhqHnN811Qpez8X9kCcGHoa,8yZa1TNYEBJPVFpvEVKLgxB99MPKZSK4T3NgfmChxzuW,459248640,0.45924864,65856
validator_history,HistoryJTGbKQD2mRgLZ3XhqHnN811Qpez8X9kCcGHoa,9pHCoXRoptBRg9yJNtD9PUR2jqBHX1Uo5Fk7t5vopLv9,459248640,0.45924864,65856
validator_history,HistoryJTGbKQD2mRgLZ3XhqHnN811Qpez8X9kCcGHoa,HJX3si5spD5xaCxj4VtHqGnMiKJWSrRi2VZyjScdJksG,459248640,0.45924864,65856
validator_history,HistoryJTGbKQD2mRgLZ3XhqHnN811Qpez8X9kCcGHoa,2iCFuTmSrPNbdBuXrLHKa8Ph3JGuLXB1JvVBedgrq6eR,459248640,0.45924864,65856
validator_history,HistoryJTGbKQD2mRgLZ3XhqHnN811Qpez8X9kCcGHoa,EyStpLBYmUpJ8CGfEHw2SBwHeB2HSPZqpk9jkgGvGY6W,459248640,0.45924864,65856
validator_history,HistoryJTGbKQD2mRgLZ3XhqHnN811Qpez8X9kCcGHoa,2hyeZUVzDQj8Yir2YQDaAya1vynGWRVrxkKR2rDFtGC3,459248640,0.45924864,65856
validator_history,HistoryJTGbKQD2mRgLZ3XhqHnN811Qpez8X9kCcGHoa,C1MUN17qm4dT3XBkjmVmPoyME473DCV5z8zHVAm47bfe,459248640,0.45924864,65856
validator_history,HistoryJTGbKQD2mRgLZ3XhqHnN811Qpez8X9kCcGHoa,59zT5DfSgYp6etqUuKrFsKKqb9pr8rkEp6WfMZXPiqhP,459248640,0.45924864,65856
validator_history,HistoryJTGbKQD2mRgLZ3XhqHnN811Qpez8X9kCcGHoa,5hZYYYjW29dedaZyMfwfmzDhtXjDq5VPndr5MvJdNNEu,459248640,0.45924864,65856
validator_history,HistoryJTGbKQD2mRgLZ3XhqHnN811Qpez8X9kCcGHoa,EAtz2XGGqm1GCFL6GUrDAhGuHm4evmC8kWEPqYGA6Dtc,459248640,0.45924864,65856
validator_history,HistoryJTGbKQD2mRgLZ3XhqHnN811Qpez8X9kCcGHoa,BGn5queJwo87HdARMNch9TkF1qBLzLWTn72zD2Fr49rt,459248640,0.45924864,65856
validator_history,HistoryJTGbKQD2mRgLZ3XhqHnN811Qpez8X9kCcGHoa,5a2AznwNWkokPX98DLiXuZqnC843kQrRw5aNzBQXKYC4,459248640,0.45924864,65856
validator_history,HistoryJTGbKQD2mRgLZ3XhqHnN811Qpez8X9kCcGHoa,5iMSQcGKBhjhJ2rLXYDnSiCFu1W4PaxCPadp5XySPKn6,459248640,0.45924864,65856
validator_history,HistoryJTGbKQD2mRgLZ3XhqHnN811Qpez8X9kCcGHoa,37pYfQF89f553rX6AsAUcvsFtzR8x9wJSrXrYQhuaE2t,459248640,0.45924864,65856
validator_history,HistoryJTGbKQD2mRgLZ3XhqHnN811Qpez8X9kCcGHoa,CEBQE5agwgTagYpCnBbWy3X3gNTFz1TwG8WMky82Xp7a,459248640,0.45924864,65856
validator_history,HistoryJTGbKQD2mRgLZ3XhqHnN811Qpez8X9kCcGHoa,8K9A4GCLjtMgaM7CXH8y8441K7ENwMawqVWWKph3rwoe,459248640,0.45924864,65856
validator_history,HistoryJTGbKQD2mRgLZ3XhqHnN811Qpez8X9kCcGHoa,Cb3HwMdrXCGD2qB46C2tLLGYnDVoFhRbKMsz4cPoL2gs,459248640,0.45924864,65856
validator_history,HistoryJTGbKQD2mRgLZ3XhqHnN811Qpez8X9kCcGHoa,GRxgiEZBEEH1matUBznBMVahaZBBMyPPugm2EjLjrVSN,459248640,0.45924864,65856
validator_history,HistoryJTGbKQD2mRgLZ3XhqHnN811Qpez8X9kCcGHoa,CpnitZwyoaBWx3RBdLJT8LBrzRpbMyeAU79QgsNcEZXt,459248640,0.45924864,65856
validator_history,HistoryJTGbKQD2mRgLZ3XhqHnN811Qpez8X9kCcGHoa,GNvyX7MSE9MnoM5etBbqA91GjE5heqmYe4aBYcEQMxtG,459248640,0.45924864,65856
validator_history,HistoryJTGbKQD2mRgLZ3XhqHnN811Qpez8X9kCcGHoa,DngkAKPZMRa15c9iNSV1Cv1bjiLdFVrjCaqcBXqSH2tT,459248640,0.45924864,65856
validator_history,HistoryJTGbKQD2mRgLZ3XhqHnN811Qpez8X9kCcGHoa,aUFa6icv1AaYWfHKk44VU3S5kqEeNYUAyv4zYcBcKXR,459248640,0.45924864,65856
validator_history,HistoryJTGbKQD2mRgLZ3XhqHnN811Qpez8X9kCcGHoa,RGEHJHifCr7ta1j91shGrBbaW7vvysM4zg7p8EsvjAE,459248640,0.45924864,65856
validator_history,HistoryJTGbKQD2mRgLZ3XhqHnN811Qpez8X9kCcGHoa,5zTRDwJLtLKRSpXPbCgm2WRtuMMrJZ4v463nhj8m1Wcy,459248640,0.45924864,65856
validator_history,HistoryJTGbKQD2mRgLZ3XhqHnN811Qpez8X9kCcGHoa,BrJbw5CPc5c6k2HTYWLrkWS5v5cRTfHefwihwcYWzWyn,459248640,0.45924864,65856
validator_history,HistoryJTGbKQD2mRgLZ3XhqHnN811Qpez8X9kCcGHoa,FWFyrn1N6e8t55vrtGd67v7EMpRV36w3gcEibjp1C2XS,459248640,0.45924864,65856
validator_history,HistoryJTGbKQD2mRgLZ3XhqHnN811Qpez8X9kCcGHoa,3BZgAZv4jPKQSF5oz9Hv8vyxVhhgEi7NAkeDJ2DhW9eo,459248640,0.45924864,65856
validator_history,HistoryJTGbKQD2mRgLZ3XhqHnN811Qpez8X9kCcGHoa,AE1kyWCmiQgaTKzxg1phzqv2PtsW25gno2Kny8s4At2c,459248640,0.45924864,65856
validator_history,HistoryJTGbKQD2mRgLZ3XhqHnN811Qpez8X9kCcGHoa,EWWYCfZhkBYeZxbGM6C5rL7YHipWMpY7Lm8GnGPqZVmc,459248640,0.45924864,65856
validator_history,HistoryJTGbKQD2mRgLZ3XhqHnN811Qpez8X9kCcGHoa,J25Q4jdhj8JTemSct275EyqjJSXaQZceZy3neZ5t1nWA,459248640,0.45924864,65856
validator_history,HistoryJTGbKQD2mRgLZ3XhqHnN811Qpez8X9kCcGHoa,Gmek4obAVgXJik8cxUuXZqhDPjoX3aRLYWp6gsQKvxam,459248640,0.45924864,65856
validator_history,HistoryJTGbKQD2mRgLZ3XhqHnN811Qpez8X9kCcGHoa,FUoCHxe2C1SLAXLetNnYbdpiQgw4Fru53u2otFqpYskK,459248640,0.45924864,65856
validator_history,HistoryJTGbKQD2mRgLZ3XhqHnN811Qpez8X9kCcGHoa,EcgWeyjomd4yjriz1sLLhRHRckSQqfwyE9sCDYXEGeg6,459248640,0.45924864,65856
validator_history,HistoryJTGbKQD2mRgLZ3XhqHnN811Qpez8X9kCcGHoa,9tD9RceQXsTx9J32Bp5QQRnFU6xfoNbw6RGcYdJxn6tP,459248640,0.45924864,65856
validator_history,HistoryJTGbKQD2mRgLZ3XhqHnN811Qpez8X9kCcGHoa,25yMPpxweEKeFY7L4ZcHM6gMPFiXWwhRNRZ9nM4EDmjo,459248640,0.45924864,65856
validator_history,HistoryJTGbKQD2mRgLZ3XhqHnN811Qpez8X9kCcGHoa,AAhdC8uRQNWzMUfb1iNbxJe74bxCPcSatAsob8N2hmcM,459248640,0.45924864,65856
validator_history,HistoryJTGbKQD2mRgLZ3XhqHnN811Qpez8X9kCcGHoa,G4Y4cz4RwwLk74ERpN9bbseMbAKe8rY1de4E54KbFKv5,459248640,0.45924864,65856
validator_history,HistoryJTGbKQD2mRgLZ3XhqHnN811Qpez8X9kCcGHoa,EF8hqmYBVNk8x7HJzvdhVsqr6CB9tQovQzKbuffJuHet,459248640,0.45924864,65856
validator_history,HistoryJTGbKQD2mRgLZ3XhqHnN811Qpez8X9kCcGHoa,FHAxcHweHTKazCWad1ziYFERinQBdLwsn7KKo34UerGg,459248640,0.45924864,65856
validator_history,HistoryJTGbKQD2mRgLZ3XhqHnN811Qpez8X9kCcGHoa,4ftvP63j8L73f1TQzoj1eZQy8UPe1WujT4GyxaBCasaL,459248640,0.45924864,65856
validator_history,HistoryJTGbKQD2mRgLZ3XhqHnN811Qpez8X9kCcGHoa,HG8YK2a3LU6QKZsrRbWijgRbPM7Tiphc5DfyX2RPDsES,459248640,0.45924864,65856
validator_history,HistoryJTGbKQD2mRgLZ3XhqHnN811Qpez8X9kCcGHoa,ELGMWTRrWjc5HgTBRWJzWXH9Kpjx2mRii1pETMxYq5PD,459248640,0.45924864,65856
validator_history,HistoryJTGbKQD2mRgLZ3XhqHnN811Qpez8X9kCcGHoa,6tafaVVVjahQ6JdGbFM3o9KwJ64HGrxveeRHNBRQbKN3,459248640,0.45924864,65856
validator_history,HistoryJTGbKQD2mRgLZ3XhqHnN811Qpez8X9kCcGHoa,BJLm623kUGh4hppfYrWtdKcisw7mcPZoBMG35wgcMEyx,459248640,0.45924864,65856
validator_history,HistoryJTGbKQD2mRgLZ3XhqHnN811Qpez8X9kCcGHoa,6rCwETU4bHQBMiGCoHbggz4M658SHLscfPnK9i5Bc5gC,459248640,0.45924864,65856
validator_history,HistoryJTGbKQD2mRgLZ3XhqHnN811Qpez8X9kCcGHoa,7oJAo4uZVERgxghHpVfwXgEUTiTpLvgUxfQgpXNM5GDL,459248640,0.45924864,65856
validator_history,HistoryJTGbKQD2mRgLZ3XhqHnN811Qpez8X9kCcGHoa,DCFEJMRx1zRrCJKR2DtqRVS5GGsbURPx84n52AbrGJmA,459248640,0.45924864,65856
validator_history,HistoryJTGbKQD2mRgLZ3XhqHnN811Qpez8X9kCcGHoa,98pZkZQoHSTxefg3PfXf8u4e28HazQYSZePbLmejKmni,459248640,0.45924864,65856
validator_history,HistoryJTGbKQD2mRgLZ3XhqHnN811Qpez8X9kCcGHoa,FB68dQGKpxhzkR4HDVBQh6JGJzPwNdfCp6d6B9beFYy2,459248640,0.45924864,65856
validator_history,HistoryJTGbKQD2mRgLZ3XhqHnN811Qpez8X9kCcGHoa,HQ5WPoy7WgAEhhVVhCPEoNPGxqoU5rzwtTYZaGE9wcUK,459248640,0.45924864,65856
validator_history,HistoryJTGbKQD2mRgLZ3XhqHnN811Qpez8X9kCcGHoa,GyP7WuDu7GqXEXDPnAPy1FSBFP7i1NAeCoo5vxxwFtjV,459248640,0.45924864,65856
validator_history,HistoryJTGbKQD2mRgLZ3XhqHnN811Qpez8X9kCcGHoa,9WnEwF3PktHnL21GrdYLS6XZzRqs8orEnuM2G1DVq8xh,459248640,0.45924864,65856
validator_history,HistoryJTGbKQD2mRgLZ3XhqHnN811Qpez8X9kCcGHoa,6nddT3MprWBEXYYC6nbGnhc16x65PyPwT3mBMJCXH7F,459248640,0.45924864,65856
validator_history,HistoryJTGbKQD2mRgLZ3XhqHnN811Qpez8X9kCcGHoa,GernDdqKHLk3RXnTR1ZEScVSARbdJcGaevDYeA5QsrPk,459248640,0.45924864,65856
validator_history,HistoryJTGbKQD2mRgLZ3XhqHnN811Qpez8X9kCcGHoa,95HF38dVHGG9C8b5kH72pZwRJbcVgeA1fLjyerwz29Xm,459248640,0.45924864,65856
validator_history,HistoryJTGbKQD2mRgLZ3XhqHnN811Qpez8X9kCcGHoa,9oxbtSnN3u2DHjtmVDwArhXNBUf6fVxqEkMfNVASCor6,459248640,0.45924864,65856
validator_history,HistoryJTGbKQD2mRgLZ3XhqHnN811Qpez8X9kCcGHoa,DPncZc6N9ghrnUsF6AuYJ7mNoL2cuTQ7UFxoG8DrY3Uw,459248640,0.45924864,65856
validator_history,HistoryJTGbKQD2mRgLZ3XhqHnN811Qpez8X9kCcGHoa,Cd5gpHP1VL1m9rFDAfVbHGJL9gQMitWQUbpGBn7j9sJx,459248640,0.45924864,65856
validator_history,HistoryJTGbKQD2mRgLZ3XhqHnN811Qpez8X9kCcGHoa,7v9u6YyqhYNUiK28qWn2unCy7XwXESVPzVBfKs4Kmj4h,459248640,0.45924864,65856
validator_history,HistoryJTGbKQD2mRgLZ3XhqHnN811Qpez8X9kCcGHoa,HQKn1A5DueCBwJy2ggztdiScCcx9BCAwUPgEZ7JnC7Jg,459248640,0.45924864,65856
validator_history,HistoryJTGbKQD2mRgLZ3XhqHnN811Qpez8X9kCcGHoa,5oyvG7aC5vBYs6SBZJWZ1hFkt9A3fb6PMBRahvY5dd8f,459248640,0.45924864,65856
validator_history,HistoryJTGbKQD2mRgLZ3XhqHnN811Qpez8X9kCcGHoa,DRJUSL9qC4q7JByC3AZUKxqSJrGBbkgz7XoN2em5aCnV,459248640,0.45924864,65856
validator_history,HistoryJTGbKQD2mRgLZ3XhqHnN811Qpez8X9kCcGHoa,FrHJEyd7Vs7gxkfE2wMCGNCrT7gHeQxU6sFrbU5vdgid,459248640,0.45924864,65856
validator_history,HistoryJTGbKQD2mRgLZ3XhqHnN811Qpez8X9kCcGHoa,9kWpx9PtCfmsgP4euxCpmaGSRBmDN1r5focZiZ8Eawvz,459248640,0.45924864,65856
validator_history,HistoryJTGbKQD2mRgLZ3XhqHnN811Qpez8X9kCcGHoa,AsCUMHz2JvbQyy5CVXHHtNtXHViWn2tCXyiUCANgp1hw,459248640,0.45924864,65856
validator_history,HistoryJTGbKQD2mRgLZ3XhqHnN811Qpez8X9kCcGHoa,2bNxA8yTYSwkSH1k5X6S7CNtPfF38MeWdaUdg4EZvUU2,459248640,0.45924864,65856
validator_history,HistoryJTGbKQD2mRgLZ3XhqHnN811Qpez8X9kCcGHoa,4sDk1Rhb8KbeLXiLHyRRAqaNKcKFYjvRCv6wRVWToFm7,459248640,0.45924864,65856
validator_history,HistoryJTGbKQD2mRgLZ3XhqHnN811Qpez8X9kCcGHoa,6frrkDgcCXHjtbAm8PVdzmwTLziQ2mezfyeVprMnZdWe,459248640,0.45924864,65856
validator_history,HistoryJTGbKQD2mRgLZ3XhqHnN811Qpez8X9kCcGHoa,8mGDoKZvbLcmaoUJQRRV3dvQcYFYQnv6ZGV4SeBHPRTU,459248640,0.45924864,65856
validator_history,HistoryJTGbKQD2mRgLZ3XhqHnN811Qpez8X9kCcGHoa,9SR94rjnevqHnqiykxk1WhuzrygtcJ8F3yx9YBsNaEwP,459248640,0.45924864,65856
validator_history,HistoryJTGbKQD2mRgLZ3XhqHnN811Qpez8X9kCcGHoa,8vLNGCH1hNF8vAMzMq372egDXeivwqnYqA7on1xnTUxF,459248640,0.45924864,65856
validator_history,HistoryJTGbKQD2mRgLZ3XhqHnN811Qpez8X9kCcGHoa,uZ75LcAY2ySKyDuLvcZdeZoq4sEeeUBf7Qy4yQUL8Ac,459248640,0.45924864,65856
validator_history,HistoryJTGbKQD2mRgLZ3XhqHnN811Qpez8X9kCcGHoa,58J433xzbfumgd6qQpWQxMTfQrbGi841pY8Jkd26tUK4,459248640,0.45924864,65856
validator_history,HistoryJTGbKQD2mRgLZ3XhqHnN811Qpez8X9kCcGHoa,C7EbgnoXkYgC1Ufz66T7qthb6XpE1c3GMqXWwFSVuWoB,459248640,0.45924864,65856
validator_history,HistoryJTGbKQD2mRgLZ3XhqHnN811Qpez8X9kCcGHoa,9eEQiejsAaFDKsPcJjm3SJKnYgrQxrkThu6Bk3VKDXc7,459248640,0.45924864,65856
validator_history,HistoryJTGbKQD2mRgLZ3XhqHnN811Qpez8X9kCcGHoa,EHSsr3iDGK6h4U2uWEbYAqcbAo2oa9bQgRkiCkzaUGSf,459248640,0.45924864,65856
validator_history,HistoryJTGbKQD2mRgLZ3XhqHnN811Qpez8X9kCcGHoa,6zHYrzMHorAgRRkkDSRz1Xp9MqW21sZtbXCjEdBXErn2,459248640,0.45924864,65856
validator_history,HistoryJTGbKQD2mRgLZ3XhqHnN811Qpez8X9kCcGHoa,TAHz4bRH8tqLwT2U4kDr352rt2TuBstuJW1dkerQ7So,459248640,0.45924864,65856
validator_history,HistoryJTGbKQD2mRgLZ3XhqHnN811Qpez8X9kCcGHoa,Fctc1APVPUxH4nL8CXu6LiXBqmmuM1Po2M3ie73nRrH9,459248640,0.45924864,65856
validator_history,HistoryJTGbKQD2mRgLZ3XhqHnN811Qpez8X9kCcGHoa,DNRu5MvrGCv78JWXrg52F23KKxHCVTfSp6E3wx6NmgVA,459248640,0.45924864,65856
validator_history,HistoryJTGbKQD2mRgLZ3XhqHnN811Qpez8X9kCcGHoa,AGrNWNwKbUBRZ1WFzheW99aTcsqfSUVXgNmz28baPRAv,459248640,0.45924864,65856
validator_history,HistoryJTGbKQD2mRgLZ3XhqHnN811Qpez8X9kCcGHoa,AuyDnyzSjEBeb7VFXMxA5m2ZUjPeyo5aN1jxGK3BJw9P,459248640,0.45924864,65856
validator_history,HistoryJTGbKQD2mRgLZ3XhqHnN811Qpez8X9kCcGHoa,3yhqaFyNA7AUZyhTxuUtUDAR8ayYMPnUnKDXHSCvYYW8,459248640,0.45924864,65856
validator_history,HistoryJTGbKQD2mRgLZ3XhqHnN811Qpez8X9kCcGHoa,9wnWGqdipGPUrUs3y4pxhLsquKiH39arJcsF5XPj2iWv,459248640,0.45924864,65856
validator_history,HistoryJTGbKQD2mRgLZ3XhqHnN811Qpez8X9kCcGHoa,CiStSpeURSijorb1ioZUop3LwR5xw4GvPzCDhumHjLKi,459248640,0.45924864,65856
validator_history,HistoryJTGbKQD2mRgLZ3XhqHnN811Qpez8X9kCcGHoa,GcEDuB7yLpqt511pXbNnR56JkUgxFYmH8uXAwFapDdET,459248640,0.45924864,65856
validator_history,HistoryJTGbKQD2mRgLZ3XhqHnN811Qpez8X9kCcGHoa,4J6b1fZ83b3rEb1L7TQ2zbzczjGrbx9mH7nfQsd3VWsw,459248640,0.45924864,65856
validator_history,HistoryJTGbKQD2mRgLZ3XhqHnN811Qpez8X9kCcGHoa,DL8sf1sJ4mY1Jv8fZJT3K89jHUCC3gwsofCFHWjvFFh8,459248640,0.45924864,65856
validator_history,HistoryJTGbKQD2mRgLZ3XhqHnN811Qpez8X9kCcGHoa,26oPwnCykCC2ramA7J2dTCDs31cvzH5F2tGzohU1KmRf,459248640,0.45924864,65856
validator_history,HistoryJTGbKQD2mRgLZ3XhqHnN811Qpez8X9kCcGHoa,3XkaZ1U6n7vjvHZRyiHYwHaZF9xf9MhwmQ9GpXNA2Zf3,459248640,0.45924864,65856
validator_history,HistoryJTGbKQD2mRgLZ3XhqHnN811Qpez8X9kCcGHoa,243VuQjnC3fz6NWWRNcazu6jRrfsTZg2tVDUsXtu1JQa,459248640,0.45924864,65856
validator_history,HistoryJTGbKQD2mRgLZ3XhqHnN811Qpez8X9kCcGHoa,5KUUD1N5k63uTydzjfE6xseRZ3jAVwmEq55rREKtZSn5,459248640,0.45924864,65856
validator_history,HistoryJTGbKQD2mRgLZ3XhqHnN811Qpez8X9kCcGHoa,3LbfxSogzqNyy6Q9iWiDHGgwStq8cHvzJheweSHYSSBo,459248640,0.45924864,65856
validator_history,HistoryJTGbKQD2mRgLZ3XhqHnN811Qpez8X9kCcGHoa,FszJYtb4B6ZtbiJMPHuVQQmGhgtgfEv1EtnEusPj1Nwc,459248640,0.45924864,65856
validator_history,HistoryJTGbKQD2mRgLZ3XhqHnN811Qpez8X9kCcGHoa,AAyt6RUrjPHeyo7VzHUW2v3jmh39FBSgVYVAmSACGX9j,459248640,0.45924864,65856
validator_history,HistoryJTGbKQD2mRgLZ3XhqHnN811Qpez8X9kCcGHoa,Eb8pF9jMqr8VstL6fcDbp13Rtp6QEHhkZLBHf6Hg23Wd,459248640,0.45924864,65856
validator_history,HistoryJTGbKQD2mRgLZ3XhqHnN811Qpez8X9kCcGHoa,22FVaUwmmm5DSSh28TtnH4KyPWcyoy54dTCVF4tu7iPJ,459248640,0.45924864,65856
validator_history,HistoryJTGbKQD2mRgLZ3XhqHnN811Qpez8X9kCcGHoa,2krQ9Bs1dYvwkQjZxxUnWDPqsJjotPsv2sAaGU9bEkzL,459248640,0.45924864,65856
validator_history,HistoryJTGbKQD2mRgLZ3XhqHnN811Qpez8X9kCcGHoa,HUzv9jnGfeuXABrneZBCf9cN5LtkEb3QVKHZGQGeDW9a,459248640,0.45924864,65856
validator_history,HistoryJTGbKQD2mRgLZ3XhqHnN811Qpez8X9kCcGHoa,AK9tYofQTGrUN7Wmg64FiNwG4aGLEmgRSJvKG6LxfQb3,459248640,0.45924864,65856
validator_history,HistoryJTGbKQD2mRgLZ3XhqHnN811Qpez8X9kCcGHoa,561Fbg2h2YkUx6GD5rY4A5qAywHNSqCedGZBL8UtoiUT,459248640,0.45924864,65856
validator_history,HistoryJTGbKQD2mRgLZ3XhqHnN811Qpez8X9kCcGHoa,7VDTRrQhEmYJ3rK93w4hDUg3m7Mg9kh4SmiGq3gw28Yi,459248640,0.45924864,65856
validator_history,HistoryJTGbKQD2mRgLZ3XhqHnN811Qpez8X9kCcGHoa,8tZPUYyHQTuyyn99E7PYcrmMuBjiUMHp8vZCAoCkuMnq,459248640,0.45924864,65856
validator_history,HistoryJTGbKQD2mRgLZ3XhqHnN811Qpez8X9kCcGHoa,DFFA91E6PHTaBaKMAvw6wkPFGH2yYBrUiqsAkbpmH5NS,459248640,0.45924864,65856
validator_history,HistoryJTGbKQD2mRgLZ3XhqHnN811Qpez8X9kCcGHoa,4Y4J95i8sqsok6wLUP5M9fftBnkUN6FHmTHpVMzWF79B,459248640,0.45924864,65856
validator_history,HistoryJTGbKQD2mRgLZ3XhqHnN811Qpez8X9kCcGHoa,9oMTb3VFBmJvoraNjiBWUE114xNFztvXJdkHr4MAzh4W,459248640,0.45924864,65856
validator_history,HistoryJTGbKQD2mRgLZ3XhqHnN811Qpez8X9kCcGHoa,9tJhaqhQBMBuQ5Qi9bcZ4uFW17KkwVUsqXhPwoRgj8F9,459248640,0.45924864,65856
validator_history,HistoryJTGbKQD2mRgLZ3XhqHnN811Qpez8X9kCcGHoa,6ePWaReV4g6A55Qfz2g5bFher8ZEo941qs2kKHrbPmcA,459248640,0.45924864,65856
validator_history,HistoryJTGbKQD2mRgLZ3XhqHnN811Qpez8X9kCcGHoa,J2bUWbKzrBcpopiNKxNduRZV8uhmQrAxAx2AbRWF3224,459248640,0.45924864,65856
validator_history,HistoryJTGbKQD2mRgLZ3XhqHnN811Qpez8X9kCcGHoa,HVrUzGiErBejdJ6NT9Mav36YheunvCWa5zmXQLXkYM5d,459248640,0.45924864,65856
validator_history,HistoryJTGbKQD2mRgLZ3XhqHnN811Qpez8X9kCcGHoa,BjPsRvfQaW9GeStRrzMMpHQYVEMF3KyW35eoKikLiNY1,459248640,0.45924864,65856
validator_history,HistoryJTGbKQD2mRgLZ3XhqHnN811Qpez8X9kCcGHoa,FA5rRybZLnw2TDcaUGbBPg6eRF5dYrbmyGiwuyHpqtmn,459248640,0.45924864,65856
validator_history,HistoryJTGbKQD2mRgLZ3XhqHnN811Qpez8X9kCcGHoa,4XQRSK8WToT3yaLjc34eMwmEaNbRevEwE7V5Aj4CiEhA,459248640,0.45924864,65856
validator_history,HistoryJTGbKQD2mRgLZ3XhqHnN811Qpez8X9kCcGHoa,3Mfs8ZCprDQCZqRF2VHkAPbKLPU3jGncQPcuWMFPgHg9,459248640,0.45924864,65856
validator_history,HistoryJTGbKQD2mRgLZ3XhqHnN811Qpez8X9kCcGHoa,31DA5UxHkQKZkD1HaLSWMQtm7ccX7uAvPYEfBcbqprin,459248640,0.45924864,65856
validator_history,HistoryJTGbKQD2mRgLZ3XhqHnN811Qpez8X9kCcGHoa,FScfo1sH8NyTceYkcimHnBxvQDTVfPXmsBwLRXApJmKV,459248640,0.45924864,65856
validator_history,HistoryJTGbKQD2mRgLZ3XhqHnN811Qpez8X9kCcGHoa,HKUBkD9GGYsSMw1yd5JWwt2EvTs4f3yarnvzVTFjQtjf,459248640,0.45924864,65856
validator_history,HistoryJTGbKQD2mRgLZ3XhqHnN811Qpez8X9kCcGHoa,5XtRUTiXsDkyu9xKNb9S4WEztPsH5gh1qZGyvBnKrZYx,459248640,0.45924864,65856
validator_history,HistoryJTGbKQD2mRgLZ3XhqHnN811Qpez8X9kCcGHoa,2YgREmEDbxyTWdVjAxmvsVn3VawAcpPSUw9gQx1VaWCf,459248640,0.45924864,65856
validator_history,HistoryJTGbKQD2mRgLZ3XhqHnN811Qpez8X9kCcGHoa,6maK3DRm1rgn7xvWhWbg8n6xMuyUF6YHDwPqpcM6kGmB,459248640,0.45924864,65856
validator_history,HistoryJTGbKQD2mRgLZ3XhqHnN811Qpez8X9kCcGHoa,CiACigEjY8Qwzvfxpp1UHFhSszeYobiBARFtCemucecT,459248640,0.45924864,65856
validator_history,HistoryJTGbKQD2mRgLZ3XhqHnN811Qpez8X9kCcGHoa,CSJm7iYeHbLQGomm5APQgg6XqLH4TNchzbuH235Nf836,459248640,0.45924864,65856
validator_history,HistoryJTGbKQD2mRgLZ3XhqHnN811Qpez8X9kCcGHoa,FCRWB7Ps4EnTQX33UYtHQV5Lf7CVVQUANLnVAYqVhAWk,459248640,0.45924864,65856
validator_history,HistoryJTGbKQD2mRgLZ3XhqHnN811Qpez8X9kCcGHoa,Cqr2Rc2m69URGwCjrKEVT1KfUeXMVbxGN3N5v3CzE5vy,459248640,0.45924864,65856
validator_history,HistoryJTGbKQD2mRgLZ3XhqHnN811Qpez8X9kCcGHoa,3fRojiZiDxPtdG11B8tTiXpTXjX6c5ePDc8DzfZDFxce,459248640,0.45924864,65856
validator_history,HistoryJTGbKQD2mRgLZ3XhqHnN811Qpez8X9kCcGHoa,96DJHa2ZSKtsaqbjw71BpeTQm3NhCbjP5TM77FAVimoy,459248640,0.45924864,65856
validator_history,HistoryJTGbKQD2mRgLZ3XhqHnN811Qpez8X9kCcGHoa,3cCPih2ZbkxvAWSw84B9mU2JsXriNvAfBw6ejLfkxgSM,459248640,0.45924864,65856
validator_history,HistoryJTGbKQD2mRgLZ3XhqHnN811Qpez8X9kCcGHoa,BKqNyLu88takJxVrC8upAparcq4m2Vgm8CRLXgNNfYtk,459248640,0.45924864,65856
validator_history,HistoryJTGbKQD2mRgLZ3XhqHnN811Qpez8X9kCcGHoa,HZ2bAu4wbbwwcJLmsRmaXVKCotrbfjFGzKbRfAwWEZA2,459248640,0.45924864,65856
validator_history,HistoryJTGbKQD2mRgLZ3XhqHnN811Qpez8X9kCcGHoa,57WzQyCzr2h2wKgxF4wXryLrttmDMSWMhFRMPgKFiDYU,459248640,0.45924864,65856
validator_history,HistoryJTGbKQD2mRgLZ3XhqHnN811Qpez8X9kCcGHoa,AaW3AM67Mq5h1JWFXMjWhKfFBrytmd5j8B1mFgAMAaZK,459248640,0.45924864,65856
validator_history,HistoryJTGbKQD2mRgLZ3XhqHnN811Qpez8X9kCcGHoa,5SfXhWnV53wUuLYkbuoyHrXAvUmpV5D1nxwVdV3MmX9S,459248640,0.45924864,65856
validator_history,HistoryJTGbKQD2mRgLZ3XhqHnN811Qpez8X9kCcGHoa,6fTbB2BPesVAGPKsUHCuaNybWnEecki5bP2TrXDn8hkc,459248640,0.45924864,65856
validator_history,HistoryJTGbKQD2mRgLZ3XhqHnN811Qpez8X9kCcGHoa,2WogkYXBrJyZoyurcRUPNgpYEM8hVAhTwCyE4kGQv6ks,459248640,0.45924864,65856
validator_history,HistoryJTGbKQD2mRgLZ3XhqHnN811Qpez8X9kCcGHoa,AFNpg772rPfNqpuTrzzLA1rGC4QvtHcVfFR4q9VPShND,459248640,0.45924864,65856
validator_history,HistoryJTGbKQD2mRgLZ3XhqHnN811Qpez8X9kCcGHoa,GVHMZCHC4EGf8GqaviHMi5v3xqdvRGor2yQXKepvTDRt,459248640,0.45924864,65856
validator_history,HistoryJTGbKQD2mRgLZ3XhqHnN811Qpez8X9kCcGHoa,D6hAUutntgTDsNFAEzJ4QjMD2MUPa7RXBN3iG2vT9rPv,459248640,0.45924864,65856
validator_history,HistoryJTGbKQD2mRgLZ3XhqHnN811Qpez8X9kCcGHoa,DbJCPHtrTGbz5pTdzhrRLGmxkXJydGX3EFFqzM18Mu4p,459248640,0.45924864,65856
validator_history,HistoryJTGbKQD2mRgLZ3XhqHnN811Qpez8X9kCcGHoa,4fK3R72DgTHj6HqnbRWGMajyHbjVXtRSHF7ShvXnBWcc,459248640,0.45924864,65856
validator_history,HistoryJTGbKQD2mRgLZ3XhqHnN811Qpez8X9kCcGHoa,3mKZtnqYg6MzXwZQvk53yrQEFuSAPZZBfQ3xSxqwvRYA,459248640,0.45924864,65856
validator_history,HistoryJTGbKQD2mRgLZ3XhqHnN811Qpez8X9kCcGHoa,3iiBRXyqfk6UWJrZX5dTYFb1xJnKLdANDeYzFL8iNi2A,459248640,0.45924864,65856
validator_history,HistoryJTGbKQD2mRgLZ3XhqHnN811Qpez8X9kCcGHoa,6evCyyJo9YgNpA2ypwbEZwnkS1kGjfMkYF8j8oiWkb4V,459248640,0.45924864,65856
validator_history,HistoryJTGbKQD2mRgLZ3XhqHnN811Qpez8X9kCcGHoa,7akpS3cSokh24KxPJYK79WGErifCq83Y2r4yXrewxBuS,459248640,0.45924864,65856
validator_history,HistoryJTGbKQD2mRgLZ3XhqHnN811Qpez8X9kCcGHoa,9JWQxAyhufJEmZdQLKFfeD47Vs5JsmZ653K3yrkMtzCw,459248640,0.45924864,65856
validator_history,HistoryJTGbKQD2mRgLZ3XhqHnN811Qpez8X9kCcGHoa,7bLrmLnZwkvytnZ5jZkjrTfS1uuqAEismEYzYhEhjNvK,459248640,0.45924864,65856
validator_history,HistoryJTGbKQD2mRgLZ3XhqHnN811Qpez8X9kCcGHoa,GDUxAK8S4Q2aSkEvmfxVAUo7SmoecDqgXPhkduuddeh,459348640,0.45934864,65856
validator_history,HistoryJTGbKQD2mRgLZ3XhqHnN811Qpez8X9kCcGHoa,3fSVdi9G7V8fqQEQg86NnLokYXoX6JnkymbDFe997uJk,459248640,0.45924864,65856
validator_history,HistoryJTGbKQD2mRgLZ3XhqHnN811Qpez8X9kCcGHoa,2dQfs8MiRqMUP3aX1T52U75wmomogUjkSiwAss9xBoEw,459248640,0.45924864,65856
validator_history,HistoryJTGbKQD2mRgLZ3XhqHnN811Qpez8X9kCcGHoa,6tsZ5urrJW1EY33Dunb2fp4XuRk5VSbFQfBU2NmR2Usg,459248640,0.45924864,65856
validator_history,HistoryJTGbKQD2mRgLZ3XhqHnN811Qpez8X9kCcGHoa,7F7kxQdMVucYXUJYb7omB6URnaiNMENp2nkXC1tMYiiN,459248640,0.45924864,65856
validator_history,HistoryJTGbKQD2mRgLZ3XhqHnN811Qpez8X9kCcGHoa,BrzHUCQpPWVhJnUWW15qa15kJsSYMQLXfFaucbaL2hVn,459248640,0.45924864,65856
validator_history,HistoryJTGbKQD2mRgLZ3XhqHnN811Qpez8X9kCcGHoa,5ovH7FkD6sfKCW5kiaRGmN8w9xAaLYj5HEE53hn8FQc2,459248640,0.45924864,65856
validator_history,HistoryJTGbKQD2mRgLZ3XhqHnN811Qpez8X9kCcGHoa,CUGrndP6FHULzmeCBWyN26uSVz5XXrESB2YjKXtFf5XW,459248640,0.45924864,65856
validator_history,HistoryJTGbKQD2mRgLZ3XhqHnN811Qpez8X9kCcGHoa,71ffAK2pHMskhFiQqAmncBVtn7xoPhUXQkLBzxkWAi9t,459248640,0.45924864,65856
validator_history,HistoryJTGbKQD2mRgLZ3XhqHnN811Qpez8X9kCcGHoa,F1WESGW6xomWCeNnzjLRHxgGMuuRKBhS3rvnC3FskBu,459248640,0.45924864,65856
validator_history,HistoryJTGbKQD2mRgLZ3XhqHnN811Qpez8X9kCcGHoa,HztwSnWQTcmgmMc4E6FmMxYtByE9RT3zUarRNtR8fKR9,459248640,0.45924864,65856
validator_history,HistoryJTGbKQD2mRgLZ3XhqHnN811Qpez8X9kCcGHoa,8RthzB19mcPiAPCary9y7QoN7nB8KHBC2YkvSxrZjoMq,459248640,0.45924864,65856
validator_history,HistoryJTGbKQD2mRgLZ3XhqHnN811Qpez8X9kCcGHoa,BwBTbYELx3BLUUA7NJQsxKPS4d4PqqQ652Rpb5NaswGg,459248640,0.45924864,65856
validator_history,HistoryJTGbKQD2mRgLZ3XhqHnN811Qpez8X9kCcGHoa,7y1qxVLWsJFRkLGfMm5aA1j3Y2714LC6rfpGp5xZ1mQp,459248640,0.45924864,65856
validator_history,HistoryJTGbKQD2mRgLZ3XhqHnN811Qpez8X9kCcGHoa,4qAgQdH2DdQP4jB9uAsXqKYEHxgftjCXiR43XUBoD58R,459248640,0.45924864,65856
validator_history,HistoryJTGbKQD2mRgLZ3XhqHnN811Qpez8X9kCcGHoa,5Q6gBrJUoNqPLjvLCagFSREn3dJs9AWx9fLLworDDD5i,459248640,0.45924864,65856
validator_history,HistoryJTGbKQD2mRgLZ3XhqHnN811Qpez8X9kCcGHoa,651Yyrg5TGbxMr7GBzAcsEeeMHi71grnzFAmyYczjqGE,459248640,0.45924864,65856
validator_history,HistoryJTGbKQD2mRgLZ3XhqHnN811Qpez8X9kCcGHoa,2S7HQCzk2gjtVU3w5PAL7ZYWpdHGVaBSvMaazye6Je2X,459248640,0.45924864,65856
validator_history,HistoryJTGbKQD2mRgLZ3XhqHnN811Qpez8X9kCcGHoa,7uUVLYCcgvRRui74otfw8vSCZPUEXminJC3447AUkzoy,459248640,0.45924864,65856
validator_history,HistoryJTGbKQD2mRgLZ3XhqHnN811Qpez8X9kCcGHoa,59bfY9gp8CKR4CqaMsT1pHQK7T2T2Co3Y3rcAkFQMzqZ,459248640,0.45924864,65856
validator_history,HistoryJTGbKQD2mRgLZ3XhqHnN811Qpez8X9kCcGHoa,Fx9zMR6usf1Z7FiuinbcgVJ5vUr2Sg3ydsrM5EvsWXor,459248640,0.45924864,65856
validator_history,HistoryJTGbKQD2mRgLZ3XhqHnN811Qpez8X9kCcGHoa,jcBv4zhTWco2GDTn5Pib6yJfPQTkdD9kQCzXq3A8f6K,459248640,0.45924864,65856
validator_history,HistoryJTGbKQD2mRgLZ3XhqHnN811Qpez8X9kCcGHoa,ZsbmBYD63W9mHEjqgj7rqf23MajBeYP9NLveKCnEkPf,459248640,0.45924864,65856
validator_history,HistoryJTGbKQD2mRgLZ3XhqHnN811Qpez8X9kCcGHoa,PsHRyqQXhYK6nJAirzsePH3mviEjuU2BL4RDTyU9uqh,459248640,0.45924864,65856
validator_history,HistoryJTGbKQD2mRgLZ3XhqHnN811Qpez8X9kCcGHoa,6gzSmyG69wSyS4t4nNWEu2K12CDaPiFNYdxajcjmNEUd,459248640,0.45924864,65856
validator_history,HistoryJTGbKQD2mRgLZ3XhqHnN811Qpez8X9kCcGHoa,HxamF2DfoxRPrESRL2KPet5Z3HBVaXhkn7iR8ezzkwn2,459248640,0.45924864,65856
validator_history,HistoryJTGbKQD2mRgLZ3XhqHnN811Qpez8X9kCcGHoa,DkU1drXwPQ7ut2nmVourztY9XL4YaZGJVAdFk557DswU,459248640,0.45924864,65856
validator_history,HistoryJTGbKQD2mRgLZ3XhqHnN811Qpez8X9kCcGHoa,GrAfcC1wXN7Fa9X1aE2rDPhfGX64DTLNZHcwE88nTZjz,459248640,0.45924864,65856
validator_history,HistoryJTGbKQD2mRgLZ3XhqHnN811Qpez8X9kCcGHoa,6SZETAsxjm32zvygUEae111DiyPVowkUzHdf7pju29yj,459248640,0.45924864,65856
validator_history,HistoryJTGbKQD2mRgLZ3XhqHnN811Qpez8X9kCcGHoa,ErHFG4EkTfMeKRzxCT4vtXDSPkQWhr5XstzD8RDs8rj9,459248640,0.45924864,65856
validator_history,HistoryJTGbKQD2mRgLZ3XhqHnN811Qpez8X9kCcGHoa,Gs6sUzYKVSq8S7ScSwoKpMybNkq8feRcTRapwrwBo3VK,459248640,0.45924864,65856
validator_history,HistoryJTGbKQD2mRgLZ3XhqHnN811Qpez8X9kCcGHoa,E7tQRBB9EEDs1i3tRFxuhd8X3omK35WqcoyapZE5V1WE,459248640,0.45924864,65856
validator_history,HistoryJTGbKQD2mRgLZ3XhqHnN811Qpez8X9kCcGHoa,7hrh8xBgjPy6VoHiZLoPDtmCaxUS78rsLPn66tPAFnhD,459248640,0.45924864,65856
validator_history,HistoryJTGbKQD2mRgLZ3XhqHnN811Qpez8X9kCcGHoa,FDK5rkZvQTbeTy6MmQCwWQefx31KgY2djymbS4pBrcuH,459248640,0.45924864,65856
validator_history,HistoryJTGbKQD2mRgLZ3XhqHnN811Qpez8X9kCcGHoa,24ZNWrcZcTwcuWiVGwDLdUFyrKvJoArDNB9n3px2VgkE,459248640,0.45924864,65856
validator_history,HistoryJTGbKQD2mRgLZ3XhqHnN811Qpez8X9kCcGHoa,CsKjuDJXG2CyZnkcsk9HK7DzMMyT4a2FbggrqtQEmj5F,459248640,0.45924864,65856
validator_history,HistoryJTGbKQD2mRgLZ3XhqHnN811Qpez8X9kCcGHoa,5CgDktXiBZ4iN2JfuvWZ9iaRFEZRwRGQo9nZUCJpNDFZ,459248640,0.45924864,65856
validator_history,HistoryJTGbKQD2mRgLZ3XhqHnN811Qpez8X9kCcGHoa,AhNtyZwHgypazFVNGpzwzHUixFZhCBnb4pGpQrFpGa9Q,459248640,0.45924864,65856
validator_history,HistoryJTGbKQD2mRgLZ3XhqHnN811Qpez8X9kCcGHoa,6jnFHyzDA6wjYWr3PND6bQw3utu9mtHUEFZFQWkGXdhJ,459248640,0.45924864,65856
validator_history,HistoryJTGbKQD2mRgLZ3XhqHnN811Qpez8X9kCcGHoa,ufST4ak7FWZ1czDAKLTsV8TWq9VQy4kRz3SbtP1vHAu,459248640,0.45924864,65856
validator_history,HistoryJTGbKQD2mRgLZ3XhqHnN811Qpez8X9kCcGHoa,Cu5R5r7Dt5t5BYn6413PSfinFGa5xxZXa2YEw21HS5tx,459248640,0.45924864,65856
validator_history,HistoryJTGbKQD2mRgLZ3XhqHnN811Qpez8X9kCcGHoa,AWo7nstxZ1rMMraq83tETB17QjjGy5jZiFgfSbgJD1uv,459248640,0.45924864,65856
validator_history,HistoryJTGbKQD2mRgLZ3XhqHnN811Qpez8X9kCcGHoa,DG4YDo7Ew3onwBvTgyyP1VANarXXwt8ofTzgXw43PbaY,459248640,0.45924864,65856
validator_history,HistoryJTGbKQD2mRgLZ3XhqHnN811Qpez8X9kCcGHoa,3X3DFbg6qxHzgqUw2VgSVSH1PVLN1zBQyvKUBrcBmAcT,459248640,0.45924864,65856
validator_history,HistoryJTGbKQD2mRgLZ3XhqHnN811Qpez8X9kCcGHoa,GVndswkwiZ1pUP4C9NsRuqRqVzG3c3PZY54b7ztnSfvQ,459248640,0.45924864,65856
validator_history,HistoryJTGbKQD2mRgLZ3XhqHnN811Qpez8X9kCcGHoa,HzpYyPKCWTgrruLwvrEqRxAhbC64EjhqUP1xYwrhGUpY,459248640,0.45924864,65856
validator_history,HistoryJTGbKQD2mRgLZ3XhqHnN811Qpez8X9kCcGHoa,JC1MTbEkAgLoSneW1E9cFQyxSpzeD63TZ5JGNHdWZXLA,459248640,0.45924864,65856
validator_history,HistoryJTGbKQD2mRgLZ3XhqHnN811Qpez8X9kCcGHoa,7o7itQLaBpJ1kUEYJGAX7dfxavzhLqQwbXcTfrHWADFh,459248640,0.45924864,65856
validator_history,HistoryJTGbKQD2mRgLZ3XhqHnN811Qpez8X9kCcGHoa,Ch7nZxC59FvdkNMkzKkiTByAcjL1bE8VgkkvRQojKk4J,459248640,0.45924864,65856
validator_history,HistoryJTGbKQD2mRgLZ3XhqHnN811Qpez8X9kCcGHoa,HNhsUoB8ZtjgYuaF6EwsAsCN3iZJCxYbRXzriqUgDVH7,459248640,0.45924864,65856
validator_history,HistoryJTGbKQD2mRgLZ3XhqHnN811Qpez8X9kCcGHoa,BCfNQtbxa4Zjk4RbszpNMb3iGcb3qVpuGeQrSWFgWYin,459248640,0.45924864,65856
validator_history,HistoryJTGbKQD2mRgLZ3XhqHnN811Qpez8X9kCcGHoa,8i8TDfeA5zhckX5EYtDyQu9dPbhGfCbJfnspL64AtKiJ,459248640,0.45924864,65856
validator_history,HistoryJTGbKQD2mRgLZ3XhqHnN811Qpez8X9kCcGHoa,GTCVwwXfQ37QNt2oQWMbMqhbDcQNS4X1TZ2mKQVsWV4W,459248640,0.45924864,65856
validator_history,HistoryJTGbKQD2mRgLZ3XhqHnN811Qpez8X9kCcGHoa,Eh11XJGajBrtY11Mu5hhzzuYWh9FXJCFnxwM4cqVhHAy,459248640,0.45924864,65856
validator_history,HistoryJTGbKQD2mRgLZ3XhqHnN811Qpez8X9kCcGHoa,3cPpDC57N4zScJKZutGtFtgV1yGrZQX95TymisCCYeq3,459248640,0.45924864,65856
validator_history,HistoryJTGbKQD2mRgLZ3XhqHnN811Qpez8X9kCcGHoa,2CsULrrvBkWFJSq2xLaZhcDbe6fVd7z2np5L9FcVnwuU,459248640,0.45924864,65856
validator_history,HistoryJTGbKQD2mRgLZ3XhqHnN811Qpez8X9kCcGHoa,Gu6Ezk32u79U6jBap1WkpN43xeYPZGJXxUFy68Yc78aR,459248640,0.45924864,65856
validator_history,HistoryJTGbKQD2mRgLZ3XhqHnN811Qpez8X9kCcGHoa,5mEHUuKevZ7jNQwZvfX7mWuhFcYVx9AnHUgALd665acb,459248640,0.45924864,65856
validator_history,HistoryJTGbKQD2mRgLZ3XhqHnN811Qpez8X9kCcGHoa,HQnFyLthRb1uYUoEJotHGHtyWnnaVgE2eUj83fjCyDfQ,459248640,0.45924864,65856
validator_history,HistoryJTGbKQD2mRgLZ3XhqHnN811Qpez8X9kCcGHoa,HCjUTYY4UXdxZ4Y594n1nopaegFp9qYpJLQ2P4P5g5ui,459248640,0.45924864,65856
validator_history,HistoryJTGbKQD2mRgLZ3XhqHnN811Qpez8X9kCcGHoa,FK6GfCByQiM9K2n3i3AkN3wUec4VBEaWsCxcc1WtihmW,459248640,0.45924864,65856
validator_history,HistoryJTGbKQD2mRgLZ3XhqHnN811Qpez8X9kCcGHoa,3wDhnRBynC7Xpj7Aory2hQeZ499t16sMbDm8RfrHyzxv,459248640,0.45924864,65856
validator_history,HistoryJTGbKQD2mRgLZ3XhqHnN811Qpez8X9kCcGHoa,CADQvJXzKzNq2FaYkodWtTCwB4KKWATUtfSrxC9B9Cu7,459248640,0.45924864,65856
validator_history,HistoryJTGbKQD2mRgLZ3XhqHnN811Qpez8X9kCcGHoa,21t2LC1denCafdPpLEHh8raq2MRfRKtzLQf2fpF7Np6A,459248640,0.45924864,65856
validator_history,HistoryJTGbKQD2mRgLZ3XhqHnN811Qpez8X9kCcGHoa,45gPs2x6nf4wkXTgCnzYsWo4sf4TDny4XyJt6e2rdgQL,459248640,0.45924864,65856
validator_history,HistoryJTGbKQD2mRgLZ3XhqHnN811Qpez8X9kCcGHoa,Brn1GuNnEbtcAS2qaexPt4fZyWqzfBbJRitRe9vzhMAp,459248640,0.45924864,65856
validator_history,HistoryJTGbKQD2mRgLZ3XhqHnN811Qpez8X9kCcGHoa,E7cT7KKgMhQDMZnMSm1m1Dwq1GGkREtV5oPbkevm5VVe,459248640,0.45924864,65856
validator_history,HistoryJTGbKQD2mRgLZ3XhqHnN811Qpez8X9kCcGHoa,9oUb8HygFg2bNbJK3L2swoKQQo5qiQGuM7p4f1G4TngG,459248640,0.45924864,65856
validator_history,HistoryJTGbKQD2mRgLZ3XhqHnN811Qpez8X9kCcGHoa,89ciCTRSoPX6fAQAHP2L1CfCjVkSRF1N9KgS3twcBgFt,459248640,0.45924864,65856
validator_history,HistoryJTGbKQD2mRgLZ3XhqHnN811Qpez8X9kCcGHoa,9bCgsjsTxamDzD5Rd3J2GEPeaEgjfn4HPK9rA2b9SHK7,459248640,0.45924864,65856
validator_history,HistoryJTGbKQD2mRgLZ3XhqHnN811Qpez8X9kCcGHoa,Egd4t7Rx8A6QkBNneGCf86buypYBzKLLiXEW2of267uG,459248640,0.45924864,65856
validator_history,HistoryJTGbKQD2mRgLZ3XhqHnN811Qpez8X9kCcGHoa,6UGePwPUiLnpnga9249rKPxyyK7NoCuTmfR7q9r1xM12,459248640,0.45924864,65856
validator_history,HistoryJTGbKQD2mRgLZ3XhqHnN811Qpez8X9kCcGHoa,HHKNrZkWhbe3KFzzk5P79GtLw9PbCqiW47S481g5Zfcd,459248640,0.45924864,65856
validator_history,HistoryJTGbKQD2mRgLZ3XhqHnN811Qpez8X9kCcGHoa,nDuacECYNBGzgSn7dzBdVaMMkt8MXSYnCJcv88C9E8o,459248640,0.45924864,65856
validator_history,HistoryJTGbKQD2mRgLZ3XhqHnN811Qpez8X9kCcGHoa,J1JXbr6xESrj4EpUjT8C5tmphrJBeQw2SF5df1dD1U1r,459248640,0.45924864,65856
validator_history,HistoryJTGbKQD2mRgLZ3XhqHnN811Qpez8X9kCcGHoa,2sMeBgvQ2U3g4DxwuLN8c57RzuDycrK7xa7dUSYyc5o1,459248640,0.45924864,65856
validator_history,HistoryJTGbKQD2mRgLZ3XhqHnN811Qpez8X9kCcGHoa,EhoPHRXM7zpFznBxpfqPsp9RtgYgdJvcjWpXNgwiKPy2,459248640,0.45924864,65856
validator_history,HistoryJTGbKQD2mRgLZ3XhqHnN811Qpez8X9kCcGHoa,3ds7abDWh92U7J4k4izwD9zas7GHVHGJ4ToAnQTmw52e,459248640,0.45924864,65856
validator_history,HistoryJTGbKQD2mRgLZ3XhqHnN811Qpez8X9kCcGHoa,G5YJkMqEWgeDumeuwfDykaRYV1ya35zKXErLAQaCiEvm,459248640,0.45924864,65856
validator_history,HistoryJTGbKQD2mRgLZ3XhqHnN811Qpez8X9kCcGHoa,HUPWVugQx5DVMDgSxhYLgc4Cfs9JNqYd37FoERsndtUj,459248640,0.45924864,65856
validator_history,HistoryJTGbKQD2mRgLZ3XhqHnN811Qpez8X9kCcGHoa,2zi2PqcnkxpzvtNGsspn3Bdy5E4GWKi6u5TrrEmbwyWP,459248640,0.45924864,65856
validator_history,HistoryJTGbKQD2mRgLZ3XhqHnN811Qpez8X9kCcGHoa,H5UBaGKEYy2YjG6hiShiFtNmRvw2JxnLRUSyo1Aof9Yy,459248640,0.45924864,65856
validator_history,HistoryJTGbKQD2mRgLZ3XhqHnN811Qpez8X9kCcGHoa,4SQnvMgsjcjno3bmuy1HJFdu17WJn8LA6fXxQacCtebS,459248640,0.45924864,65856
validator_history,HistoryJTGbKQD2mRgLZ3XhqHnN811Qpez8X9kCcGHoa,Heu86VtsZTmetqLHc5vEX3RvUeMHoSXoLY4VVCUZUvVv,459248640,0.45924864,65856
validator_history,HistoryJTGbKQD2mRgLZ3XhqHnN811Qpez8X9kCcGHoa,3zhQ7V4LqKzyCfHwa8mzbKWhabot6jT5aSKwZ1XVUSec,459248640,0.45924864,65856
validator_history,HistoryJTGbKQD2mRgLZ3XhqHnN811Qpez8X9kCcGHoa,GYThGmsBP71aNRgxCTqLrn4N8rBbcAoY9i3QQiwm55j4,459248640,0.45924864,65856
validator_history,HistoryJTGbKQD2mRgLZ3XhqHnN811Qpez8X9kCcGHoa,BitbCXHGfJ3EWNkF4nK3CPVFK1Tvx1WidNw8bcnNSi1H,459248640,0.45924864,65856
validator_history,HistoryJTGbKQD2mRgLZ3XhqHnN811Qpez8X9kCcGHoa,AbCdJYprkU4gU63i1Q5oHYeifYjDW3rNPwB9DqWANYK5,459248640,0.45924864,65856
validator_history,HistoryJTGbKQD2mRgLZ3XhqHnN811Qpez8X9kCcGHoa,3g2QNsx7bVkLBukqvKE41aVz9D92BaScsQFwufMitYWV,459248640,0.45924864,65856
validator_history,HistoryJTGbKQD2mRgLZ3XhqHnN811Qpez8X9kCcGHoa,5ZLpoCA5WxJ3w8qT1BXq1EYH5mypkgjemjPCBAJrJm4e,459248640,0.45924864,65856
validator_history,HistoryJTGbKQD2mRgLZ3XhqHnN811Qpez8X9kCcGHoa,GA4eq78SgipCLtZYDeSVurx8odnZh2pMpjhjXkY6RAp9,459248640,0.45924864,65856
validator_history,HistoryJTGbKQD2mRgLZ3XhqHnN811Qpez8X9kCcGHoa,B2ZoKvNCJ93u5sWwAV4gcHKcH1nnidtnu2AjG4h2XQRL,459248640,0.45924864,65856
validator_history,HistoryJTGbKQD2mRgLZ3XhqHnN811Qpez8X9kCcGHoa,G9ZM8RndyWzRXMvBGsLLmxwj9yLwR76ZwmHXTgbdJUmE,459248640,0.45924864,65856
validator_history,HistoryJTGbKQD2mRgLZ3XhqHnN811Qpez8X9kCcGHoa,5bPn13bfEdc7gU2fUbRPnXPYHzQQo1wdeQexjBGfhEZ5,459248640,0.45924864,65856
validator_history,HistoryJTGbKQD2mRgLZ3XhqHnN811Qpez8X9kCcGHoa,Bvx3J7eJW4eYqS9M4RhbSb2KKYTUv3rKnVs7da6vLuki,459248640,0.45924864,65856
validator_history,HistoryJTGbKQD2mRgLZ3XhqHnN811Qpez8X9kCcGHoa,BPpR5BYUQExVT8QGyw88qztPgYWVagJCsEQeSjEbDAjL,459248640,0.45924864,65856
validator_history,HistoryJTGbKQD2mRgLZ3XhqHnN811Qpez8X9kCcGHoa,4czAdsppsxWwY1A4EtjZEPHWVQBQGyXa7aXdsF4SrBaY,459248640,0.45924864,65856
validator_history,HistoryJTGbKQD2mRgLZ3XhqHnN811Qpez8X9kCcGHoa,7rhujpx9iELfKkTZ2kj7mKm6phTGjVaumtsobeBxTiBH,459248640,0.45924864,65856
validator_history,HistoryJTGbKQD2mRgLZ3XhqHnN811Qpez8X9kCcGHoa,DThPLgLfFxmPTEuyHUERwJcT7jgv7N4HKJMukVNRWx6Y,459248640,0.45924864,65856
validator_history,HistoryJTGbKQD2mRgLZ3XhqHnN811Qpez8X9kCcGHoa,E1HbooA1hLW2TzGQHFkSeyKGiPXRxYEx2HHhTW2e8PmG,459248640,0.45924864,65856
validator_history,HistoryJTGbKQD2mRgLZ3XhqHnN811Qpez8X9kCcGHoa,8CUMJBYoYBZrdfvKvcDD4w4dtw65YSbK6fcdDoUzzwK3,459248640,0.45924864,65856
validator_history,HistoryJTGbKQD2mRgLZ3XhqHnN811Qpez8X9kCcGHoa,H5mfCbYZq4B8hVRSMbi5qFuB2nLtsY4M1Yj7zfbaKqEZ,459248640,0.45924864,65856
validator_history,HistoryJTGbKQD2mRgLZ3XhqHnN811Qpez8X9kCcGHoa,3n3k9RhJHZEJmAvGBxk2Femtm1oAYTNrTCH9PWHHbZ8Q,459248640,0.45924864,65856
validator_history,HistoryJTGbKQD2mRgLZ3XhqHnN811Qpez8X9kCcGHoa,48TSiPp5sCwjPVHhVm9xsc2jK9wYPLBPom6usMDUsW3V,459248640,0.45924864,65856
validator_history,HistoryJTGbKQD2mRgLZ3XhqHnN811Qpez8X9kCcGHoa,H8TixAv8bCddUpd2CBxeKLkmWmqQjAq46Aaxa9uzYmyP,459248640,0.45924864,65856
validator_history,HistoryJTGbKQD2mRgLZ3XhqHnN811Qpez8X9kCcGHoa,H3PYE8Au7UxU2jxzPgbtYLSKQVkV6tM6H1B4HqhohkHy,459248640,0.45924864,65856
validator_history,HistoryJTGbKQD2mRgLZ3XhqHnN811Qpez8X9kCcGHoa,AZmQFKL8wX3G511WTiS3QxUKYyEeBRxzyVoYtCCvsTgs,459248640,0.45924864,65856
validator_history,HistoryJTGbKQD2mRgLZ3XhqHnN811Qpez8X9kCcGHoa,6VwKEmbay1vnHWWwPezCuYE8zK1Zhj4psL58nLLZXMty,459248640,0.45924864,65856
validator_history,HistoryJTGbKQD2mRgLZ3XhqHnN811Qpez8X9kCcGHoa,51o7NDnNbm2yvKf4VQCcaBoEUvbspcX7uyYGeob5zMgV,459248640,0.45924864,65856
validator_history,HistoryJTGbKQD2mRgLZ3XhqHnN811Qpez8X9kCcGHoa,4gU9xSYbp5S3W5o8qBAA17gt8X9TAWwdDssT7hGjbvfm,459248640,0.45924864,65856
validator_history,HistoryJTGbKQD2mRgLZ3XhqHnN811Qpez8X9kCcGHoa,5Bq32vBeS5TwecVeEzW5FYcN2qRgevSV7czpZGGSuemq,459248640,0.45924864,65856
validator_history,HistoryJTGbKQD2mRgLZ3XhqHnN811Qpez8X9kCcGHoa,9DgZbKcXXRZUitE2gbgFAdP8buuwBbk2ANTFaRmjF3eB,459248640,0.45924864,65856
validator_history,HistoryJTGbKQD2mRgLZ3XhqHnN811Qpez8X9kCcGHoa,4oWf3bXFj9kd8Q9drtf5QuEQx5vvqCmeRHA87tr2ECvh,459248640,0.45924864,65856
validator_history,HistoryJTGbKQD2mRgLZ3XhqHnN811Qpez8X9kCcGHoa,4kDBjexfD9Je5ah8kh9PVocysbpx6QmNkp3w677itEes,459248640,0.45924864,65856
validator_history,HistoryJTGbKQD2mRgLZ3XhqHnN811Qpez8X9kCcGHoa,3p23V3MHhCtEEBJHBsEnzivuQcn7nPkvz8UQBhAqT9hp,459248640,0.45924864,65856
validator_history,HistoryJTGbKQD2mRgLZ3XhqHnN811Qpez8X9kCcGHoa,AtKdeG6dNCdZ3NiqDYCrXTTKX2pmjiwssadJVKtX3Jq2,459248640,0.45924864,65856
validator_history,HistoryJTGbKQD2mRgLZ3XhqHnN811Qpez8X9kCcGHoa,Gt72uvfAyYESf55xys6rH4fk1WSnewJvuX93sBRNtJFb,459248640,0.45924864,65856
validator_history,HistoryJTGbKQD2mRgLZ3XhqHnN811Qpez8X9kCcGHoa,7QZ7rxe81FdAQKx9LSyW4VRuxTksYGWaob4o3xMxJXem,459248640,0.45924864,65856
validator_history,HistoryJTGbKQD2mRgLZ3XhqHnN811Qpez8X9kCcGHoa,8tNSzFxJgWBfipZb4o4bo6Ex69r1U5JDEEYZGFyC91D6,459248640,0.45924864,65856
validator_history,HistoryJTGbKQD2mRgLZ3XhqHnN811Qpez8X9kCcGHoa,B17RKzcbGYRcevSZNWzt2SAMXpbWfVaWCNMaywzA5Zpi,459248640,0.45924864,65856
validator_history,HistoryJTGbKQD2mRgLZ3XhqHnN811Qpez8X9kCcGHoa,FXQCGGgHanRkikNCrffy648H7ezxXHpw5ojvAtqtqQCB,459248640,0.45924864,65856
validator_history,HistoryJTGbKQD2mRgLZ3XhqHnN811Qpez8X9kCcGHoa,it1FyGP5dzpnPEcm8JxMMPiExyrX9iihDhy18n8uASY,459248640,0.45924864,65856
validator_history,HistoryJTGbKQD2mRgLZ3XhqHnN811Qpez8X9kCcGHoa,96eFeg5ZP6HN2m4q3A9rYgzvSnxzTidAFPAmqkR33Xj1,459348640,0.45934864,65856
validator_history,HistoryJTGbKQD2mRgLZ3XhqHnN811Qpez8X9kCcGHoa,7guD7FHjoxy1ehoJ3M9aMt2wcC5qjdXGUujHAFTPb7UJ,459248640,0.45924864,65856
validator_history,HistoryJTGbKQD2mRgLZ3XhqHnN811Qpez8X9kCcGHoa,2uzoxkYrKc1Qk2wwX4KikYEKpsYjbnqvTMi215Rxnmcz,459248640,0.45924864,65856
validator_history,HistoryJTGbKQD2mRgLZ3XhqHnN811Qpez8X9kCcGHoa,FvHy2hoFXczWzamnmrd1Poeoq7etZE2BZuuBYDbHoDXT,459248640,0.45924864,65856
validator_history,HistoryJTGbKQD2mRgLZ3XhqHnN811Qpez8X9kCcGHoa,5afiGthjVaJBwiAr8V4bBpbwpYXHLoELt2uQrcFGtZkQ,459248640,0.45924864,65856
validator_history,HistoryJTGbKQD2mRgLZ3XhqHnN811Qpez8X9kCcGHoa,5frm8StgWrWBRSMLp5HSG8WzP9waWF5of1VvBrkzvbqV,459248640,0.45924864,65856
validator_history,HistoryJTGbKQD2mRgLZ3XhqHnN811Qpez8X9kCcGHoa,GygCEjA4mZ3sDqSo4o9NQwjiQUBBGXHGSwyg4qAPbnj7,459248640,0.45924864,65856
validator_history,HistoryJTGbKQD2mRgLZ3XhqHnN811Qpez8X9kCcGHoa,2mZr4b4UoGJc3R7WpEDCrHSgzDBY16jeYB6xaKLq7szp,459248640,0.45924864,65856
validator_history,HistoryJTGbKQD2mRgLZ3XhqHnN811Qpez8X9kCcGHoa,3H4zwcW5KJmejb3Ju9T2pD1TLyM8uz4ZF56wDreD8ESw,459248640,0.45924864,65856
validator_history,HistoryJTGbKQD2mRgLZ3XhqHnN811Qpez8X9kCcGHoa,6dJmqKQ7w6jgFTnxdFoqut2VHrMpnCMNvj36qmyuGaMH,459248640,0.45924864,65856
validator_history,HistoryJTGbKQD2mRgLZ3XhqHnN811Qpez8X9kCcGHoa,EkYBC3F45tU9yxDC449J6evs2DgsRw6c97UyVdVBuyEE,459248640,0.45924864,65856
validator_history,HistoryJTGbKQD2mRgLZ3XhqHnN811Qpez8X9kCcGHoa,8umsdJcgejuL3V5qwPZgD3vQEXExtStHPgNfKhmwTdsZ,459248640,0.45924864,65856
validator_history,HistoryJTGbKQD2mRgLZ3XhqHnN811Qpez8X9kCcGHoa,DthzfuVRHojdwapsn9zWCGDTXqGtxQHAT5YNc6hTycx7,459248640,0.45924864,65856
validator_history,HistoryJTGbKQD2mRgLZ3XhqHnN811Qpez8X9kCcGHoa,8bhysFyyKugZseF98HUADb8g7S4u7pCxEXK4m5qaKqHz,459248640,0.45924864,65856
validator_history,HistoryJTGbKQD2mRgLZ3XhqHnN811Qpez8X9kCcGHoa,EWquY4Gny2aBz1LRQadAWgkDJXTmMtwTACPG47cKP7uv,459248640,0.45924864,65856
validator_history,HistoryJTGbKQD2mRgLZ3XhqHnN811Qpez8X9kCcGHoa,39Qonu73UgNc5ZbFbAaoC97MNjQzC9Aq6uqmtZSypiu6,459248640,0.45924864,65856
validator_history,HistoryJTGbKQD2mRgLZ3XhqHnN811Qpez8X9kCcGHoa,G7kSas1nRjMN5EDAShX5ymXujVoqWZC1rhx36qjsXHJt,459248640,0.45924864,65856
validator_history,HistoryJTGbKQD2mRgLZ3XhqHnN811Qpez8X9kCcGHoa,A7HNo6coqV5BbiBrYPZtDRAFADQfrLewJ3NAD5mkfGAV,459248640,0.45924864,65856
validator_history,HistoryJTGbKQD2mRgLZ3XhqHnN811Qpez8X9kCcGHoa,Acebc4WogaMJ1iNx18tS4RQ3xczd3wpgEUctccG4vs4e,459248640,0.45924864,65856
validator_history,HistoryJTGbKQD2mRgLZ3XhqHnN811Qpez8X9kCcGHoa,E4qgwtGtE7NoAC8VyyQ5PuRtxTAG6dLyaKCRqaAEG5h7,459248640,0.45924864,65856
validator_history,HistoryJTGbKQD2mRgLZ3XhqHnN811Qpez8X9kCcGHoa,FhDWTFkqQ3RqNixTEq99eaF44gFaCCKFdUKQK4xKxBd2,459248640,0.45924864,65856
validator_history,HistoryJTGbKQD2mRgLZ3XhqHnN811Qpez8X9kCcGHoa,FDie18EPuvXLxEsWYWCDPN3f7ZLwenRdMjQzGoYv5z4J,459248640,0.45924864,65856
validator_history,HistoryJTGbKQD2mRgLZ3XhqHnN811Qpez8X9kCcGHoa,A5PDf9CwkdBriCrYUVThtoweJVH9H3ww7N25ngr8DDmc,13558080,0.01355808,1820
validator_history,HistoryJTGbKQD2mRgLZ3XhqHnN811Qpez8X9kCcGHoa,BZcW1ziFBmxPmncSRmndedKXb47e9txTYLYn2w6yFKPM,459248640,0.45924864,65856
validator_history,HistoryJTGbKQD2mRgLZ3XhqHnN811Qpez8X9kCcGHoa,7aofPgtTmyjnjPQz4Ld9D4pNrxoQGeT5C7smxvgNzDrK,459248640,0.45924864,65856
validator_history,HistoryJTGbKQD2mRgLZ3XhqHnN811Qpez8X9kCcGHoa,HHi5ekrSjgKqxV9gPEtgm3JXZgdU1TNrWHyChbQbFo8M,459248640,0.45924864,65856
validator_history,HistoryJTGbKQD2mRgLZ3XhqHnN811Qpez8X9kCcGHoa,C7RfoKEWZanUzwiJfeqaPYUVSve6yCsg7StygmSdvTAS,459248640,0.45924864,65856
validator_history,HistoryJTGbKQD2mRgLZ3XhqHnN811Qpez8X9kCcGHoa,8vYgvBu4ynToG2ZwBf5W7gUDYybXxSVaEfDCXYK88L5F,459248640,0.45924864,65856
validator_history,HistoryJTGbKQD2mRgLZ3XhqHnN811Qpez8X9kCcGHoa,G94soe7aFF47Ucs8LyVjSYCL4anzj9CypRz41kNzbzR2,459248640,0.45924864,65856
validator_history,HistoryJTGbKQD2mRgLZ3XhqHnN811Qpez8X9kCcGHoa,7wbuqaSepgYfK88kjY6zykSoMHZEAhAG1U4FwhEd7MdC,459248640,0.45924864,65856
validator_history,HistoryJTGbKQD2mRgLZ3XhqHnN811Qpez8X9kCcGHoa,BbJPXeqPGatmNp24Xy8zffXk2dRWZZsL6kNuwdb8pCxV,459248640,0.45924864,65856
validator_history,HistoryJTGbKQD2mRgLZ3XhqHnN811Qpez8X9kCcGHoa,AzaGqLNx2YpvEqzz6bMHiP8pYpDwwg1mtxwFebQsHGXE,459248640,0.45924864,65856
validator_history,HistoryJTGbKQD2mRgLZ3XhqHnN811Qpez8X9kCcGHoa,3eje9gm3SeJbYFqvuEsxKsgH1Pj9AkZncfKaK49xftUE,459248640,0.45924864,65856
validator_history,HistoryJTGbKQD2mRgLZ3XhqHnN811Qpez8X9kCcGHoa,6kdTs7dpgwZqwqWtKoLRfuZKoWVY4JLoCKobF4AUqHB1,459248640,0.45924864,65856
validator_history,HistoryJTGbKQD2mRgLZ3XhqHnN811Qpez8X9kCcGHoa,BWQ4RWQZLQnynEXzNaphWHxDojZMCeLb6v9d4DHV4dSJ,459248640,0.45924864,65856
validator_history,HistoryJTGbKQD2mRgLZ3XhqHnN811Qpez8X9kCcGHoa,6hu2ri2DSN3MDD26r8oqSAL4ctuWjnH1p73e44G5DhUN,459248640,0.45924864,65856
validator_history,HistoryJTGbKQD2mRgLZ3XhqHnN811Qpez8X9kCcGHoa,HVwkWtMQvF7RtSxJjpecDRDRF57UpSXqNj9CHwdXQRCG,459248640,0.45924864,65856
validator_history,HistoryJTGbKQD2mRgLZ3XhqHnN811Qpez8X9kCcGHoa,yxUXNVyEvMoUJdQK4nPxEvTBhqAFAeGdkm3gq2uwKJJ,459248640,0.45924864,65856
validator_history,HistoryJTGbKQD2mRgLZ3XhqHnN811Qpez8X9kCcGHoa,EhLoJQwyY5R2JwEkBvFp9tRQdtHEGdBWDJNWk2qJ6sBz,459248640,0.45924864,65856
validator_history,HistoryJTGbKQD2mRgLZ3XhqHnN811Qpez8X9kCcGHoa,9H7DRsuCb8g2QkSjdTSmscmV33uGo45tgt8NbQs96wh7,459248640,0.45924864,65856
validator_history,HistoryJTGbKQD2mRgLZ3XhqHnN811Qpez8X9kCcGHoa,HnCCmoehpqYVkJmDLR68HP5kKaSjx8q9Q3zGpgh9jpf4,459248640,0.45924864,65856
validator_history,HistoryJTGbKQD2mRgLZ3XhqHnN811Qpez8X9kCcGHoa,6gmqXadUWefukGDo1K8Ax1BY4NtTeozvVMqLQ9o1Ajkb,459248640,0.45924864,65856
validator_history,HistoryJTGbKQD2mRgLZ3XhqHnN811Qpez8X9kCcGHoa,71qm3E3dTnDETBxGW3kbhVkiL5vST6FcdgnwCs2UnSzt,459248640,0.45924864,65856
validator_history,HistoryJTGbKQD2mRgLZ3XhqHnN811Qpez8X9kCcGHoa,8Kv4MBaMuJyTon5rVUkoAXSxs7Dz6LHcsrUPPjjCDoGZ,459248640,0.45924864,65856
validator_history,HistoryJTGbKQD2mRgLZ3XhqHnN811Qpez8X9kCcGHoa,CRD2uDgbQauhwH2zY1ND8v2TvKNoyqFdehvbgF9D5paN,459248640,0.45924864,65856
validator_history,HistoryJTGbKQD2mRgLZ3XhqHnN811Qpez8X9kCcGHoa,Ev5BCj8HjeEKnTXRXrVxJrmQRQ39ijCTtFctazmETdTa,459248640,0.45924864,65856
validator_history,HistoryJTGbKQD2mRgLZ3XhqHnN811Qpez8X9kCcGHoa,6gxTPqeStps9XmZtjUjVBgM54AaTHrZsXuHeP5tvpk4w,459248640,0.45924864,65856
validator_history,HistoryJTGbKQD2mRgLZ3XhqHnN811Qpez8X9kCcGHoa,4SW9X9EB1XsDPtS8LJPQ8qCDKiSJa5s2QUa9KbEqG4hC,459248640,0.45924864,65856
validator_history,HistoryJTGbKQD2mRgLZ3XhqHnN811Qpez8X9kCcGHoa,CLTu87cubNQeqzbB2YDE6rJi7hvvEDUxBJEVcMVAfvpx,459248640,0.45924864,65856
validator_history,HistoryJTGbKQD2mRgLZ3XhqHnN811Qpez8X9kCcGHoa,GgCX7wc59isswd9gYKZ233zzymxz4QfaiNwVfi1t4NM7,459248640,0.45924864,65856
validator_history,HistoryJTGbKQD2mRgLZ3XhqHnN811Qpez8X9kCcGHoa,2K336uM14inMZ84GqWfSoBG8hqKByA38BgMKUhA8tLYm,459248640,0.45924864,65856
validator_history,HistoryJTGbKQD2mRgLZ3XhqHnN811Qpez8X9kCcGHoa,26hgbPv2jNFJADn4KTw8Q96Qk1k2QuUCFbJL4ZQQnw3U,459248640,0.45924864,65856
validator_history,HistoryJTGbKQD2mRgLZ3XhqHnN811Qpez8X9kCcGHoa,BUy8bV2ZWK3p6Fs12KiguNURNpJtyLrmYtncd18Tz9Ks,459248640,0.45924864,65856
validator_history,HistoryJTGbKQD2mRgLZ3XhqHnN811Qpez8X9kCcGHoa,ARs7ZEUmpGQf3wzHjTyFkgBfnbzhmK6XHtSE9VzrNQX4,459248640,0.45924864,65856
validator_history,HistoryJTGbKQD2mRgLZ3XhqHnN811Qpez8X9kCcGHoa,691UFHDwAcnfgjQVL9ZETzZyj9JAheUX4fDGUSZQZmnw,459248640,0.45924864,65856
validator_history,HistoryJTGbKQD2mRgLZ3XhqHnN811Qpez8X9kCcGHoa,3otKPth2zz9mg2oyLXmYa86zAUETTpZgEpA9WQeKdQYr,459248640,0.45924864,65856
validator_history,HistoryJTGbKQD2mRgLZ3XhqHnN811Qpez8X9kCcGHoa,G1cAgbLHdBfDNL7MgFrKDkwL9St5Gj3kZDVSERNiznrx,459248640,0.45924864,65856
validator_history,HistoryJTGbKQD2mRgLZ3XhqHnN811Qpez8X9kCcGHoa,2UrXDaqYpnHSprdqajbbEZ1GJZC5EzAyydudRve5W31E,459248640,0.45924864,65856
validator_history,HistoryJTGbKQD2mRgLZ3XhqHnN811Qpez8X9kCcGHoa,58XFKVBK35tV2qd24RTtygrYAnGw9icceicyahwJHDGx,459248640,0.45924864,65856
validator_history,HistoryJTGbKQD2mRgLZ3XhqHnN811Qpez8X9kCcGHoa,Gp98d3gBkUXmKQ63DNUfYiX9Vc9uHKMH3hPLk5FH1J3S,459248640,0.45924864,65856
validator_history,HistoryJTGbKQD2mRgLZ3XhqHnN811Qpez8X9kCcGHoa,5CKnUfxCZjKxi3Kdd6JaUz2HLia86RYrwUJaumnhGTmv,459248640,0.45924864,65856
validator_history,HistoryJTGbKQD2mRgLZ3XhqHnN811Qpez8X9kCcGHoa,2Bdhz3DrN1AGuPSbUXA9k99xwRVh4YyZfQSuNKKBqYwx,459248640,0.45924864,65856
validator_history,HistoryJTGbKQD2mRgLZ3XhqHnN811Qpez8X9kCcGHoa,6hyLXiLZhX6SKYSKkEtnDZ6Aa7RvVemVusBtP9RaWTcz,459248640,0.45924864,65856
validator_history,HistoryJTGbKQD2mRgLZ3XhqHnN811Qpez8X9kCcGHoa,7bd9LTHdvPxsdNkguDMB7P3RoncpX83erbHrk9t54tLN,459248640,0.45924864,65856
validator_history,HistoryJTGbKQD2mRgLZ3XhqHnN811Qpez8X9kCcGHoa,6zJ1fR5Qt2TjjgDQfbYELBGPH2C48rbhamJghCKRfXGY,459248640,0.45924864,65856
validator_history,HistoryJTGbKQD2mRgLZ3XhqHnN811Qpez8X9kCcGHoa,DFPFL8C6Ho2YDsjJAV6uJkxHwCM7rAy7t3Rf3G3GRhTZ,459248640,0.45924864,65856
validator_history,HistoryJTGbKQD2mRgLZ3XhqHnN811Qpez8X9kCcGHoa,BBu2SAcpBDint9ac7aaqioMT7wbMpSYYhKKUuTVbpNdF,459248640,0.45924864,65856
validator_history,HistoryJTGbKQD2mRgLZ3XhqHnN811Qpez8X9kCcGHoa,DAuK22iTM4yXUNQUuzPE51qfdgpYcxGPeGScMN8yJSGJ,459248640,0.45924864,65856
validator_history,HistoryJTGbKQD2mRgLZ3XhqHnN811Qpez8X9kCcGHoa,DuY4taKmVC7YrnxFvTucb5sJ5A7sRQB639xLaMyskPRa,459248640,0.45924864,65856
validator_history,HistoryJTGbKQD2mRgLZ3XhqHnN811Qpez8X9kCcGHoa,6cuWoemcd31Z7Mz3MgwpJ8muVjgBe1LAA2qm31rWhQrB,459248640,0.45924864,65856
validator_history,HistoryJTGbKQD2mRgLZ3XhqHnN811Qpez8X9kCcGHoa,2MXViz2HPAt9gs5n8XttVoZwFdFkTsrNGJXiw8SKc4jZ,459248640,0.45924864,65856
validator_history,HistoryJTGbKQD2mRgLZ3XhqHnN811Qpez8X9kCcGHoa,5RY2ELwxmJjuwsmfQ3c9C7UPcYyFherMfbMJuBTeiVC1,459248640,0.45924864,65856
validator_history,HistoryJTGbKQD2mRgLZ3XhqHnN811Qpez8X9kCcGHoa,CCmnsvtz5siT8Paa7tenYCJNx9nQQdaagoYF4c4VK8Kp,459248640,0.45924864,65856
validator_history,HistoryJTGbKQD2mRgLZ3XhqHnN811Qpez8X9kCcGHoa,7GpCcraAEF7esRZKX8TZGdyxxoDE68npHACNnKAe5ckF,459248640,0.45924864,65856
validator_history,HistoryJTGbKQD2mRgLZ3XhqHnN811Qpez8X9kCcGHoa,9rmbntMH86EYjYrgULkWjKmLR8LL9GnX2RY2w3uXQ5vc,459248640,0.45924864,65856
validator_history,HistoryJTGbKQD2mRgLZ3XhqHnN811Qpez8X9kCcGHoa,7h5wACUvjXEZufAPdSY3X6WqAbqxpuQQM9ajg8X4py66,459348640,0.45934864,65856
validator_history,HistoryJTGbKQD2mRgLZ3XhqHnN811Qpez8X9kCcGHoa,EcMa1H6SkLzRSd4ify6VLAGXpzZDZnasN3B44Ls11nfT,459248640,0.45924864,65856
validator_history,HistoryJTGbKQD2mRgLZ3XhqHnN811Qpez8X9kCcGHoa,E1BAcDxrcNc1J3XuPEskiFtUnkNErNCwwskL8CHv9sbJ,459248640,0.45924864,65856
validator_history,HistoryJTGbKQD2mRgLZ3XhqHnN811Qpez8X9kCcGHoa,BBkG3qjSjvY1MZrBEv7YKFBzuUf8cnH2cN5EvujiNRZe,459248640,0.45924864,65856
validator_history,HistoryJTGbKQD2mRgLZ3XhqHnN811Qpez8X9kCcGHoa,4YaN5BYiz2EUU88mQPWH6C9AouQ2f6iSvFEzzz5wUP66,459248640,0.45924864,65856
validator_history,HistoryJTGbKQD2mRgLZ3XhqHnN811Qpez8X9kCcGHoa,CvCA2zhVNJHBMvt5KbuZq4rpDCkzaojNhxdDirBjDqJP,459248640,0.45924864,65856
validator_history,HistoryJTGbKQD2mRgLZ3XhqHnN811Qpez8X9kCcGHoa,8Afk6GTcUJZ7p4iua3pCMdRNZ7LHnBDQcoJwaYQ4vx2U,459248640,0.45924864,65856
validator_history,HistoryJTGbKQD2mRgLZ3XhqHnN811Qpez8X9kCcGHoa,79UhG6RULt83x85sKjKUmWpQKKZ87oMRGEhkX13ommk7,459248640,0.45924864,65856
validator_history,HistoryJTGbKQD2mRgLZ3XhqHnN811Qpez8X9kCcGHoa,DkCEhEnuwjVhgSSRueLNGgLaijxocKvGaAUpRjiZPWgf,459248640,0.45924864,65856
validator_history,HistoryJTGbKQD2mRgLZ3XhqHnN811Qpez8X9kCcGHoa,EZcaxBDQyCPQSTafVTgncdKvjMfJPiBtGRLW8YUTwWbs,459248640,0.45924864,65856
validator_history,HistoryJTGbKQD2mRgLZ3XhqHnN811Qpez8X9kCcGHoa,ENp3LdHLe38XMEbfeoRCvc5EaBq2qwCg5tYZw8mqEVFM,459248640,0.45924864,65856
validator_history,HistoryJTGbKQD2mRgLZ3XhqHnN811Qpez8X9kCcGHoa,HzYbhgS4DgBNsntXdmL88BhhhEyTqRiCvNXEquFgBdxD,459248640,0.45924864,65856
validator_history,HistoryJTGbKQD2mRgLZ3XhqHnN811Qpez8X9kCcGHoa,HpNWz17sFyr1JE1kFrFpxRsFEFoocQMKgWGJf9ekXJGY,459248640,0.45924864,65856
validator_history,HistoryJTGbKQD2mRgLZ3XhqHnN811Qpez8X9kCcGHoa,BVwRae1vovEqYvVG9AavnxEiD4a8XaXBaXkEENazcSRT,459248640,0.45924864,65856
validator_history,HistoryJTGbKQD2mRgLZ3XhqHnN811Qpez8X9kCcGHoa,4fd5fNvnzfnGAYRV2R62xB94jtH5topJdBpCk7mpU265,459248640,0.45924864,65856
validator_history,HistoryJTGbKQD2mRgLZ3XhqHnN811Qpez8X9kCcGHoa,56sfC4yWkpktctvT1oQdzR4xuTENiF7YACXYxbU1fsaT,459248640,0.45924864,65856
validator_history,HistoryJTGbKQD2mRgLZ3XhqHnN811Qpez8X9kCcGHoa,CjnDT3U6A7YSA3LemMAQHe6kUXWEw1whtbcKRXiJWYFF,459248640,0.45924864,65856
validator_history,HistoryJTGbKQD2mRgLZ3XhqHnN811Qpez8X9kCcGHoa,EV9kW161AGH8VDNd2T6AndbNNtnx6tCVcpDQ3WhCNaWo,459248640,0.45924864,65856
validator_history,HistoryJTGbKQD2mRgLZ3XhqHnN811Qpez8X9kCcGHoa,2yHPrW4YUuRVgbbQmhZ5C8XgYpPK9ev8AM3sEhDdDrVm,459248640,0.45924864,65856
validator_history,HistoryJTGbKQD2mRgLZ3XhqHnN811Qpez8X9kCcGHoa,E1NT3tqTSM5Pr5K8SS6obeQRuvxtFL6XhQsoZG9zMwye,459248640,0.45924864,65856
validator_history,HistoryJTGbKQD2mRgLZ3XhqHnN811Qpez8X9kCcGHoa,BW1Uc2QJPRG18wsuJQHfZ8YaqYfLiou13Cvo3oAFi9tA,459248640,0.45924864,65856
validator_history,HistoryJTGbKQD2mRgLZ3XhqHnN811Qpez8X9kCcGHoa,Dp6RDVYSfG87cDCvMHoaqPtjm7Stws8ADVZCvZecMKWW,459248640,0.45924864,65856
validator_history,HistoryJTGbKQD2mRgLZ3XhqHnN811Qpez8X9kCcGHoa,9yeiSZ58Yrnq2JG3aWQkhCMEATKnrCVdy3sUDJJniDmx,459248640,0.45924864,65856
validator_history,HistoryJTGbKQD2mRgLZ3XhqHnN811Qpez8X9kCcGHoa,94CDeGyQZcf1UixZaTNgfBhe8reATAorKouF7h4qKWLo,459248640,0.45924864,65856
validator_history,HistoryJTGbKQD2mRgLZ3XhqHnN811Qpez8X9kCcGHoa,E1iTmYQSG9BMDhtDn1tcjiDyRFV7gFZcRhjaM3y41R14,459248640,0.45924864,65856
validator_history,HistoryJTGbKQD2mRgLZ3XhqHnN811Qpez8X9kCcGHoa,D2Sqo2hCV3b4ifuzPAdXy9LitF9DYNtC2j1zCUhFtvYf,459248640,0.45924864,65856
validator_history,HistoryJTGbKQD2mRgLZ3XhqHnN811Qpez8X9kCcGHoa,F9zVH46ym2dag6rEoGTFLafnVBzGEe6RAcQxAB3WdKXH,459248640,0.45924864,65856
validator_history,HistoryJTGbKQD2mRgLZ3XhqHnN811Qpez8X9kCcGHoa,AKczySVi9vKvxHNGi9aYjfFdxxia49Vwd16Loh16eLnm,459248640,0.45924864,65856
validator_history,HistoryJTGbKQD2mRgLZ3XhqHnN811Qpez8X9kCcGHoa,9QdLn29o7tJAYGJsRJZuDPT4RsZoW2nE1sZXZiNERoTQ,459248640,0.45924864,65856
validator_history,HistoryJTGbKQD2mRgLZ3XhqHnN811Qpez8X9kCcGHoa,DBprrT2rdRvzmS28TfJYUc5xgjLoFmu6wQFFbgTA4JPh,459248640,0.45924864,65856
validator_history,HistoryJTGbKQD2mRgLZ3XhqHnN811Qpez8X9kCcGHoa,CzNXoZCkRBr1NMTsQM4VHiyZmBLno8kadMwkKGLTgRuY,459248640,0.45924864,65856
validator_history,HistoryJTGbKQD2mRgLZ3XhqHnN811Qpez8X9kCcGHoa,FsAnXmo9BoZa3NpLqGgXhibJmyNdAc5ttrFhYCwWtjhb,459248640,0.45924864,65856
validator_history,HistoryJTGbKQD2mRgLZ3XhqHnN811Qpez8X9kCcGHoa,FyQtjho1ysnt1oLSqGbEJhp46PrzdHGL9Jnr6GJMPgsM,459248640,0.45924864,65856
validator_history,HistoryJTGbKQD2mRgLZ3XhqHnN811Qpez8X9kCcGHoa,AQHY2UTFb7GYLydu3cwiYeKMiTDaYfkFeNv2WvQf7zum,459248640,0.45924864,65856
validator_history,HistoryJTGbKQD2mRgLZ3XhqHnN811Qpez8X9kCcGHoa,CN3GtgsWxy73eFJjLW9EkbEW1jmmJyGeVh3Z9gTHkxZk,459248640,0.45924864,65856
validator_history,HistoryJTGbKQD2mRgLZ3XhqHnN811Qpez8X9kCcGHoa,8Ei95TrWcLncnUVoFv1yL9akAAUnpsJN8ZcTNXrMvHn4,459248640,0.45924864,65856
validator_history,HistoryJTGbKQD2mRgLZ3XhqHnN811Qpez8X9kCcGHoa,9iswAaUEnhXZ8rpc8r3ffFjyYi2rnsR27rvBqLChNCW8,459248640,0.45924864,65856
validator_history,HistoryJTGbKQD2mRgLZ3XhqHnN811Qpez8X9kCcGHoa,CuiN4CsrbuQ6edarGyDtfoaSfpkaCF8z4xiaxWcwN8YQ,459248640,0.45924864,65856
validator_history,HistoryJTGbKQD2mRgLZ3XhqHnN811Qpez8X9kCcGHoa,7xNToPfiT91McdvLQNSD6ek6EstGogLWL95biNFVLUSJ,459248640,0.45924864,65856
validator_history,HistoryJTGbKQD2mRgLZ3XhqHnN811Qpez8X9kCcGHoa,HaJJ6zcBWUs6wsckNowAvCia6c344kAjPfJPPC7npMj6,459248640,0.45924864,65856
validator_history,HistoryJTGbKQD2mRgLZ3XhqHnN811Qpez8X9kCcGHoa,APLB8Ec6WKj1mUcSKDDbM4ZX8uSrGA15SYVZV9wbMwLS,459248640,0.45924864,65856
validator_history,HistoryJTGbKQD2mRgLZ3XhqHnN811Qpez8X9kCcGHoa,52LnePdHL2Dr6SCbGXQRBAsj32DHmNL2SpwYZxonTWBA,459248640,0.45924864,65856
validator_history,HistoryJTGbKQD2mRgLZ3XhqHnN811Qpez8X9kCcGHoa,4SNatQsXJzLwRmiYkNkBvqFGBmGzrkyfmQNNqJXKZ6Qh,459248640,0.45924864,65856
validator_history,HistoryJTGbKQD2mRgLZ3XhqHnN811Qpez8X9kCcGHoa,9mg41GtLNs2skDypSWfEEcwRo4rwYTiMtqswRY4gbV9X,459248640,0.45924864,65856
validator_history,HistoryJTGbKQD2mRgLZ3XhqHnN811Qpez8X9kCcGHoa,CU3VUAS4CfEzABV4iMwYaAsLVVHXo7gtUHZq5TKPFsuG,459248640,0.45924864,65856
validator_history,HistoryJTGbKQD2mRgLZ3XhqHnN811Qpez8X9kCcGHoa,3yTnJuybLGhhww6nVmYaeptH29YprpZZXgis7PFiF2Ah,459248640,0.45924864,65856
validator_history,HistoryJTGbKQD2mRgLZ3XhqHnN811Qpez8X9kCcGHoa,EA5AF8GDNASCAyfKWZSAzxxzPFhx3eFsR915uvi2QuEQ,459248640,0.45924864,65856
validator_history,HistoryJTGbKQD2mRgLZ3XhqHnN811Qpez8X9kCcGHoa,DTZTW1gj6yQwsMbKJcXfC3WqCRQ9iLHwu9oxQfx3bkdY,459248640,0.45924864,65856
validator_history,HistoryJTGbKQD2mRgLZ3XhqHnN811Qpez8X9kCcGHoa,AXMwPoAWeJbUnkufc15qN4ixcJHKtGpZSKJHZPwFUfYW,459248640,0.45924864,65856
validator_history,HistoryJTGbKQD2mRgLZ3XhqHnN811Qpez8X9kCcGHoa,GEEb4zwHs2fKdrDg4FMEGLwc5gmHLudxF2FU14kwDiw9,459248640,0.45924864,65856
validator_history,HistoryJTGbKQD2mRgLZ3XhqHnN811Qpez8X9kCcGHoa,FWTKykD3dgC1LmxPnLeBHPWYubKvm7mk8pXCZS7HTbJe,459248640,0.45924864,65856
validator_history,HistoryJTGbKQD2mRgLZ3XhqHnN811Qpez8X9kCcGHoa,6tH1E5MTN3Exp1PyjwVBoE1XJ8QM9NvRzzmnUeufDeji,459248640,0.45924864,65856
validator_history,HistoryJTGbKQD2mRgLZ3XhqHnN811Qpez8X9kCcGHoa,6PcwngKz7U1M8aptRn6pZ2ftLhkpNJ96tVWYuyb5jQmL,459248640,0.45924864,65856
validator_history,HistoryJTGbKQD2mRgLZ3XhqHnN811Qpez8X9kCcGHoa,ALg8hcWZhjqqkAdSQxy7WhADgBTzVUCAbzAFJ8anD79J,459248640,0.45924864,65856
validator_history,HistoryJTGbKQD2mRgLZ3XhqHnN811Qpez8X9kCcGHoa,GKSFP4hSMRQ1xGDtuwirzjUTrPdFapn6V6TE95EAUw83,459248640,0.45924864,65856
validator_history,HistoryJTGbKQD2mRgLZ3XhqHnN811Qpez8X9kCcGHoa,ByuA2cvGoWtLz2N5MsFvJE7A76bFWBFUx9qPtAMSPijr,459248640,0.45924864,65856
validator_history,HistoryJTGbKQD2mRgLZ3XhqHnN811Qpez8X9kCcGHoa,7sH4pNuhvQs5aeh4FwFvUtyzxYdinZkn2Kg9jT3ygGBX,459248640,0.45924864,65856
validator_history,HistoryJTGbKQD2mRgLZ3XhqHnN811Qpez8X9kCcGHoa,J6853Rgy8Zvt1gmCeGjrAQHRe3zeWZcLfJNVgwsNks8C,459248640,0.45924864,65856
validator_history,HistoryJTGbKQD2mRgLZ3XhqHnN811Qpez8X9kCcGHoa,GDRiEvQGqCGahqrdwohjjNCRoYL8Esmxz1jMFPP9QRVp,459248640,0.45924864,65856
validator_history,HistoryJTGbKQD2mRgLZ3XhqHnN811Qpez8X9kCcGHoa,CXSX3bTTYvqNKm9z5ZpY25kyTLj6iAuwXAPJ6KkDoNt3,459248640,0.45924864,65856
validator_history,HistoryJTGbKQD2mRgLZ3XhqHnN811Qpez8X9kCcGHoa,4eBDPKvA5gzCdsP1QhPRr2HihBP5LrcKiJLWs7SynnT8,459248640,0.45924864,65856
validator_history,HistoryJTGbKQD2mRgLZ3XhqHnN811Qpez8X9kCcGHoa,GvfN3MbZz2xTSK7aDNFeVxQTzJ1tzdX4EAKedWQzShhm,459248640,0.45924864,65856
validator_history,HistoryJTGbKQD2mRgLZ3XhqHnN811Qpez8X9kCcGHoa,4QsfAjpR7NrdaAzK35H6MoKBrwuxuTuJEsMvgRR1vAdV,459248640,0.45924864,65856
validator_history,HistoryJTGbKQD2mRgLZ3XhqHnN811Qpez8X9kCcGHoa,GaVmmmrx2tRzN2xx6frgtKAJ9G6W1vh9BfBupgodvzaP,459248640,0.45924864,65856
validator_history,HistoryJTGbKQD2mRgLZ3XhqHnN811Qpez8X9kCcGHoa,EQTrtppBC7oteXVs8MBsPJ9tawbuuSYbuQDyKcUJoxyT,459248640,0.45924864,65856
validator_history,HistoryJTGbKQD2mRgLZ3XhqHnN811Qpez8X9kCcGHoa,B1FPu87MWti13t4dzdqTyqBHvuv8GJEEoHZmbt1qopAG,459248640,0.45924864,65856
validator_history,HistoryJTGbKQD2mRgLZ3XhqHnN811Qpez8X9kCcGHoa,ETkALn49YDxrRDFDWpbfhXVP85CcLPEXUrW8NgEqTYrJ,459248640,0.45924864,65856
validator_history,HistoryJTGbKQD2mRgLZ3XhqHnN811Qpez8X9kCcGHoa,BzL7ryjCWdG3A3MxXWN4FDq2tGvy3ywR8JeZkQFewUon,459248640,0.45924864,65856
validator_history,HistoryJTGbKQD2mRgLZ3XhqHnN811Qpez8X9kCcGHoa,FYi63Gm7NcPPjaCJ19qC4c6f8iYzmy6v7ut6RqzRxEbb,459248640,0.45924864,65856
validator_history,HistoryJTGbKQD2mRgLZ3XhqHnN811Qpez8X9kCcGHoa,6HV2NXx9o5B2F5nYbXkYnRpzCVuNPeUS9NerTMysg3ac,459248640,0.45924864,65856
validator_history,HistoryJTGbKQD2mRgLZ3XhqHnN811Qpez8X9kCcGHoa,AabkHSk8bbTiDdagEFnhwk5f5yzUTTchGkCDmb4g8hpS,459248640,0.45924864,65856
validator_history,HistoryJTGbKQD2mRgLZ3XhqHnN811Qpez8X9kCcGHoa,35RU3yPsZB2i2GvgiToPwsSyU9VbooNJwp9XXzomuSVy,459248640,0.45924864,65856
validator_history,HistoryJTGbKQD2mRgLZ3XhqHnN811Qpez8X9kCcGHoa,GosnjwS4rWrpRTdSwcWtcBa2DgU6Fwih9MC7tjsZX9o8,459248640,0.45924864,65856
validator_history,HistoryJTGbKQD2mRgLZ3XhqHnN811Qpez8X9kCcGHoa,4dvrTZgTM6VDj5miMqiuNS5LdzmNJjjAy5eZ2dUzVZ4q,459248640,0.45924864,65856
validator_history,HistoryJTGbKQD2mRgLZ3XhqHnN811Qpez8X9kCcGHoa,5fip5EdpzsfY4TVtFB3aQsKMEpmY638bNybKzfZ2DFkK,459248640,0.45924864,65856
validator_history,HistoryJTGbKQD2mRgLZ3XhqHnN811Qpez8X9kCcGHoa,BMBF9zsTuTfovj4RrmywpLe1s8X79cKf4BTgbk1uf6pU,459248640,0.45924864,65856
validator_history,HistoryJTGbKQD2mRgLZ3XhqHnN811Qpez8X9kCcGHoa,C3UJkCtf9ZQebxjnjmbGYNgEFtaSrC4LSQBWNcNfZfUs,459248640,0.45924864,65856
validator_history,HistoryJTGbKQD2mRgLZ3XhqHnN811Qpez8X9kCcGHoa,89Ggevnmh4dxaL2MMzbn6adZ43p7JxoPCKv4pcoc6JKK,459248640,0.45924864,65856
validator_history,HistoryJTGbKQD2mRgLZ3XhqHnN811Qpez8X9kCcGHoa,GeDtXhGDsg2jGVYNDBfEJ7HpDGXUxHUJWeGEiUkfkpQY,459248640,0.45924864,65856
validator_history,HistoryJTGbKQD2mRgLZ3XhqHnN811Qpez8X9kCcGHoa,6iUxX6HChReFSG9QYXWqtkRUBWvfcrFKzdmweJy4wa9d,459248640,0.45924864,65856
validator_history,HistoryJTGbKQD2mRgLZ3XhqHnN811Qpez8X9kCcGHoa,2T1w1AknEiueKZJAcdnDipCfjHULi5YXcUcQ8XqWE5DP,459248640,0.45924864,65856
validator_history,HistoryJTGbKQD2mRgLZ3XhqHnN811Qpez8X9kCcGHoa,F5ZWuz71tbDDqa9XDPYSWTpuKkQqes2yUwVSacVqTCWc,459248640,0.45924864,65856
validator_history,HistoryJTGbKQD2mRgLZ3XhqHnN811Qpez8X9kCcGHoa,F32Je1jaNKZfEt8XSHPjCzmTeX1JgkQTsXBHADQRi85A,459248640,0.45924864,65856
validator_history,HistoryJTGbKQD2mRgLZ3XhqHnN811Qpez8X9kCcGHoa,F7ohyKMqEVEiWVh51yN1vG2JkGJJvrV887XatWLAT5nV,459248640,0.45924864,65856
validator_history,HistoryJTGbKQD2mRgLZ3XhqHnN811Qpez8X9kCcGHoa,GQTsrJgw4mUZoB6kgFy4idK98zxD48LCpujefsekReLq,459248640,0.45924864,65856
validator_history,HistoryJTGbKQD2mRgLZ3XhqHnN811Qpez8X9kCcGHoa,8abreCo8Q8Bn3MQwD6uBXiBWM7yepjJDu9QBRL579nZ9,459248640,0.45924864,65856
validator_history,HistoryJTGbKQD2mRgLZ3XhqHnN811Qpez8X9kCcGHoa,BU1WghkhTx2tkdUL9sA6kkCTmR6eoKJyWfobvsjdzqPu,459248640,0.45924864,65856
validator_history,HistoryJTGbKQD2mRgLZ3XhqHnN811Qpez8X9kCcGHoa,5NzBTNLoVSwZFYhCrxRpGmbqX27b8jtdUfZFRrVEcQMS,459248640,0.45924864,65856
validator_history,HistoryJTGbKQD2mRgLZ3XhqHnN811Qpez8X9kCcGHoa,G2X19pCULddcKaoCTWX5J5jJKJLF5PeDoZ6EdarxmLSj,459248640,0.45924864,65856
validator_history,HistoryJTGbKQD2mRgLZ3XhqHnN811Qpez8X9kCcGHoa,Ak1opBezo96rH1HbDuFnXEqEp5H8hWwcfCCK6fb5T4jA,459248640,0.45924864,65856
validator_history,HistoryJTGbKQD2mRgLZ3XhqHnN811Qpez8X9kCcGHoa,EsoYzhVqVkjcCVT9epu77egBHmRjLzcdqL9USifTFSDE,459248640,0.45924864,65856
validator_history,HistoryJTGbKQD2mRgLZ3XhqHnN811Qpez8X9kCcGHoa,7528V14CCBVnnKjgezB2GeFeHNBmPyf1tHVRxusghFa2,459248640,0.45924864,65856
validator_history,HistoryJTGbKQD2mRgLZ3XhqHnN811Qpez8X9kCcGHoa,BFrPyALufyFpC7fK2FhYB6t5SGyyckFiHEA4Bhagd56u,459248640,0.45924864,65856
validator_history,HistoryJTGbKQD2mRgLZ3XhqHnN811Qpez8X9kCcGHoa,F98HDrHUA3VMCzzjxG2SWrpBBbrebE6LB8pySatnKYQq,459248640,0.45924864,65856
validator_history,HistoryJTGbKQD2mRgLZ3XhqHnN811Qpez8X9kCcGHoa,C2HcKbX8GT1PZ2Dufu2YETs2V82NmAHf8TsNrmJt4Q2J,459248640,0.45924864,65856
validator_history,HistoryJTGbKQD2mRgLZ3XhqHnN811Qpez8X9kCcGHoa,EtEYDkUrCfT682BA9GBqEmemnyQYvDWe5UQqZd8a9eDX,459248640,0.45924864,65856
validator_history,HistoryJTGbKQD2mRgLZ3XhqHnN811Qpez8X9kCcGHoa,8FBF1ok8R7Coy8nwVYmCRaEZQDNFc2HopyfLzGrxsKgM,459248640,0.45924864,65856
validator_history,HistoryJTGbKQD2mRgLZ3XhqHnN811Qpez8X9kCcGHoa,EKw5BXKmkfFCnMjxTuyrqSXCVgu5hLoud2sJUPu2FPEU,459248640,0.45924864,65856
validator_history,HistoryJTGbKQD2mRgLZ3XhqHnN811Qpez8X9kCcGHoa,88Nf1rDFwMyufV6rrq3wgd8up2LfKLeFo8azJ8W6AmxL,459248640,0.45924864,65856
validator_history,HistoryJTGbKQD2mRgLZ3XhqHnN811Qpez8X9kCcGHoa,2DrTkWR3GsPNbSYBU9srH6eqraHg4p6SYKN7xJBJMaR7,459248640,0.45924864,65856
validator_history,HistoryJTGbKQD2mRgLZ3XhqHnN811Qpez8X9kCcGHoa,2v2eCZsMKj9tZV45yoboKUhghixUnqRZNuvdyHThhdCH,459248640,0.45924864,65856
validator_history,HistoryJTGbKQD2mRgLZ3XhqHnN811Qpez8X9kCcGHoa,8AT99JudVvAoAKV27rYgic2Mj2kspakoKsiyQXZLtg1V,459248640,0.45924864,65856
validator_history,HistoryJTGbKQD2mRgLZ3XhqHnN811Qpez8X9kCcGHoa,4JMK8AH34Xk4jRcMHVSzpe8HziEExnjma6U74G9APU7b,459248640,0.45924864,65856
validator_history,HistoryJTGbKQD2mRgLZ3XhqHnN811Qpez8X9kCcGHoa,A1KtVPn15AJrtsVEUEeHMfjdXddEHWbPggAfKzSXXVLn,459248640,0.45924864,65856
validator_history,HistoryJTGbKQD2mRgLZ3XhqHnN811Qpez8X9kCcGHoa,r7KvZJWfE6LexgbWKzZCWhPHucwTUezXkkvt9h3koFC,459248640,0.45924864,65856
validator_history,HistoryJTGbKQD2mRgLZ3XhqHnN811Qpez8X9kCcGHoa,6qNA6euo93Hst7tyJE8C8gBsBfhsQ8u4s11hfzrPVW6K,459348640,0.45934864,65856
validator_history,HistoryJTGbKQD2mRgLZ3XhqHnN811Qpez8X9kCcGHoa,CQZciaX6GZywhaWJbsh7FGFhZxvpcPjqPGCM1CvUGpWU,459248640,0.45924864,65856
validator_history,HistoryJTGbKQD2mRgLZ3XhqHnN811Qpez8X9kCcGHoa,EgrEbKyXQV6HrPxAbig7HxGzVdJtQFdJKacXtNv2MYw,459248640,0.45924864,65856
validator_history,HistoryJTGbKQD2mRgLZ3XhqHnN811Qpez8X9kCcGHoa,7ffaoXxxZex6Zebp8KNQK9oAGMNwz35Fr1BmsrF2NyoP,459248640,0.45924864,65856
validator_history,HistoryJTGbKQD2mRgLZ3XhqHnN811Qpez8X9kCcGHoa,EMBoAHXvndqE2xejbiW4WLGfUUsUdjQuHxzxdQFXhPeB,459248640,0.45924864,65856
validator_history,HistoryJTGbKQD2mRgLZ3XhqHnN811Qpez8X9kCcGHoa,5KogmgyoGMsyHHrbhBBpFzcw9t2HjVnBzFQWi7AsgTfs,459248640,0.45924864,65856
validator_history,HistoryJTGbKQD2mRgLZ3XhqHnN811Qpez8X9kCcGHoa,GPMPWBovEmycqkUp3LuehbVNivJ3mzoQoo1FkdGYKQUb,459248640,0.45924864,65856
validator_history,HistoryJTGbKQD2mRgLZ3XhqHnN811Qpez8X9kCcGHoa,ByQqNeuig2U4vqwTaAcfmA2Nk4SKwzxtmHKZiBPHcrL9,459248640,0.45924864,65856
validator_history,HistoryJTGbKQD2mRgLZ3XhqHnN811Qpez8X9kCcGHoa,DRodjyjsqgS8gYMW9TiaXuBbFhMAYwA2KoPd4kHeF69K,459248640,0.45924864,65856
validator_history,HistoryJTGbKQD2mRgLZ3XhqHnN811Qpez8X9kCcGHoa,DsD8BaXfDCQrvZ4MLdxZqYttQYbFSb6WcE75PaaRnPzG,13558080,0.01355808,1820
validator_history,HistoryJTGbKQD2mRgLZ3XhqHnN811Qpez8X9kCcGHoa,Gg8oGN2mzvgwpwZWHw14hxYmnx98ogkF5FGvyCvc8Sji,459248640,0.45924864,65856
validator_history,HistoryJTGbKQD2mRgLZ3XhqHnN811Qpez8X9kCcGHoa,B3HX3LtKNuJRAxFWsYy226t39FnLaWACYwsyr21Cf1jr,459248640,0.45924864,65856
validator_history,HistoryJTGbKQD2mRgLZ3XhqHnN811Qpez8X9kCcGHoa,Bo3sUNuS3xSwjaFSMQJtPfgd1CG35WkF5xhDcVYE68x3,459248640,0.45924864,65856
validator_history,HistoryJTGbKQD2mRgLZ3XhqHnN811Qpez8X9kCcGHoa,6Z8LqALyacef7pKwniPUkfcj3PpqFPhBoyzGhXYscMxU,459248640,0.45924864,65856
validator_history,HistoryJTGbKQD2mRgLZ3XhqHnN811Qpez8X9kCcGHoa,7wAhivvgHj53kZqXFPSttK63gbLmBjEaB8DiEiSiPemx,459248640,0.45924864,65856
validator_history,HistoryJTGbKQD2mRgLZ3XhqHnN811Qpez8X9kCcGHoa,4oFKjcC7Kji1XyYXg3WJiLSCA6hFEo859R7gZKzW8gVE,459248640,0.45924864,65856
validator_history,HistoryJTGbKQD2mRgLZ3XhqHnN811Qpez8X9kCcGHoa,3cYLaAbwt2cXv7zKW9o7ijZtnYaZZySeEzEWePfCxawE,459248640,0.45924864,65856
validator_history,HistoryJTGbKQD2mRgLZ3XhqHnN811Qpez8X9kCcGHoa,G1XfKruFgnjeW782xYMhv11iGhZkEWNPKj9JQmwJPCX8,459248640,0.45924864,65856
validator_history,HistoryJTGbKQD2mRgLZ3XhqHnN811Qpez8X9kCcGHoa,E3UtCYXUtbcXHHdQQQfXF9KWLT7A8TAf1xhj7CQGEh7f,459248640,0.45924864,65856
validator_history,HistoryJTGbKQD2mRgLZ3XhqHnN811Qpez8X9kCcGHoa,HDEkQCEdx9zAHUMPrvYn4Ar7KxmsHyQozkB8uiXa5jZd,459248640,0.45924864,65856
validator_history,HistoryJTGbKQD2mRgLZ3XhqHnN811Qpez8X9kCcGHoa,DjLkwZsVXhXSL1gCW5tUbDJ1sKW6k43csida3G2kYyeH,459248640,0.45924864,65856
validator_history,HistoryJTGbKQD2mRgLZ3XhqHnN811Qpez8X9kCcGHoa,2HoDwaa8KeWpKWmcrq5dJdtV2kwXdrNgL5DPC9VBP76t,459248640,0.45924864,65856
validator_history,HistoryJTGbKQD2mRgLZ3XhqHnN811Qpez8X9kCcGHoa,CE8Wvnei4jqqHYB69xvXtgkdSWdU8yvXMtUdMxGg1GUw,459248640,0.45924864,65856
validator_history,HistoryJTGbKQD2mRgLZ3XhqHnN811Qpez8X9kCcGHoa,G27szQgyDackvHdccrrpRTS5L1u7fbnp9YXtZ5oEwKQ6,459248640,0.45924864,65856
validator_history,HistoryJTGbKQD2mRgLZ3XhqHnN811Qpez8X9kCcGHoa,9DXbgK34jtt2GGEs18xRoeA4PcQtfQsiyTWksU3g5f5Z,459248640,0.45924864,65856
validator_history,HistoryJTGbKQD2mRgLZ3XhqHnN811Qpez8X9kCcGHoa,7spR1HwUP66AMhfDwD7zjkRFsudUhCEQEP1MKVKCFyhe,459248640,0.45924864,65856
validator_history,HistoryJTGbKQD2mRgLZ3XhqHnN811Qpez8X9kCcGHoa,4X7f1f4ZJYD8nUxQGqweKQ9ydjJPXFFpD7acQ72U5cVE,459248640,0.45924864,65856
validator_history,HistoryJTGbKQD2mRgLZ3XhqHnN811Qpez8X9kCcGHoa,Dwy8AfZVhhDpuJpeKVqHc2A643cA9yUXLvQTcjpSqfiu,459248640,0.45924864,65856
validator_history,HistoryJTGbKQD2mRgLZ3XhqHnN811Qpez8X9kCcGHoa,8NYYZ6qY5t2CVD7jbsm3wiQhG2MZis8MbzD6qokkDQN6,459248640,0.45924864,65856
validator_history,HistoryJTGbKQD2mRgLZ3XhqHnN811Qpez8X9kCcGHoa,DEJCTj4gc7h29Wa3eV5p6GhQWgzXoKgvZfzk2dqFLQcX,459248640,0.45924864,65856
validator_history,HistoryJTGbKQD2mRgLZ3XhqHnN811Qpez8X9kCcGHoa,DFyJKfmP9b3ea2MXKR723aVmUXXxmCErsUqtagDYFgfb,459248640,0.45924864,65856
validator_history,HistoryJTGbKQD2mRgLZ3XhqHnN811Qpez8X9kCcGHoa,GPsS2pmTQnmt1xtjFvLE99fdqjY1G75eVJx2dc6o3v2v,459248640,0.45924864,65856
validator_history,HistoryJTGbKQD2mRgLZ3XhqHnN811Qpez8X9kCcGHoa,9cHvbHa7v3ZU6bLeErfziipwvQ11RECKVfuARAgNidS3,459248640,0.45924864,65856
validator_history,HistoryJTGbKQD2mRgLZ3XhqHnN811Qpez8X9kCcGHoa,7kmTdwYjuGYYYyGr9CKBwECAmKFsGFrVvF8wrNvciZK8,459248640,0.45924864,65856
validator_history,HistoryJTGbKQD2mRgLZ3XhqHnN811Qpez8X9kCcGHoa,Fw9NyXa5MDcq3YoYsYcPJ961sDkQe4VXj6GEVFWS32nR,459248640,0.45924864,65856
validator_history,HistoryJTGbKQD2mRgLZ3XhqHnN811Qpez8X9kCcGHoa,HzXrWqcaS1gNSdyWNdekUdzUo82zsmusw8Vw15nSx3R7,459248640,0.45924864,65856
validator_history,HistoryJTGbKQD2mRgLZ3XhqHnN811Qpez8X9kCcGHoa,5RhQBqznFkB6F8AAHYXZJejdzZwHbRv4aYX2NBxVSqUk,459248640,0.45924864,65856
validator_history,HistoryJTGbKQD2mRgLZ3XhqHnN811Qpez8X9kCcGHoa,3euRKbi7Vf7P9jQcHZNPH3ykqsMMndKEwR4NYjbtAE8M,459248640,0.45924864,65856
validator_history,HistoryJTGbKQD2mRgLZ3XhqHnN811Qpez8X9kCcGHoa,sVFQCFsZZpcG9swhMQtuKizX4LRvqufgTHdAEsjTUVF,459248640,0.45924864,65856
validator_history,HistoryJTGbKQD2mRgLZ3XhqHnN811Qpez8X9kCcGHoa,2TB2U4sVHCQnUCKKKJUrHCeCC8k2KcPjPbfUZ6F7R2yq,459248640,0.45924864,65856
validator_history,HistoryJTGbKQD2mRgLZ3XhqHnN811Qpez8X9kCcGHoa,E5XcfstWnKguqnDJcXebvGrj6TqGuTdwdz7KoYFj3r8Z,459248640,0.45924864,65856
validator_history,HistoryJTGbKQD2mRgLZ3XhqHnN811Qpez8X9kCcGHoa,2ietL6RuDaZMDPGzJf6z3PwrWsYqKa1ZKxYMFb5foXqk,459248640,0.45924864,65856
validator_history,HistoryJTGbKQD2mRgLZ3XhqHnN811Qpez8X9kCcGHoa,CHsRYAhEhkhjcWHykBV2EvoxrrE5DGgKLY53sjRo88V,459248640,0.45924864,65856
validator_history,HistoryJTGbKQD2mRgLZ3XhqHnN811Qpez8X9kCcGHoa,6tq5CtfT79tQHgVmtf95Fat9tyj5UsNSqcJsowjsqBiA,459248640,0.45924864,65856
validator_history,HistoryJTGbKQD2mRgLZ3XhqHnN811Qpez8X9kCcGHoa,BBCNDBugw7QwGAVzJFJeybmMpxU6pe2UezaeWYsHxpBB,459248640,0.45924864,65856
validator_history,HistoryJTGbKQD2mRgLZ3XhqHnN811Qpez8X9kCcGHoa,42xUji4jibYjjcbYfPzuRXXXSGhBdQJr7E23yTFfnm81,459248640,0.45924864,65856
validator_history,HistoryJTGbKQD2mRgLZ3XhqHnN811Qpez8X9kCcGHoa,G1Do3oP2kCJZEwzJXmLjYWYC6TbK8rtJs2VGb9aVEy81,459248640,0.45924864,65856
validator_history,HistoryJTGbKQD2mRgLZ3XhqHnN811Qpez8X9kCcGHoa,Au64EQzvjvrtSZ8Tf8kM8CVtc3wrgateSZSPK2s7wErw,459248640,0.45924864,65856
validator_history,HistoryJTGbKQD2mRgLZ3XhqHnN811Qpez8X9kCcGHoa,GRiRN88ZMmhhTXCKA4zo1BxZomsy9vF1K6Uqnnnmx1va,459248640,0.45924864,65856
validator_history,HistoryJTGbKQD2mRgLZ3XhqHnN811Qpez8X9kCcGHoa,9fC9DVZNm6rAn7iVQW9cJZ5KfN2FK6nPzPrRr9NSuzsK,459248640,0.45924864,65856
validator_history,HistoryJTGbKQD2mRgLZ3XhqHnN811Qpez8X9kCcGHoa,GuyyLVAUrqzqCEfEGdRHFhrNaaDEAYaSPiG8wjtR5UPz,459248640,0.45924864,65856
validator_history,HistoryJTGbKQD2mRgLZ3XhqHnN811Qpez8X9kCcGHoa,5rnaYZovtV33Tnkfzs1gcWbEeC78UamEuULzAht8cMo4,459248640,0.45924864,65856
validator_history,HistoryJTGbKQD2mRgLZ3XhqHnN811Qpez8X9kCcGHoa,AkC2gvrqM1MARQLVDKtj8noxNzit4tfy2GLuFxRhX9pc,459248640,0.45924864,65856
validator_history,HistoryJTGbKQD2mRgLZ3XhqHnN811Qpez8X9kCcGHoa,BGp6W9xYVkEfud2dbLUBG8Nj4Q8o7sK5Rthoup4xJP9D,459248640,0.45924864,65856
validator_history,HistoryJTGbKQD2mRgLZ3XhqHnN811Qpez8X9kCcGHoa,7U42nr3o8ut2Ey3rV64VzVNkwGYJLK92wqjek4zp7HZA,459248640,0.45924864,65856
validator_history,HistoryJTGbKQD2mRgLZ3XhqHnN811Qpez8X9kCcGHoa,3dJ8YacYv8ky2XCEtx6L9MW82FxxjmWF6dQxVppDpJck,459248640,0.45924864,65856
validator_history,HistoryJTGbKQD2mRgLZ3XhqHnN811Qpez8X9kCcGHoa,3PPJnP6w2g7NbQPYSMiQpAMtcKGBSv1jaztueab9WPgF,459248640,0.45924864,65856
validator_history,HistoryJTGbKQD2mRgLZ3XhqHnN811Qpez8X9kCcGHoa,8Ehr7so1Y1wmKyqGgnFRirkmoczZswhdkf1CCCSxSh2B,459248640,0.45924864,65856
validator_history,HistoryJTGbKQD2mRgLZ3XhqHnN811Qpez8X9kCcGHoa,B1a5Acm4NzpZ7ZzfXJD52rJBx6y4Zqifvgw9jLVGQ6Rx,459248640,0.45924864,65856
validator_history,HistoryJTGbKQD2mRgLZ3XhqHnN811Qpez8X9kCcGHoa,Cxt9AfvVRBEVVLiCKZo6NbWgh8Axgz34GEFuXYcniQAN,459248640,0.45924864,65856
validator_history,HistoryJTGbKQD2mRgLZ3XhqHnN811Qpez8X9kCcGHoa,66W5GxWrMpVfpPv4nYQhgkozByYAXGdezhdEBoKA4evu,459248640,0.45924864,65856
validator_history,HistoryJTGbKQD2mRgLZ3XhqHnN811Qpez8X9kCcGHoa,Anef4A4y1fz5DXXA25c1DmLTz2xL2YG8d5xzxkdai1vH,459248640,0.45924864,65856
validator_history,HistoryJTGbKQD2mRgLZ3XhqHnN811Qpez8X9kCcGHoa,CDdaqjExVCrQwcJFvEqGTZWxG1BbJ7nyQMVkb2g4XMAB,459248640,0.45924864,65856
validator_history,HistoryJTGbKQD2mRgLZ3XhqHnN811Qpez8X9kCcGHoa,DxvAtAuXYGV4V9VrHeNTgkZsQETgSvtTNYryouSYVdPt,459248640,0.45924864,65856
validator_history,HistoryJTGbKQD2mRgLZ3XhqHnN811Qpez8X9kCcGHoa,2LiX4UV7eS3SmZqUbmXLeTPjjTYGFQQ1wBvuFFu5uGZW,459248640,0.45924864,65856
validator_history,HistoryJTGbKQD2mRgLZ3XhqHnN811Qpez8X9kCcGHoa,FRPC28Tr4tdzRgwkumAJF5uDgtDetEmAc8b9MKnqJU1R,459248640,0.45924864,65856
validator_history,HistoryJTGbKQD2mRgLZ3XhqHnN811Qpez8X9kCcGHoa,8KCdaRPGuWsH7xBuim3z9jmQHH5YxAidgg5ojUyLJLBA,459248640,0.45924864,65856
validator_history,HistoryJTGbKQD2mRgLZ3XhqHnN811Qpez8X9kCcGHoa,3NkvQVX8vGShePeAWF7sYJEpGshjmWWALQSwojwQcVzN,459248640,0.45924864,65856
validator_history,HistoryJTGbKQD2mRgLZ3XhqHnN811Qpez8X9kCcGHoa,2PV3M7TzykSDWnovcSwsQAhUcRDEkx4cRZMa37tsN8y2,459248640,0.45924864,65856
validator_history,HistoryJTGbKQD2mRgLZ3XhqHnN811Qpez8X9kCcGHoa,FiCWqjmCLrZ2wyzCynJcktsR75RMZwp9G2z131mg3WDQ,459248640,0.45924864,65856
validator_history,HistoryJTGbKQD2mRgLZ3XhqHnN811Qpez8X9kCcGHoa,4ko4usEcBs88tYguQcanZqn5LHwqwQszCJnrzwYEvwxf,459348640,0.45934864,65856
validator_history,HistoryJTGbKQD2mRgLZ3XhqHnN811Qpez8X9kCcGHoa,By32AY261yyX1tX7s92UFHgD6GcD5s1difNDsAbMUpFX,459248640,0.45924864,65856
validator_history,HistoryJTGbKQD2mRgLZ3XhqHnN811Qpez8X9kCcGHoa,881au1ktNdSdH8EqnHPySCy4jAQmukfqdJEVGgTLpGae,459248640,0.45924864,65856
validator_history,HistoryJTGbKQD2mRgLZ3XhqHnN811Qpez8X9kCcGHoa,4uEVUUcdBVpqfRGrYT44ou548BbZBeZau223s45kuUbp,459248640,0.45924864,65856
validator_history,HistoryJTGbKQD2mRgLZ3XhqHnN811Qpez8X9kCcGHoa,2Yzp2VvoYNAXTtWq5Ea4N97J2D6rx9ZmzpfSVR7bNnBv,459248640,0.45924864,65856
validator_history,HistoryJTGbKQD2mRgLZ3XhqHnN811Qpez8X9kCcGHoa,6npPwNbQ8WbR2r7tDnwu4E7PB9kV5BhGddw8HuLYewmx,459248640,0.45924864,65856
validator_history,HistoryJTGbKQD2mRgLZ3XhqHnN811Qpez8X9kCcGHoa,8JY39rTxvt2oY8wvsqwzZ1fTwPMv9uPBmWhCGmUo7Jot,459248640,0.45924864,65856
validator_history,HistoryJTGbKQD2mRgLZ3XhqHnN811Qpez8X9kCcGHoa,6kiUgktC8TvXWYDu5jeYCiSAHgnAQVgKhi1ESpfyRt7S,459248640,0.45924864,65856
validator_history,HistoryJTGbKQD2mRgLZ3XhqHnN811Qpez8X9kCcGHoa,EcEiXcrz6XrDq3ucRa9h6wnsiJ9ArwadJMHvzgwzWoY6,459248640,0.45924864,65856
validator_history,HistoryJTGbKQD2mRgLZ3XhqHnN811Qpez8X9kCcGHoa,2QRGtnBPCYpsZXqwDLepoBfrwUyf1ne8ocR29s2VghAx,459248640,0.45924864,65856
validator_history,HistoryJTGbKQD2mRgLZ3XhqHnN811Qpez8X9kCcGHoa,8AWNUTgntDGeCDNoMhkyccw4E2uPc1XG9nksvRugJNsF,459248640,0.45924864,65856
validator_history,HistoryJTGbKQD2mRgLZ3XhqHnN811Qpez8X9kCcGHoa,GVXurTM83watDFw1Far3yL9pxPhUf9EKchBYFWHvvAXa,459248640,0.45924864,65856
validator_history,HistoryJTGbKQD2mRgLZ3XhqHnN811Qpez8X9kCcGHoa,FE7T4kmqHFSSFuJPUdLU2kggENH9UoUX7bHHvysSboCM,459248640,0.45924864,65856
validator_history,HistoryJTGbKQD2mRgLZ3XhqHnN811Qpez8X9kCcGHoa,3KsnRmfYdazNREcFwDB72NL6njLXggNNof2D647cLTP4,459248640,0.45924864,65856
validator_history,HistoryJTGbKQD2mRgLZ3XhqHnN811Qpez8X9kCcGHoa,9mA4KCHMLnFYANxLiBAAMHU84YS93gZrXerL1kgzndY,459248640,0.45924864,65856
validator_history,HistoryJTGbKQD2mRgLZ3XhqHnN811Qpez8X9kCcGHoa,Dym932fqrL2Khim2jAD3C6gEaEVhUKyUZMPkTJ4ENZLY,459248640,0.45924864,65856
validator_history,HistoryJTGbKQD2mRgLZ3XhqHnN811Qpez8X9kCcGHoa,4BxpzGGRcmh1SKBqzo2UwsqAid8zR2KShYiTa2m6k3nh,459248640,0.45924864,65856
validator_history,HistoryJTGbKQD2mRgLZ3XhqHnN811Qpez8X9kCcGHoa,fQdT6jtcepPWZS5UzkXh5edpE3aQNPUaRR2qfMWH6Bb,459248640,0.45924864,65856
validator_history,HistoryJTGbKQD2mRgLZ3XhqHnN811Qpez8X9kCcGHoa,3uFyYHwWK1uvsV2XVgTSEbsuBG14i9h7Uxik4x5NbLiH,459248640,0.45924864,65856
validator_history,HistoryJTGbKQD2mRgLZ3XhqHnN811Qpez8X9kCcGHoa,E2z6dnAPDhzfacVWWJHVhd1mqpJzZJwnrp1vLkNMb9T7,459248640,0.45924864,65856
validator_history,HistoryJTGbKQD2mRgLZ3XhqHnN811Qpez8X9kCcGHoa,DKW436PbQmKDqdMeWqEZnRDqTYqR48ZaN4PTu7pB8gY1,459248640,0.45924864,65856
validator_history,HistoryJTGbKQD2mRgLZ3XhqHnN811Qpez8X9kCcGHoa,CCRZB4wBtnJqrijTSx2jvoj7Dbt6U4nzPB7eHriimLE2,459248640,0.45924864,65856
validator_history,HistoryJTGbKQD2mRgLZ3XhqHnN811Qpez8X9kCcGHoa,AaMsZuFbTeQFczpm4FBaVjR5ufSF5wYjXzzSHz38ZL1S,459248640,0.45924864,65856
validator_history,HistoryJTGbKQD2mRgLZ3XhqHnN811Qpez8X9kCcGHoa,2iJFjUT2rf2D6PVdsaThdRnnGUGp9Coek7hMZDrh762P,459248640,0.45924864,65856
validator_history,HistoryJTGbKQD2mRgLZ3XhqHnN811Qpez8X9kCcGHoa,CN9SRAEeoLkp2SJFYu8kXvtPwP2wHunobg66f5VkxGbM,459248640,0.45924864,65856
validator_history,HistoryJTGbKQD2mRgLZ3XhqHnN811Qpez8X9kCcGHoa,Bw9CTxEYsZnSC5BDbFvmPMiuCr8qkJMpBEhd7P2aZrvB,459248640,0.45924864,65856
validator_history,HistoryJTGbKQD2mRgLZ3XhqHnN811Qpez8X9kCcGHoa,BTRDAzXctMrcweVW3NEQxPEo5r7J9zxeT5njnhFxEvCZ,459248640,0.45924864,65856
validator_history,HistoryJTGbKQD2mRgLZ3XhqHnN811Qpez8X9kCcGHoa,DZSABMcRjpxwWEuDFmq1rAD3kbrQzC7N8vZ7JMk5CKZM,459248640,0.45924864,65856
validator_history,HistoryJTGbKQD2mRgLZ3XhqHnN811Qpez8X9kCcGHoa,Cn8EMze9hcNyWks4v3KrUv9sKmg8JrJsLcYvEoVTRF6B,459248640,0.45924864,65856
validator_history,HistoryJTGbKQD2mRgLZ3XhqHnN811Qpez8X9kCcGHoa,HJHEN5xiqKNdogii6kxELYquUYXb2Zs1G2LGs2wwycHD,459248640,0.45924864,65856
validator_history,HistoryJTGbKQD2mRgLZ3XhqHnN811Qpez8X9kCcGHoa,ARzK2GGQvC3wB8wTktdMAMjRtkEk5452hFPGiUpoEkC9,459248640,0.45924864,65856
validator_history,HistoryJTGbKQD2mRgLZ3XhqHnN811Qpez8X9kCcGHoa,6P7XSvAovCFDt32zqaNRCbLiDaCf5geZiYCJUT2aHAYf,459248640,0.45924864,65856
validator_history,HistoryJTGbKQD2mRgLZ3XhqHnN811Qpez8X9kCcGHoa,56ae7oHB8hcFHKgnoD8xnPEqjvciJYKzGeakWCLFAquo,459248640,0.45924864,65856
validator_history,HistoryJTGbKQD2mRgLZ3XhqHnN811Qpez8X9kCcGHoa,54FQDbrCRZxZddToETPHTycvJH6nsPnWm7HLWpqHzVgH,459248640,0.45924864,65856
validator_history,HistoryJTGbKQD2mRgLZ3XhqHnN811Qpez8X9kCcGHoa,7Hkwj7TMjUqGYBBYhtzUdYqFhizsHnEvWu75NQdhfrRf,459248640,0.45924864,65856
validator_history,HistoryJTGbKQD2mRgLZ3XhqHnN811Qpez8X9kCcGHoa,3GNXE7PySMGvCz6tNi9DjZnQ7NbYWZXnhx99XeaivLx1,459248640,0.45924864,65856
validator_history,HistoryJTGbKQD2mRgLZ3XhqHnN811Qpez8X9kCcGHoa,3TDvqZfxY8ifLoKDdjwn2useSTfbdVofzLXYbxLduR7p,459248640,0.45924864,65856
validator_history,HistoryJTGbKQD2mRgLZ3XhqHnN811Qpez8X9kCcGHoa,4MVF9t3u6gYA4VGEDq4szinSXahuVn41HBeybTYHECDt,459248640,0.45924864,65856
validator_history,HistoryJTGbKQD2mRgLZ3XhqHnN811Qpez8X9kCcGHoa,Gpqcx3AmJuG3Lso84dj3WF1vwUqxPDyEJKrqxnd8k9si,459248640,0.45924864,65856
validator_history,HistoryJTGbKQD2mRgLZ3XhqHnN811Qpez8X9kCcGHoa,C75RBswCQCQCmXZMa4vbVTJfWXcGwgwJhUyJV2919deQ,459248640,0.45924864,65856
validator_history,HistoryJTGbKQD2mRgLZ3XhqHnN811Qpez8X9kCcGHoa,5mQKU9qUyqJpcKW2j8FJxeZjhVidDRFpJdtSCWjum1gv,459248640,0.45924864,65856
validator_history,HistoryJTGbKQD2mRgLZ3XhqHnN811Qpez8X9kCcGHoa,2RjUXKLAdQ5JRV4svXLH4oTGM52Sj8hfL5FePfWApm7v,459248640,0.45924864,65856
validator_history,HistoryJTGbKQD2mRgLZ3XhqHnN811Qpez8X9kCcGHoa,AGowfkNBZtE4XxoXB8E1HPuKAVGdP8TYJZ2YE7KRLWoP,459248640,0.45924864,65856
validator_history,HistoryJTGbKQD2mRgLZ3XhqHnN811Qpez8X9kCcGHoa,HFBFhFnwtkuj4npgEDgBAS3JsCjJbcvgor2oZyUGiF31,459248640,0.45924864,65856
validator_history,HistoryJTGbKQD2mRgLZ3XhqHnN811Qpez8X9kCcGHoa,4vW4m1Uxq42ngWPrnyPPoAKzqQsinBiD2ussmWcJUkU6,459248640,0.45924864,65856
validator_history,HistoryJTGbKQD2mRgLZ3XhqHnN811Qpez8X9kCcGHoa,7SsFqSs7kXUfx9GzUKpEfUajytBkGySW6Wem8cATRytp,459248640,0.45924864,65856
validator_history,HistoryJTGbKQD2mRgLZ3XhqHnN811Qpez8X9kCcGHoa,5JCDx79LTjJQsA9ek8eCgRpnG79UZCiNTjwL9acd742q,459248640,0.45924864,65856
validator_history,HistoryJTGbKQD2mRgLZ3XhqHnN811Qpez8X9kCcGHoa,51eMK7P2pVFnDYNPfyfbZgYoG5AuF71WhGGiN1839sNn,459248640,0.45924864,65856
validator_history,HistoryJTGbKQD2mRgLZ3XhqHnN811Qpez8X9kCcGHoa,CEcmDeJCD1sH5negcgYKsemtt1iKNaFAPK9YqZwt33Zf,459248640,0.45924864,65856
validator_history,HistoryJTGbKQD2mRgLZ3XhqHnN811Qpez8X9kCcGHoa,Bb4KAr7pjifv4gY6N2DJEYC29YTW4ipuTLdH4idg6LUs,459248640,0.45924864,65856
validator_history,HistoryJTGbKQD2mRgLZ3XhqHnN811Qpez8X9kCcGHoa,4G5KJ2mMw9vDhJsyFRaFPjWF1vquKZDPPpzTHddmFkr3,459248640,0.45924864,65856
validator_history,HistoryJTGbKQD2mRgLZ3XhqHnN811Qpez8X9kCcGHoa,2U5DEfAyhFu76HDuj5YEn4Z5eqv9CfzBVgPJynRMhEKr,459248640,0.45924864,65856
validator_history,HistoryJTGbKQD2mRgLZ3XhqHnN811Qpez8X9kCcGHoa,5dGebCEPV2RzBw7SfVqX4zbY9j1P9xVHY2myZvR3WghW,459248640,0.45924864,65856
validator_history,HistoryJTGbKQD2mRgLZ3XhqHnN811Qpez8X9kCcGHoa,GdvsKwzhZKmQYbX53qBniWtwxb1icQgdznHVg7xwPW1L,459248640,0.45924864,65856
validator_history,HistoryJTGbKQD2mRgLZ3XhqHnN811Qpez8X9kCcGHoa,Ei27w7LdsAx2jvpevdvTp3yvmaW4jebzLcpYjwiiErso,459248640,0.45924864,65856
validator_history,HistoryJTGbKQD2mRgLZ3XhqHnN811Qpez8X9kCcGHoa,Bgv9hjVTrYKNnrLRAP98572c43hHmZz9mqWkQDCTpQ5G,459248640,0.45924864,65856
validator_history,HistoryJTGbKQD2mRgLZ3XhqHnN811Qpez8X9kCcGHoa,6GZXSgSPFiZqdEov8CQB7Ardgxh2qQiqYp2xiQLGCLBZ,459248640,0.45924864,65856
validator_history,HistoryJTGbKQD2mRgLZ3XhqHnN811Qpez8X9kCcGHoa,67uquu4Uyswn8CMmAUS5Y9xcCzWM3hi8ESLq5himXsDh,459248640,0.45924864,65856
validator_history,HistoryJTGbKQD2mRgLZ3XhqHnN811Qpez8X9kCcGHoa,CHGdauBnv28m7413efzPWvphhzQ6d6JSHCQMowidxR25,459248640,0.45924864,65856
validator_history,HistoryJTGbKQD2mRgLZ3XhqHnN811Qpez8X9kCcGHoa,GiuxG1Ddb5iUvPMhbsRjV6HEaxaWzbvYYdNWT9p6wYSM,459248640,0.45924864,65856
validator_history,HistoryJTGbKQD2mRgLZ3XhqHnN811Qpez8X9kCcGHoa,5uxMZtyqpUvwkcxbAw1DsQZW12w59NvrfgFjfSZb2XXp,459248640,0.45924864,65856
validator_history,HistoryJTGbKQD2mRgLZ3XhqHnN811Qpez8X9kCcGHoa,3MiQrBqrFbkCDzAdL3LDoPSH9o5WJ2aq4nobdbRELGGd,459248640,0.45924864,65856
validator_history,HistoryJTGbKQD2mRgLZ3XhqHnN811Qpez8X9kCcGHoa,3fgXj6bCDMPkwFkns7zmj3sFbbVLz3Y3dpjVNQLuNTVn,459248640,0.45924864,65856
validator_history,HistoryJTGbKQD2mRgLZ3XhqHnN811Qpez8X9kCcGHoa,8bQsRqWrvP6xDQj667wgGPbPrmXwWsJSU3RGQQSJUrw4,459248640,0.45924864,65856
validator_history,HistoryJTGbKQD2mRgLZ3XhqHnN811Qpez8X9kCcGHoa,5B5U1cPKzXHBXNx3omL5iMketWhM5sGozz9f6Ka6kEBt,459248640,0.45924864,65856
validator_history,HistoryJTGbKQD2mRgLZ3XhqHnN811Qpez8X9kCcGHoa,4RTfTGdBM4SwCVLKkANqwXC4yu4ygKwmz6Zjj3AfJkFd,459248640,0.45924864,65856
validator_history,HistoryJTGbKQD2mRgLZ3XhqHnN811Qpez8X9kCcGHoa,DVu4fKw2muZDsPXxSrCSsK2SAZzzyPkGfGmnBFy5vPmd,459248640,0.45924864,65856
validator_history,HistoryJTGbKQD2mRgLZ3XhqHnN811Qpez8X9kCcGHoa,6uttVyMD5xcLR6tUd7Lf2NVeR2HH7oQarJxk5fDcPKes,459249674,0.459249674,65856
validator_history,HistoryJTGbKQD2mRgLZ3XhqHnN811Qpez8X9kCcGHoa,3WnJrRSBnrCBBP1h43kBHFkVhTZZDGGvhkHzXSwfrpKV,459248640,0.45924864,65856
validator_history,HistoryJTGbKQD2mRgLZ3XhqHnN811Qpez8X9kCcGHoa,6xsxHEyeS9sj63mgYjV5ca6jrQUHbxgay2nuQf23iFoS,459248640,0.45924864,65856
validator_history,HistoryJTGbKQD2mRgLZ3XhqHnN811Qpez8X9kCcGHoa,9pZghBoiopUzuNz2sKRNLZYb17iXiWX5D3k35v3avP4G,459248640,0.45924864,65856
validator_history,HistoryJTGbKQD2mRgLZ3XhqHnN811Qpez8X9kCcGHoa,4iCzdaLZk6J371qUSn3FzCUQXQzzXwY245fBbqucFHQq,459248640,0.45924864,65856
validator_history,HistoryJTGbKQD2mRgLZ3XhqHnN811Qpez8X9kCcGHoa,CJo7c4v4GrDtTv5oUdemvg9ak9aYmNCpXCXxf2Ykjhm3,459248640,0.45924864,65856
validator_history,HistoryJTGbKQD2mRgLZ3XhqHnN811Qpez8X9kCcGHoa,6TdoxEmYJYBpyRLCEenQcfDDHwiKmwHzPHSGjBPxJDzF,459248640,0.45924864,65856
validator_history,HistoryJTGbKQD2mRgLZ3XhqHnN811Qpez8X9kCcGHoa,51MzoP1onMsgkoUhw3ATnKeUM1MxrgTdkXcKdNK3QbKu,459248640,0.45924864,65856
validator_history,HistoryJTGbKQD2mRgLZ3XhqHnN811Qpez8X9kCcGHoa,5jRhEhUanKYcv2vYVTz8Ln2SM425vE7Tidg25YJBMTSU,459248640,0.45924864,65856
validator_history,HistoryJTGbKQD2mRgLZ3XhqHnN811Qpez8X9kCcGHoa,DVn3XoxY8L9Uu2kgQoRx46dVgqkKuWyZHqu2T6bh75VK,459248640,0.45924864,65856
validator_history,HistoryJTGbKQD2mRgLZ3XhqHnN811Qpez8X9kCcGHoa,EjJkJ94u6jBmXhJmgY52KYZ6zzuKeXddqCFKghaCeSeQ,459248640,0.45924864,65856
validator_history,HistoryJTGbKQD2mRgLZ3XhqHnN811Qpez8X9kCcGHoa,68SPU5QqyD2F4Mn4Sg3298STRBgJbdkxHbdcxqSCGYky,459248640,0.45924864,65856
validator_history,HistoryJTGbKQD2mRgLZ3XhqHnN811Qpez8X9kCcGHoa,9bQ5Z2S4Fyb7HLi41X2sBnETFWCWu6W2kHJe8fxWy4UA,459248640,0.45924864,65856
validator_history,HistoryJTGbKQD2mRgLZ3XhqHnN811Qpez8X9kCcGHoa,BoaPm63HqLm7iBwfkz4ua3gatFH8c1YggpbDDzLraW3M,459248640,0.45924864,65856
validator_history,HistoryJTGbKQD2mRgLZ3XhqHnN811Qpez8X9kCcGHoa,26LEAAzJDDQhrQ63xZqMVgb4Fp5N4MtkL7rPVfHXzQfH,459248640,0.45924864,65856
validator_history,HistoryJTGbKQD2mRgLZ3XhqHnN811Qpez8X9kCcGHoa,14JfPbpm9ubJYRMDna682tNW7UW6EGhzZxymKzkVFhy5,459248640,0.45924864,65856
validator_history,HistoryJTGbKQD2mRgLZ3XhqHnN811Qpez8X9kCcGHoa,C8oaWviXbgZzZUGYXfFYJctc5tQs2EuAu3yBiFCULd5m,459248640,0.45924864,65856
validator_history,HistoryJTGbKQD2mRgLZ3XhqHnN811Qpez8X9kCcGHoa,2ZPnsstuhZPghmjFrsk4sdde586BHGE8zBLhnX7E8NkS,459248640,0.45924864,65856
validator_history,HistoryJTGbKQD2mRgLZ3XhqHnN811Qpez8X9kCcGHoa,2XAUwoWdwNy3VGBAUuUN5sEqc1k9dsoUvhmBj3scLerV,459248640,0.45924864,65856
validator_history,HistoryJTGbKQD2mRgLZ3XhqHnN811Qpez8X9kCcGHoa,EL7SCSGsur2PymjCykPVZBViCCTAeBaWqPyu8GFBQCmX,459248640,0.45924864,65856
validator_history,HistoryJTGbKQD2mRgLZ3XhqHnN811Qpez8X9kCcGHoa,9Rk7TsEuTAgSPgBYYsUgVN8aXGHqXuYXDJWLR4YQS5Y3,459248640,0.45924864,65856
validator_history,HistoryJTGbKQD2mRgLZ3XhqHnN811Qpez8X9kCcGHoa,BwkjUY8LBfqL6b9MsMj2jcCKejfyxFbJtZtvCjZFhpWu,459248640,0.45924864,65856
validator_history,HistoryJTGbKQD2mRgLZ3XhqHnN811Qpez8X9kCcGHoa,AzfEJp5F882HLJ2vWRw4kMAmAkn5myoPas2Yra5wrtXn,459248640,0.45924864,65856
validator_history,HistoryJTGbKQD2mRgLZ3XhqHnN811Qpez8X9kCcGHoa,G7ZwHTrgtZR5KqkLHiu1ZW3bcj8LCGK3uarbsmEdW1Gk,459248640,0.45924864,65856
validator_history,HistoryJTGbKQD2mRgLZ3XhqHnN811Qpez8X9kCcGHoa,E5THh1zEV5HRLJrmJ1MMmfE9ZpZiqbQmXXpeYZZjM9x6,459249523,0.459249523,65856
validator_history,HistoryJTGbKQD2mRgLZ3XhqHnN811Qpez8X9kCcGHoa,49eHubamdEFd299wDurHa8o1gkuYtZXudGiatEJ7U5Fj,459248640,0.45924864,65856
validator_history,HistoryJTGbKQD2mRgLZ3XhqHnN811Qpez8X9kCcGHoa,BRXWpARo4CXjrw6VAMneXjDnyi563PvhY9EVzei1Q1NT,459248640,0.45924864,65856
validator_history,HistoryJTGbKQD2mRgLZ3XhqHnN811Qpez8X9kCcGHoa,EuWDrviAivXvAisYRcBFzyxryqpyMLCFjEprGJMvBBYm,459248640,0.45924864,65856
validator_history,HistoryJTGbKQD2mRgLZ3XhqHnN811Qpez8X9kCcGHoa,vWzR8spkwTQFsqCmo9jhjKuNuDYN5vK6CDL8hwzoNKS,459248640,0.45924864,65856
validator_history,HistoryJTGbKQD2mRgLZ3XhqHnN811Qpez8X9kCcGHoa,6gbZRncsia8zFM9Lwyg7gMsVmm6zBBYkgVaUwDLk31m6,459248640,0.45924864,65856
validator_history,HistoryJTGbKQD2mRgLZ3XhqHnN811Qpez8X9kCcGHoa,Bat2k7jMUQUv2BKViAjmzWSeZRYDaUYa9gj4b3cJf6U7,459248640,0.45924864,65856
validator_history,HistoryJTGbKQD2mRgLZ3XhqHnN811Qpez8X9kCcGHoa,AN9af7CLWEsC9dzWqDgNDCwbafgx1ZpAXzSsBmxFBvE,459248640,0.45924864,65856
validator_history,HistoryJTGbKQD2mRgLZ3XhqHnN811Qpez8X9kCcGHoa,2LSwANkXpgPKJeaHrSKd73uARyYgduCeyS1g8XvBNEt2,459248640,0.45924864,65856
validator_history,HistoryJTGbKQD2mRgLZ3XhqHnN811Qpez8X9kCcGHoa,FZjKtw2nNRSjH2whyKYTBoRfWRDjVSLvA4TttzwJa2dm,459248640,0.45924864,65856
validator_history,HistoryJTGbKQD2mRgLZ3XhqHnN811Qpez8X9kCcGHoa,EkXVRdiEPVAcKyK8XqesnPoQaunXsy8ffgpdaNgwiooP,459248640,0.45924864,65856
validator_history,HistoryJTGbKQD2mRgLZ3XhqHnN811Qpez8X9kCcGHoa,6zxXiDn3s76xw3NJBMUiPzmheN15cj5Fjwe75fWRUZHE,459248640,0.45924864,65856
validator_history,HistoryJTGbKQD2mRgLZ3XhqHnN811Qpez8X9kCcGHoa,9GqCfLNwCLfP6z1VL5FUpjrYUAAdc7zcTuNyTmyfYoS1,459248640,0.45924864,65856
validator_history,HistoryJTGbKQD2mRgLZ3XhqHnN811Qpez8X9kCcGHoa,2UncFE5VrpxHQ5nfD7n9w9AGARwsa5R2gjcVtuEfoeCk,459248640,0.45924864,65856
validator_history,HistoryJTGbKQD2mRgLZ3XhqHnN811Qpez8X9kCcGHoa,DJxuoCPB4pBFkoiggN7QfHfpBCDJFJHahXHxNWFu5Dwo,459248640,0.45924864,65856
validator_history,HistoryJTGbKQD2mRgLZ3XhqHnN811Qpez8X9kCcGHoa,EZR1FgK4uhpH7PkpKeWkq1fmBm3EYtkCCyUZSjbJ6nb7,459248640,0.45924864,65856
validator_history,HistoryJTGbKQD2mRgLZ3XhqHnN811Qpez8X9kCcGHoa,ArFScPRCAoEHP4TYiD7eKUA8ZWs5MBWFdf5QkHaNch7c,459248640,0.45924864,65856
validator_history,HistoryJTGbKQD2mRgLZ3XhqHnN811Qpez8X9kCcGHoa,FaGoyLmrymUzxQKt6PDbiQVGy9Dvr1dCDT2HZwZXbmTq,459248640,0.45924864,65856
validator_history,HistoryJTGbKQD2mRgLZ3XhqHnN811Qpez8X9kCcGHoa,6mrG81nZZ3haWyAVLusVTpuvQSzZsw6gqwMHETLYipcH,459248640,0.45924864,65856
validator_history,HistoryJTGbKQD2mRgLZ3XhqHnN811Qpez8X9kCcGHoa,Dv3Hm8gNn6fi3oxR5sXgaVGSK5bLp2yrDjZWKJLygua9,459248640,0.45924864,65856
validator_history,HistoryJTGbKQD2mRgLZ3XhqHnN811Qpez8X9kCcGHoa,GiwDJimy7Pga2Hueb535B8KBy578KdKidB7SNE2uwwrM,459248640,0.45924864,65856
validator_history,HistoryJTGbKQD2mRgLZ3XhqHnN811Qpez8X9kCcGHoa,kRtQAPrCQEcHRXHNn1YB2w6ATK7PiKYK9FbZyDzR1a9,459248640,0.45924864,65856
validator_history,HistoryJTGbKQD2mRgLZ3XhqHnN811Qpez8X9kCcGHoa,aQdhiirv1gGhxepDHxvoFhPXTNufAtp6CHxRLsm2cvN,459248640,0.45924864,65856
validator_history,HistoryJTGbKQD2mRgLZ3XhqHnN811Qpez8X9kCcGHoa,C22CpU3qhHKvdhYg7neNq68gUz2ETKY1QGg5rGoJ46uS,459248640,0.45924864,65856
validator_history,HistoryJTGbKQD2mRgLZ3XhqHnN811Qpez8X9kCcGHoa,D9hhsnmSwUYfx5k9tjTxay5oUmrhLHNzxoTqV1ntqBJw,459248640,0.45924864,65856
validator_history,HistoryJTGbKQD2mRgLZ3XhqHnN811Qpez8X9kCcGHoa,BNg2p2SK1f4pTpTPhKam2h5FQ2k1Vagv4yT91HTwgGQm,459248640,0.45924864,65856
validator_history,HistoryJTGbKQD2mRgLZ3XhqHnN811Qpez8X9kCcGHoa,BPCfpX4ry7E1mSMTmSGRWA5WFapWxZbdR4BkdK5rR4nw,459248640,0.45924864,65856
validator_history,HistoryJTGbKQD2mRgLZ3XhqHnN811Qpez8X9kCcGHoa,2FjxF2zX951dbvQ1k3wexy11Mvdnwjvz9MRh5zEjcSmX,459248640,0.45924864,65856
validator_history,HistoryJTGbKQD2mRgLZ3XhqHnN811Qpez8X9kCcGHoa,HT6Wm9UoedZWsjaEXsBDoiG9jDajbYacmhLAaqg3pXvN,459248640,0.45924864,65856
validator_history,HistoryJTGbKQD2mRgLZ3XhqHnN811Qpez8X9kCcGHoa,HBSHQuTi9bfeh9FixhNryMPpJFfkwJpN8EkVXM83Wdty,459248640,0.45924864,65856
validator_history,HistoryJTGbKQD2mRgLZ3XhqHnN811Qpez8X9kCcGHoa,EEGg893WKzxTvqNHHz2ncPPWWS9mKBkdDY1zjfCTvEKG,459248640,0.45924864,65856
validator_history,HistoryJTGbKQD2mRgLZ3XhqHnN811Qpez8X9kCcGHoa,8n82ygbZxUL7jriXEGDrpuFNdGm4Xp9zLoX6ZiL3tjjK,459248640,0.45924864,65856
validator_history,HistoryJTGbKQD2mRgLZ3XhqHnN811Qpez8X9kCcGHoa,E8ueekgBrPrcUgBYV4p7PZQhx2uRsCM14jhnDtGNPRMB,459248640,0.45924864,65856
validator_history,HistoryJTGbKQD2mRgLZ3XhqHnN811Qpez8X9kCcGHoa,HLDpVC7kzCKh9YudWNijgVFwZH45rfPMqD7GtbgDC76T,459248640,0.45924864,65856
validator_history,HistoryJTGbKQD2mRgLZ3XhqHnN811Qpez8X9kCcGHoa,K5H915SztuHX4LctKB4WDUznpCKs3xeMYEVxiZKiYWT,459248640,0.45924864,65856
validator_history,HistoryJTGbKQD2mRgLZ3XhqHnN811Qpez8X9kCcGHoa,26nhCTnopwTA3QZP51p71gRuwXGppbTDRSNpr87K9vfP,459248640,0.45924864,65856
validator_history,HistoryJTGbKQD2mRgLZ3XhqHnN811Qpez8X9kCcGHoa,9ZA5baiA5kitWMGBiYeYENjwx6ewAUFhbC9yAaU6AmA1,459248640,0.45924864,65856
validator_history,HistoryJTGbKQD2mRgLZ3XhqHnN811Qpez8X9kCcGHoa,gyeeKNZZac6N8J67B33WdE1eqRGcGg4Ak4WHqUSjM5C,459248640,0.45924864,65856
validator_history,HistoryJTGbKQD2mRgLZ3XhqHnN811Qpez8X9kCcGHoa,Gi8N5VCtuyhw5cgrMTmyukC9o8TCh3rcdDCyQGp7cmio,459248640,0.45924864,65856
validator_history,HistoryJTGbKQD2mRgLZ3XhqHnN811Qpez8X9kCcGHoa,7kX5WSrNDfQCdzQSarVGzNenwaU2rAmZ5WGWRokNDT9h,459248640,0.45924864,65856
validator_history,HistoryJTGbKQD2mRgLZ3XhqHnN811Qpez8X9kCcGHoa,7WbwjRrS9pBwWvVoQRLVT1vSDNBFqunN1DuzFVWvxWG7,459248640,0.45924864,65856
validator_history,HistoryJTGbKQD2mRgLZ3XhqHnN811Qpez8X9kCcGHoa,GXMB4HEM6GEKvUhybiCWMgm4kyc7tgppd9y89yQxddw6,459248640,0.45924864,65856
validator_history,HistoryJTGbKQD2mRgLZ3XhqHnN811Qpez8X9kCcGHoa,9d6qzdPJeXuxELnNFeAv6wR998FcnHpeg7y41a6NjqMS,459248640,0.45924864,65856
validator_history,HistoryJTGbKQD2mRgLZ3XhqHnN811Qpez8X9kCcGHoa,4zr1rfVksXW6YcRmDG8P5qhxoi5Pxj3oXyk9DsoqKVcv,459248640,0.45924864,65856
validator_history,HistoryJTGbKQD2mRgLZ3XhqHnN811Qpez8X9kCcGHoa,9H9h92DfFWyMcCan9voj3ApDdPYyuvvseMgfWBmNdtKq,459248640,0.45924864,65856
validator_history,HistoryJTGbKQD2mRgLZ3XhqHnN811Qpez8X9kCcGHoa,CqkDFgHzB2EmtsJ7aUf6hKZEEsnuN5rVKvgcFCczbhTB,459248640,0.45924864,65856
validator_history,HistoryJTGbKQD2mRgLZ3XhqHnN811Qpez8X9kCcGHoa,DuuJhxg9ddz8MUZNwLgjcahfUh9AzztaxiRvfkBCwCtq,459248640,0.45924864,65856
validator_history,HistoryJTGbKQD2mRgLZ3XhqHnN811Qpez8X9kCcGHoa,5kagHUExACqkSHvhzZx2JEKw4wAxvupzQHqDYsFTXLhE,459248640,0.45924864,65856
validator_history,HistoryJTGbKQD2mRgLZ3XhqHnN811Qpez8X9kCcGHoa,DwZcfuQrEw9k3ocMgcLHAiin6mmwmVrcT43thCuJMTDa,459248640,0.45924864,65856
validator_history,HistoryJTGbKQD2mRgLZ3XhqHnN811Qpez8X9kCcGHoa,D5FR6PMPiHNMmeA7d6RDjNZcubC6KVMv1tn79xjMn7xG,459248640,0.45924864,65856
validator_history,HistoryJTGbKQD2mRgLZ3XhqHnN811Qpez8X9kCcGHoa,5Zz55uRi8B537vPkeHaMsfNgHfrEtaV2HPivak1CoEVw,459248640,0.45924864,65856
validator_history,HistoryJTGbKQD2mRgLZ3XhqHnN811Qpez8X9kCcGHoa,FaXn4Sed4R7C1cwHWd1X4duJ3ZpdGhyUZM1ixWTZdmSc,459248640,0.45924864,65856
validator_history,HistoryJTGbKQD2mRgLZ3XhqHnN811Qpez8X9kCcGHoa,7HhfKEVT8jnmjYRB1vc6psNKh8vYwNsManE28WHHknSp,459248640,0.45924864,65856
validator_history,HistoryJTGbKQD2mRgLZ3XhqHnN811Qpez8X9kCcGHoa,2NENK4tKAHfJ4D6M8P7uPx7d7LTkFD32YdWPfxEquto2,459248640,0.45924864,65856
validator_history,HistoryJTGbKQD2mRgLZ3XhqHnN811Qpez8X9kCcGHoa,MVumBfwR2Z6XWCBtZZhYgdDnfLAg2PKS241kXKEP7kY,459248640,0.45924864,65856
validator_history,HistoryJTGbKQD2mRgLZ3XhqHnN811Qpez8X9kCcGHoa,5n54n6E71tALWai9RTAPodrrcqvBjPD9RBHhxUMv9VPC,459248640,0.45924864,65856
validator_history,HistoryJTGbKQD2mRgLZ3XhqHnN811Qpez8X9kCcGHoa,Aq1nuoZaKotfPCmp6qbMF3WQocrs5CkHjtmH6ebD4KEd,459248640,0.45924864,65856
validator_history,HistoryJTGbKQD2mRgLZ3XhqHnN811Qpez8X9kCcGHoa,C25AphLShgyTrmyx7jsiz4s8Y1E7o4Y9RHXEDp6EXJF5,459248640,0.45924864,65856
validator_history,HistoryJTGbKQD2mRgLZ3XhqHnN811Qpez8X9kCcGHoa,5hoUDFoLvM4xakKb9RhMUnuMUn1t7wdukMEfZowxF5En,459248640,0.45924864,65856
validator_history,HistoryJTGbKQD2mRgLZ3XhqHnN811Qpez8X9kCcGHoa,3dA4p3wCLnJkgpip6Rhgt1TR6AKaJzWLCWKhpUNZ8Zj1,459248640,0.45924864,65856
validator_history,HistoryJTGbKQD2mRgLZ3XhqHnN811Qpez8X9kCcGHoa,BdX3aiTD5a4u6X3fLSZj3BotLottixEQM6r9J9vZbh4X,459248640,0.45924864,65856
validator_history,HistoryJTGbKQD2mRgLZ3XhqHnN811Qpez8X9kCcGHoa,6Zsyt5wxqaBnBRedqt4Eba2Pt21R3QAeBdSaa5fYyec4,459248640,0.45924864,65856
validator_history,HistoryJTGbKQD2mRgLZ3XhqHnN811Qpez8X9kCcGHoa,2rRVKGwaEKwhRKifDJJqhX9TogLD33meHbGswHGmPeuc,459248640,0.45924864,65856
validator_history,HistoryJTGbKQD2mRgLZ3XhqHnN811Qpez8X9kCcGHoa,6Y9PzB2Q9xBiTXH96u7urveHvwPm7pa2et7w5Frp88Je,459248640,0.45924864,65856
validator_history,HistoryJTGbKQD2mRgLZ3XhqHnN811Qpez8X9kCcGHoa,i5oUssYh13ALBzFpYHo7BFMPn6jafTuYNwC5jRcuHxG,459248640,0.45924864,65856
validator_history,HistoryJTGbKQD2mRgLZ3XhqHnN811Qpez8X9kCcGHoa,ESsPrRZ6VNgXbWWKSs3GdDD2x8aBJZcsL2wmAcZgSizF,459248640,0.45924864,65856
validator_history,HistoryJTGbKQD2mRgLZ3XhqHnN811Qpez8X9kCcGHoa,43wcU3SXUKSseo5fLp66NW8zyf7ztyFCTguuWv5rz3c2,459248640,0.45924864,65856
validator_history,HistoryJTGbKQD2mRgLZ3XhqHnN811Qpez8X9kCcGHoa,2iiN6ZL9dwDzMDjAbSDPRAFm8VG1hjJzyjy4YH3QZ9Jr,459248640,0.45924864,65856
validator_history,HistoryJTGbKQD2mRgLZ3XhqHnN811Qpez8X9kCcGHoa,BckoqWhbzRTfCh4s1yyW2K6fLTMGjSE4bpGSLWCKXM3J,459248640,0.45924864,65856
validator_history,HistoryJTGbKQD2mRgLZ3XhqHnN811Qpez8X9kCcGHoa,Aip3tH414M7p6nYJ4v1wNUD4PgwiFSqZtvqzAyWhnBM,459248640,0.45924864,65856
validator_history,HistoryJTGbKQD2mRgLZ3XhqHnN811Qpez8X9kCcGHoa,FtbZgHobAYjk5czJZhmouNbyodo3tqMAaULupmnfBTGy,459248640,0.45924864,65856
validator_history,HistoryJTGbKQD2mRgLZ3XhqHnN811Qpez8X9kCcGHoa,HcWC1f68uk7PfWhuT2N59VVzxwQUoyJszK9FkJ7KiKFM,459248640,0.45924864,65856
validator_history,HistoryJTGbKQD2mRgLZ3XhqHnN811Qpez8X9kCcGHoa,2YGfCnv4SEXLrMYHLcg8At65zYPD4PVuREpH5NCXCVxN,459248640,0.45924864,65856
validator_history,HistoryJTGbKQD2mRgLZ3XhqHnN811Qpez8X9kCcGHoa,BKDHqHMYpXprwQb2tVCyv8QjRSbhSVR4t6TV3yAzj5W9,459248640,0.45924864,65856
validator_history,HistoryJTGbKQD2mRgLZ3XhqHnN811Qpez8X9kCcGHoa,GQJyKpf7nt2WRz99AU99GxmyXsvP3oBfmD486EC46wbg,459248640,0.45924864,65856
validator_history,HistoryJTGbKQD2mRgLZ3XhqHnN811Qpez8X9kCcGHoa,5Hf3Uv2FmK7ZAChhdjw1PNAuFTkcwqZKw9tkktQuKiLF,459248640,0.45924864,65856
validator_history,HistoryJTGbKQD2mRgLZ3XhqHnN811Qpez8X9kCcGHoa,GKCy3Bp5epMLM8dfUGQKc6wRBUTFrjow6X7mycEowRhZ,459248640,0.45924864,65856
validator_history,HistoryJTGbKQD2mRgLZ3XhqHnN811Qpez8X9kCcGHoa,AAy5epy4Gvma7sQ7AjLj4mUCXXZGBL988syVWCj3d4LX,459248640,0.45924864,65856
validator_history,HistoryJTGbKQD2mRgLZ3XhqHnN811Qpez8X9kCcGHoa,HCaDS1o9eTc8RnzRW2v4MbtXm5xVXw1Bom1cFCJYFtMM,459248640,0.45924864,65856
validator_history,HistoryJTGbKQD2mRgLZ3XhqHnN811Qpez8X9kCcGHoa,HRqSwPHbWdczcszxTAnTjdNCRVz2nhZTR97ssb2iRkS5,459248640,0.45924864,65856
validator_history,HistoryJTGbKQD2mRgLZ3XhqHnN811Qpez8X9kCcGHoa,DCRdN2o8wfUUgmzEjZrH7yBQ2jTkSJeuLpMu6e1CM1g8,459248640,0.45924864,65856
validator_history,HistoryJTGbKQD2mRgLZ3XhqHnN811Qpez8X9kCcGHoa,6mUYWo71yUiY84gG7gj2mdcCQoeGH2K5AEg5kRMJXqtV,459248640,0.45924864,65856
validator_history,HistoryJTGbKQD2mRgLZ3XhqHnN811Qpez8X9kCcGHoa,Cvehn8vfR2NMx7ZFfwyvEr6NvSpm4XsuBrCU5Lrm5Nnc,459248640,0.45924864,65856
validator_history,HistoryJTGbKQD2mRgLZ3XhqHnN811Qpez8X9kCcGHoa,A3Ta8MGMTGZ2UGnaCzZoWfbb4YM9PS4s4gWffxfmxnsy,459248640,0.45924864,65856
validator_history,HistoryJTGbKQD2mRgLZ3XhqHnN811Qpez8X9kCcGHoa,JBA8TZtXYLewDYk7sGSrc6HDk3Dh4bPF6WY6itS9Pidz,459248640,0.45924864,65856
validator_history,HistoryJTGbKQD2mRgLZ3XhqHnN811Qpez8X9kCcGHoa,EctRFfdxCVwSMbfuJFVjrG4Pbwg95EUvjrYo31YZUw6x,459248640,0.45924864,65856
validator_history,HistoryJTGbKQD2mRgLZ3XhqHnN811Qpez8X9kCcGHoa,52DoRhz2uSrLL1zx9mEonUBkFLzWz5Nmvr1YjVEpRjkP,459248640,0.45924864,65856
validator_history,HistoryJTGbKQD2mRgLZ3XhqHnN811Qpez8X9kCcGHoa,5ZQxM91Pz6cZkEv2SSw74HejctqWW8gtvMXh2TFtPNUP,459248640,0.45924864,65856
validator_history,HistoryJTGbKQD2mRgLZ3XhqHnN811Qpez8X9kCcGHoa,CM8KEZriGTaemgWXcnt3CkoxeFPtDkKKpceGupHER3c8,459248640,0.45924864,65856
validator_history,HistoryJTGbKQD2mRgLZ3XhqHnN811Qpez8X9kCcGHoa,3dJNNPjCF68X7xyJRf1TJezo8c9mvLFnf5gJJAL7UY6W,459248640,0.45924864,65856
validator_history,HistoryJTGbKQD2mRgLZ3XhqHnN811Qpez8X9kCcGHoa,BT5Z5hphb6KsKHB2hT2AvFoUcn3t8teYLuPWoPw2wbWA,459248640,0.45924864,65856
validator_history,HistoryJTGbKQD2mRgLZ3XhqHnN811Qpez8X9kCcGHoa,e9qXTMXTFaEf2qggFooBoGnz6tAf4Cjw7sxCjbhonAD,459248640,0.45924864,65856
validator_history,HistoryJTGbKQD2mRgLZ3XhqHnN811Qpez8X9kCcGHoa,DFSPTiEUpkphF8YBf2yAsswk8Qs5e62uVyhR3wfZHkFM,459248640,0.45924864,65856
validator_history,HistoryJTGbKQD2mRgLZ3XhqHnN811Qpez8X9kCcGHoa,6Sjby1xGXVQjCpXbkt2s3eUBeFgAd2j9tYEsgJo2LFov,459248640,0.45924864,65856
validator_history,HistoryJTGbKQD2mRgLZ3XhqHnN811Qpez8X9kCcGHoa,5uVBKVEHb1HqqbkeHEnZtVbgHkArJmiUEcdebL23cxcJ,459248640,0.45924864,65856
validator_history,HistoryJTGbKQD2mRgLZ3XhqHnN811Qpez8X9kCcGHoa,9HEDbM4r5492RRKU5q9NehtAHtJrPzYyTVw42rnSo3do,459248640,0.45924864,65856
validator_history,HistoryJTGbKQD2mRgLZ3XhqHnN811Qpez8X9kCcGHoa,5jqnUBhsuzyu3pdDBoicQ3xH53hH22qovxfAvbp62dpS,459248640,0.45924864,65856
validator_history,HistoryJTGbKQD2mRgLZ3XhqHnN811Qpez8X9kCcGHoa,2BoT5jwc3rL7Zng7Wvy66bf8HExwA8uoCEWyk9NehXxD,459248640,0.45924864,65856
validator_history,HistoryJTGbKQD2mRgLZ3XhqHnN811Qpez8X9kCcGHoa,CtiJQ9P9CjzsKfNAu9KzkaD13P6YBqDo4zpnQLjgcr5U,459248640,0.45924864,65856
validator_history,HistoryJTGbKQD2mRgLZ3XhqHnN811Qpez8X9kCcGHoa,ARENpwZ53bgMbSp42PXw6U15X431y4UZ3F3Xtyn2Xksk,459248640,0.45924864,65856
validator_history,HistoryJTGbKQD2mRgLZ3XhqHnN811Qpez8X9kCcGHoa,AapT9V3c6SVqu73odaNuKmqH1MiiFxoNP7E41KAj9tHr,459248640,0.45924864,65856
validator_history,HistoryJTGbKQD2mRgLZ3XhqHnN811Qpez8X9kCcGHoa,HJr1Ef44knAZUYqq1YM7D6Fz4Hck4qZpJfBoPNtTL2RB,459248640,0.45924864,65856
validator_history,HistoryJTGbKQD2mRgLZ3XhqHnN811Qpez8X9kCcGHoa,3RF5TtMCeGhMKoW9QFKHqTn8rNHa9KgXVEXNg74jXJfa,459248640,0.45924864,65856
validator_history,HistoryJTGbKQD2mRgLZ3XhqHnN811Qpez8X9kCcGHoa,G7koYxJBPM74PuTrkTN9tBhawmYH8C5TMa1bCnYVzdJw,459248640,0.45924864,65856
validator_history,HistoryJTGbKQD2mRgLZ3XhqHnN811Qpez8X9kCcGHoa,BBYwBm23fnABgFNuAkB4gJdV6VbrPtij99m4ME4dsFsc,459248640,0.45924864,65856
validator_history,HistoryJTGbKQD2mRgLZ3XhqHnN811Qpez8X9kCcGHoa,2UXL1KnnPz9MabuCdHo5gkiyCHxgqDHrxKo9nqhA9Rs1,459248640,0.45924864,65856
validator_history,HistoryJTGbKQD2mRgLZ3XhqHnN811Qpez8X9kCcGHoa,8cDFvfiDD7nssGs3TQMTzZxsZRgMPXETuQe6DVKFTPmn,459248640,0.45924864,65856
validator_history,HistoryJTGbKQD2mRgLZ3XhqHnN811Qpez8X9kCcGHoa,7LFcicyuzvvzaNiL1dEi76Yc9PXaMgisfJT9N11TJXuo,459248640,0.45924864,65856
validator_history,HistoryJTGbKQD2mRgLZ3XhqHnN811Qpez8X9kCcGHoa,FPjtrk724AM9GuCCUZg4vqGDjB7L42LNPsYbbVzbZBXz,459249550,0.45924955,65856
validator_history,HistoryJTGbKQD2mRgLZ3XhqHnN811Qpez8X9kCcGHoa,Be4y4HZXEyaHJXdWhWQhgXsJzNiQTY7s25RaN1UEuwa5,459248640,0.45924864,65856
validator_history,HistoryJTGbKQD2mRgLZ3XhqHnN811Qpez8X9kCcGHoa,Es5ak1FBVkEFKU86vpLmUQLB9WfBC1DgRi7Ki3owWzxD,459248640,0.45924864,65856
validator_history,HistoryJTGbKQD2mRgLZ3XhqHnN811Qpez8X9kCcGHoa,6bWnjZfrRoFUcoCjD3hJHyb5WTy6aw2nGeRbsSw4oT3B,459248640,0.45924864,65856
validator_history,HistoryJTGbKQD2mRgLZ3XhqHnN811Qpez8X9kCcGHoa,HfdUBhgFsAgrPDrFYUGggm6rJzVtoEk1zXj2bwZ1nQEm,459248640,0.45924864,65856
validator_history,HistoryJTGbKQD2mRgLZ3XhqHnN811Qpez8X9kCcGHoa,5Qm1BhhtwRcoHEeuzvdtVR4AyQBVMpA2vLGFaey4ye5J,459248640,0.45924864,65856
validator_history,HistoryJTGbKQD2mRgLZ3XhqHnN811Qpez8X9kCcGHoa,AD92os7oneAaW2xcuVkoBqvd8DJWk36DQ72bsQJSFyWa,459248640,0.45924864,65856
validator_history,HistoryJTGbKQD2mRgLZ3XhqHnN811Qpez8X9kCcGHoa,GKwt5srj8TjLVF42P6rU5xdy2YGYyWL9EhgccdTqUV46,459248640,0.45924864,65856
validator_history,HistoryJTGbKQD2mRgLZ3XhqHnN811Qpez8X9kCcGHoa,GvbhVQM64Cdg5evaH6isg9LCFSERnU8bKPRedi7jisQg,459248640,0.45924864,65856
validator_history,HistoryJTGbKQD2mRgLZ3XhqHnN811Qpez8X9kCcGHoa,Vy96n1qFi8o6Qe3gy9anDbKEBETAkp2grNpGwnjTmV5,459248640,0.45924864,65856
validator_history,HistoryJTGbKQD2mRgLZ3XhqHnN811Qpez8X9kCcGHoa,GBXt45Wqad7BngYKNpRCkc6VjHKxQqVyXTsYYBJ1PCU,459248640,0.45924864,65856
validator_history,HistoryJTGbKQD2mRgLZ3XhqHnN811Qpez8X9kCcGHoa,4x1mjXp5ZQfcBp6mtBTLeFjGc8gBQ2QgY7tGDrJgMw7H,459248640,0.45924864,65856
validator_history,HistoryJTGbKQD2mRgLZ3XhqHnN811Qpez8X9kCcGHoa,4mtQvdEchovGBHYHtK8cbYuP9H7CW1iZMzcxcK3jN7Pa,459248640,0.45924864,65856
validator_history,HistoryJTGbKQD2mRgLZ3XhqHnN811Qpez8X9kCcGHoa,5x2WkFAiiaCjwhKZnK5QR6UPFerEDVpEqG997YQXm2gQ,459248640,0.45924864,65856
validator_history,HistoryJTGbKQD2mRgLZ3XhqHnN811Qpez8X9kCcGHoa,3GcAZFHcKMJdAahwghmcNww1AZTwtGKYUen13YUHvAUA,459248640,0.45924864,65856
validator_history,HistoryJTGbKQD2mRgLZ3XhqHnN811Qpez8X9kCcGHoa,ebW3oX6J2kgfgMWd55rMu6eo6WpCzmpNR3dd5iWcTZB,459248640,0.45924864,65856
validator_history,HistoryJTGbKQD2mRgLZ3XhqHnN811Qpez8X9kCcGHoa,54Gq8f4F1x84Xzd41iJxnxSP8sjv2Ze1XY21yk9ZF1Df,459248640,0.45924864,65856
validator_history,HistoryJTGbKQD2mRgLZ3XhqHnN811Qpez8X9kCcGHoa,D2tUHD4KitsvXgAmQmhtvMPDEUngEUADbKNXheaeyEr6,459248640,0.45924864,65856
validator_history,HistoryJTGbKQD2mRgLZ3XhqHnN811Qpez8X9kCcGHoa,JAHT6j5VtEYqZARTEKzbeWqpSAj3hHofK3BvP1eTwEzy,459248640,0.45924864,65856
validator_history,HistoryJTGbKQD2mRgLZ3XhqHnN811Qpez8X9kCcGHoa,EFWvbwUNTkxonQD28TtsscYDEztJMnptZgJiFNT3EZTJ,459248640,0.45924864,65856
validator_history,HistoryJTGbKQD2mRgLZ3XhqHnN811Qpez8X9kCcGHoa,5iARhhMSBkBcpjiL8tbSyP1XYuyAgBEQ8tTiZXXS9dbW,459248640,0.45924864,65856
validator_history,HistoryJTGbKQD2mRgLZ3XhqHnN811Qpez8X9kCcGHoa,J6cgZ4Ds81VcvghwF7MuBoyxkcWRbFYcsSDfmkGx6uSp,459248640,0.45924864,65856
validator_history,HistoryJTGbKQD2mRgLZ3XhqHnN811Qpez8X9kCcGHoa,HQSDfpwfkQiHWX9yfxeAGsFH683ucYCoFbYrv9UurSQj,459248640,0.45924864,65856
validator_history,HistoryJTGbKQD2mRgLZ3XhqHnN811Qpez8X9kCcGHoa,AY9qyVW7vGRFZS6Aigg9YRGhjv5xfVorFSbTQ5SYQJVm,459248640,0.45924864,65856
validator_history,HistoryJTGbKQD2mRgLZ3XhqHnN811Qpez8X9kCcGHoa,C8aLTssGArA3keuPF3nC4zdnbWyi31d2Kc1UMsYoSWcJ,459248640,0.45924864,65856
validator_history,HistoryJTGbKQD2mRgLZ3XhqHnN811Qpez8X9kCcGHoa,7AKBbzVzeHHcvq8kEj3d9bSfDqEMD2RAcSybtM3tQbdv,459248640,0.45924864,65856
validator_history,HistoryJTGbKQD2mRgLZ3XhqHnN811Qpez8X9kCcGHoa,4pu83Tuog9T3ZeaQ5Uv49jHDWkc9QXipmAcc4mAVNHuX,459248640,0.45924864,65856
validator_history,HistoryJTGbKQD2mRgLZ3XhqHnN811Qpez8X9kCcGHoa,gSPoE3V7WGTg7Pzhdr3UtYjhAWM3i1zVZFr9fhQibLA,459248640,0.45924864,65856
validator_history,HistoryJTGbKQD2mRgLZ3XhqHnN811Qpez8X9kCcGHoa,rPx1CWoY8qgJQ9p6imEanZPutSnvTTutWn6vEke1XMe,459248640,0.45924864,65856
validator_history,HistoryJTGbKQD2mRgLZ3XhqHnN811Qpez8X9kCcGHoa,6PzuEZAahf2o39nfXSCMPNQrhKN4qWchqnYvxgqEVYDU,459248640,0.45924864,65856
validator_history,HistoryJTGbKQD2mRgLZ3XhqHnN811Qpez8X9kCcGHoa,GEy4NjV2RXRquAWAm3kxRc1rFkxDuKqwaAUr88RV4ktK,459248640,0.45924864,65856
validator_history,HistoryJTGbKQD2mRgLZ3XhqHnN811Qpez8X9kCcGHoa,ASnKbwNKVCDr8MbnWPtiAUZRkVLZgpEti1Kp7ESxZbRp,459248640,0.45924864,65856
validator_history,HistoryJTGbKQD2mRgLZ3XhqHnN811Qpez8X9kCcGHoa,ARfvsrzAbwTikZw8QG3CsEveFM5EUFsuemuFufn18KZR,459248640,0.45924864,65856
validator_history,HistoryJTGbKQD2mRgLZ3XhqHnN811Qpez8X9kCcGHoa,7Q3yhZivWDFAqBsTNYN4eLEhHBJjdqpdwxfk4EL2oUZF,459248640,0.45924864,65856
validator_history,HistoryJTGbKQD2mRgLZ3XhqHnN811Qpez8X9kCcGHoa,EDEQBGFmXYWNHZRLzGYGv3cwdQMB83VzxSW36gzo1Rzn,459248640,0.45924864,65856
validator_history,HistoryJTGbKQD2mRgLZ3XhqHnN811Qpez8X9kCcGHoa,3FX7EohFG2T4g3JEgSADaQ8KzrPZ3891e7UG1mPDM6jr,459248640,0.45924864,65856
validator_history,HistoryJTGbKQD2mRgLZ3XhqHnN811Qpez8X9kCcGHoa,BnwYWgRZYiBjjbwkeRZ7bibZ81aL68FwFDTuX9qsCZ7F,459248640,0.45924864,65856
validator_history,HistoryJTGbKQD2mRgLZ3XhqHnN811Qpez8X9kCcGHoa,DLJm92KvCE1sfcDWeAFXnFbwUEvTNBqkZBKdQGVdB35e,459248640,0.45924864,65856
validator_history,HistoryJTGbKQD2mRgLZ3XhqHnN811Qpez8X9kCcGHoa,C5s9fwyhc9vNDUM3sp3Bz1HLZJCk5V4u6DrTeRFt7Mqw,459248640,0.45924864,65856
validator_history,HistoryJTGbKQD2mRgLZ3XhqHnN811Qpez8X9kCcGHoa,ALaRXBW3WH4Kt92Aui71eanGBZQBeAxCePukYFefzavw,459248640,0.45924864,65856
validator_history,HistoryJTGbKQD2mRgLZ3XhqHnN811Qpez8X9kCcGHoa,4KxKfZeh9uakWiX286sednTeGsxQDJY8AAWWyrzdRCGK,459248640,0.45924864,65856
validator_history,HistoryJTGbKQD2mRgLZ3XhqHnN811Qpez8X9kCcGHoa,3VtNCTvTqL1xgQ9UcyWorFFYbdeJmqMCSMZnfpEQX2rM,459248640,0.45924864,65856
validator_history,HistoryJTGbKQD2mRgLZ3XhqHnN811Qpez8X9kCcGHoa,8cCU6bLMrAzxb9rvRWHNT7PtWLkcd9CgAFh5axZQWrCt,459248640,0.45924864,65856
validator_history,HistoryJTGbKQD2mRgLZ3XhqHnN811Qpez8X9kCcGHoa,AwBBjApY4JzZxabcWqAAY5jKdRLVUbW3Ka7MDPNR3Jht,459248640,0.45924864,65856
validator_history,HistoryJTGbKQD2mRgLZ3XhqHnN811Qpez8X9kCcGHoa,2FF5V43bhSQVhYLbBR1HMKfFiMa8dFfiLeVyWL2QnTpn,459248640,0.45924864,65856
validator_history,HistoryJTGbKQD2mRgLZ3XhqHnN811Qpez8X9kCcGHoa,8tuBqDyUK8WdsgEc15FyBKaJ2RfHDAmPUPmAR2My7y9C,459248640,0.45924864,65856
validator_history,HistoryJTGbKQD2mRgLZ3XhqHnN811Qpez8X9kCcGHoa,6GGCz9rZbwcQa1v5SvHmDir8XraBLAELhLodceHEMqKp,459248640,0.45924864,65856
validator_history,HistoryJTGbKQD2mRgLZ3XhqHnN811Qpez8X9kCcGHoa,AfG7uX9UBhMQxm3v25za14UgGA7eQjSTxGqZ7xQGhkGh,459248640,0.45924864,65856
validator_history,HistoryJTGbKQD2mRgLZ3XhqHnN811Qpez8X9kCcGHoa,EsWuJgbRkNWnJtaZekgeMa1yTd6JM9Xfjx7hx5CP2iNB,459248640,0.45924864,65856
validator_history,HistoryJTGbKQD2mRgLZ3XhqHnN811Qpez8X9kCcGHoa,3SVox8e8UKZUHSqdou6jbGbPtV7U42xiSc8zXtFJFZ8u,459248640,0.45924864,65856
validator_history,HistoryJTGbKQD2mRgLZ3XhqHnN811Qpez8X9kCcGHoa,3NQFbAkTAkv7DJL4dCyT2ExE4NPwVVHatHBESVmHD6gF,459248640,0.45924864,65856
validator_history,HistoryJTGbKQD2mRgLZ3XhqHnN811Qpez8X9kCcGHoa,5SZ2PKUZtbpUtcaXmULbeBzusM9WmLY7imYtxptnkJd,459248640,0.45924864,65856
validator_history,HistoryJTGbKQD2mRgLZ3XhqHnN811Qpez8X9kCcGHoa,ELyBroriAJW4woeg8mDKDkJ48Z6MdYvRNfZgjjcq5Tb3,459248640,0.45924864,65856
validator_history,HistoryJTGbKQD2mRgLZ3XhqHnN811Qpez8X9kCcGHoa,F9VDePdwkYnXvRctpZgTtfr6b7rUXHRNma7W3mpeFCbu,459248640,0.45924864,65856
validator_history,HistoryJTGbKQD2mRgLZ3XhqHnN811Qpez8X9kCcGHoa,7DJ9gTbZv7tsV7uz4K5sxraFQS6Vi8bEm6Q5S2vDxwhr,459248640,0.45924864,65856
validator_history,HistoryJTGbKQD2mRgLZ3XhqHnN811Qpez8X9kCcGHoa,2gk9XyjRGE5MgQDJA4LiKUJKTabfSVKVHf4No7bhMom6,459248640,0.45924864,65856
validator_history,HistoryJTGbKQD2mRgLZ3XhqHnN811Qpez8X9kCcGHoa,m2s1DivVyTwvxxgYZimMemPWnXjz4Xu5DjTzJXEEyrF,459248640,0.45924864,65856
validator_history,HistoryJTGbKQD2mRgLZ3XhqHnN811Qpez8X9kCcGHoa,3Fy4S2rz5Bgevj6Ufn83fv2szFx9DoD813rR9YyKf64M,459248640,0.45924864,65856
validator_history,HistoryJTGbKQD2mRgLZ3XhqHnN811Qpez8X9kCcGHoa,7Z4qV8gXvAVvdsPJmhkKqHEVFNAvn2YpAwERjScUM8Vu,459248640,0.45924864,65856
validator_history,HistoryJTGbKQD2mRgLZ3XhqHnN811Qpez8X9kCcGHoa,73oB5nUmSQPqLKeKuD3F9gkc8XZktiAL8sWFoK9Hat6n,459248640,0.45924864,65856
validator_history,HistoryJTGbKQD2mRgLZ3XhqHnN811Qpez8X9kCcGHoa,34YvwsMdaCCLYeXKA3goccRxHPmzDi6k4wcRkBDssozt,459248640,0.45924864,65856
validator_history,HistoryJTGbKQD2mRgLZ3XhqHnN811Qpez8X9kCcGHoa,EZBhsi4rr9B3QsvbvtCFqcmifg8wYB8G37BG4X6ntcyQ,459248640,0.45924864,65856
validator_history,HistoryJTGbKQD2mRgLZ3XhqHnN811Qpez8X9kCcGHoa,6yFnh5NsKuKgDa9oyVdAPSG6exmaMSdUfgvt1ubBhZAg,459248640,0.45924864,65856
validator_history,HistoryJTGbKQD2mRgLZ3XhqHnN811Qpez8X9kCcGHoa,BW3yBXMTgcyJ8TKLSixDa2gUZQqDYWiiRTgDGUgz5ShR,459248640,0.45924864,65856
validator_history,HistoryJTGbKQD2mRgLZ3XhqHnN811Qpez8X9kCcGHoa,3wFcDhXFwGQhQZH4NLx4GCarUkDfhehYHx2cJ27PCBXo,459248640,0.45924864,65856
validator_history,HistoryJTGbKQD2mRgLZ3XhqHnN811Qpez8X9kCcGHoa,BfF6GFjWa7k7yTffwoCDKdCC9Af1AczPZihfQUuMNfcc,459248640,0.45924864,65856
validator_history,HistoryJTGbKQD2mRgLZ3XhqHnN811Qpez8X9kCcGHoa,E1rsCGMPjZg5RQtsXHU5BESp8v82HrA3K4TV8ysbPoNF,459248640,0.45924864,65856
validator_history,HistoryJTGbKQD2mRgLZ3XhqHnN811Qpez8X9kCcGHoa,5ejAmRuaatEPk145j2f1E85a3ZKbh5QhEwkHYGa4A2WZ,459248640,0.45924864,65856
validator_history,HistoryJTGbKQD2mRgLZ3XhqHnN811Qpez8X9kCcGHoa,BWL38kqTVKqed1rNLkRe9g3WgfyzvZMGKR31cmX4TEvM,459248640,0.45924864,65856
validator_history,HistoryJTGbKQD2mRgLZ3XhqHnN811Qpez8X9kCcGHoa,CHE1F2uLjcqZ4YGtGRaKJHRToigaSeVG73xMFdAUmLq,459248640,0.45924864,65856
validator_history,HistoryJTGbKQD2mRgLZ3XhqHnN811Qpez8X9kCcGHoa,Czyh9kZ8vq26Y8Fq4p5LRMpxmT5U6PfBshbYHxcP6V8m,459248640,0.45924864,65856
validator_history,HistoryJTGbKQD2mRgLZ3XhqHnN811Qpez8X9kCcGHoa,2U46cQUcypunjmwDG4rzGX17QCMKiA9cga1EUCoLnFcd,459248640,0.45924864,65856
validator_history,HistoryJTGbKQD2mRgLZ3XhqHnN811Qpez8X9kCcGHoa,Donh6nSdT5MioDhi9nt7wnGCHvaxx6mJfmuseZTBwV5n,459248640,0.45924864,65856
validator_history,HistoryJTGbKQD2mRgLZ3XhqHnN811Qpez8X9kCcGHoa,FemuJzHf1YK4ZXm5k6bCKErhzm5p5Lhgb5No2SfkxvJ5,459248640,0.45924864,65856
validator_history,HistoryJTGbKQD2mRgLZ3XhqHnN811Qpez8X9kCcGHoa,6N5kCLbPLQiVGiGfGitEYByK7JpKfX6dwAWoRHNRs9JH,459248640,0.45924864,65856
validator_history,HistoryJTGbKQD2mRgLZ3XhqHnN811Qpez8X9kCcGHoa,G8RR7HY9wL8M7Pg4TrqwTc3z4ojego9h4srmqTcz7m8j,459248640,0.45924864,65856
validator_history,HistoryJTGbKQD2mRgLZ3XhqHnN811Qpez8X9kCcGHoa,568ZLg6JSkv8pfHNsdQ6tFFDzMpEZpe5JCDgD6fhacb3,459248640,0.45924864,65856
validator_history,HistoryJTGbKQD2mRgLZ3XhqHnN811Qpez8X9kCcGHoa,F6Vs3KAfymkUVJ9XchV5Hioh5wEXMeUkxPJ5RAMu3BeY,459248640,0.45924864,65856
validator_history,HistoryJTGbKQD2mRgLZ3XhqHnN811Qpez8X9kCcGHoa,EeBDJaYzqfRJMr8xHPP7PNqQrxyxEfr4qE2A4BAWGsjB,459248640,0.45924864,65856
validator_history,HistoryJTGbKQD2mRgLZ3XhqHnN811Qpez8X9kCcGHoa,HHAP2G7ev2vRxthFi1dp1UJpJHyUwwEnPqvm2o7W6fTJ,459248640,0.45924864,65856
validator_history,HistoryJTGbKQD2mRgLZ3XhqHnN811Qpez8X9kCcGHoa,66NBuWBSB8uYekTaiGrp77WpWnQXnn47tcQWU6mE8f2u,459248640,0.45924864,65856
validator_history,HistoryJTGbKQD2mRgLZ3XhqHnN811Qpez8X9kCcGHoa,H7HaAgNjDzWU8frnVhSDZkffo3MC9eY5uF1hNNkGfLiq,459248640,0.45924864,65856
validator_history,HistoryJTGbKQD2mRgLZ3XhqHnN811Qpez8X9kCcGHoa,4eWfyxqzxWtCirFGYrffKRzjMaF69a6YjYKrF7tC7tcU,459248640,0.45924864,65856
validator_history,HistoryJTGbKQD2mRgLZ3XhqHnN811Qpez8X9kCcGHoa,6ywBVAyD39vQrkpnkzfdum6CniSimV3sxwhgnCs2WjzZ,459248640,0.45924864,65856
validator_history,HistoryJTGbKQD2mRgLZ3XhqHnN811Qpez8X9kCcGHoa,2P5cViptng8UfbQoFzQdDqUcqTQzP9nQZScxkpoRFCi2,459248640,0.45924864,65856
validator_history,HistoryJTGbKQD2mRgLZ3XhqHnN811Qpez8X9kCcGHoa,BftMLAEiBfCdFHA7DqFRcrKhz6utSAh4eQNSYaDA5QdM,459248640,0.45924864,65856
validator_history,HistoryJTGbKQD2mRgLZ3XhqHnN811Qpez8X9kCcGHoa,GL6faUQPwBwJKh5vPbLTbjdXbqgMWvJix9sLwKhHGCnD,459248640,0.45924864,65856
validator_history,HistoryJTGbKQD2mRgLZ3XhqHnN811Qpez8X9kCcGHoa,7WfNum521LwqiZ1G7NKzbUdQw5YHJrC7rKLBNMYZdgW2,459248640,0.45924864,65856
validator_history,HistoryJTGbKQD2mRgLZ3XhqHnN811Qpez8X9kCcGHoa,Deu2gBveDABeef3s43US2gWPA3dKvmPHR9DLPV43gizH,459248640,0.45924864,65856
validator_history,HistoryJTGbKQD2mRgLZ3XhqHnN811Qpez8X9kCcGHoa,vyHUUFXoGuPBEmeErfWwhJoXWbfaBwvKenMJesPffd3,459248640,0.45924864,65856
validator_history,HistoryJTGbKQD2mRgLZ3XhqHnN811Qpez8X9kCcGHoa,EvLMKX8N2byoXjZ1N1bFNDSFe1CJXzaZP6zXvSWEvpQd,459248640,0.45924864,65856
validator_history,HistoryJTGbKQD2mRgLZ3XhqHnN811Qpez8X9kCcGHoa,CunMir8BcdFEZdxUWscRHkci8wYGYLL1qqK4EoiqnGeZ,459248640,0.45924864,65856
validator_history,HistoryJTGbKQD2mRgLZ3XhqHnN811Qpez8X9kCcGHoa,56Wh6bBq2EygmH1vudR7ZTSkax8pqjv4MavzswFM2BB9,459248640,0.45924864,65856
validator_history,HistoryJTGbKQD2mRgLZ3XhqHnN811Qpez8X9kCcGHoa,GQuwxLEVrVnJJQA8FqDGbVbMrriCBfBapeCdftcbALKC,459248640,0.45924864,65856
validator_history,HistoryJTGbKQD2mRgLZ3XhqHnN811Qpez8X9kCcGHoa,H2UU5EYZV6ikajDJrmKmqgwwJyZEGuDpWWPYiox1usho,459248640,0.45924864,65856
validator_history,HistoryJTGbKQD2mRgLZ3XhqHnN811Qpez8X9kCcGHoa,Dmy1eaTtMk8dQWh9BRWGrAFH5sDxXcAppuX3vXoibLHr,459248640,0.45924864,65856
validator_history,HistoryJTGbKQD2mRgLZ3XhqHnN811Qpez8X9kCcGHoa,FLb8zWVrqsk6uEMeT62nfYeDhX3cQFBBy5S7zbyhjVu6,459248640,0.45924864,65856
validator_history,HistoryJTGbKQD2mRgLZ3XhqHnN811Qpez8X9kCcGHoa,CtXZsSP1hqZSe7qxS3YCMniz66Saf2wx52FPXSGonCoT,459248640,0.45924864,65856
validator_history,HistoryJTGbKQD2mRgLZ3XhqHnN811Qpez8X9kCcGHoa,B2emGbXuCKfxhPn5fsUrenzwaXJtToUiofDF4F9qvS2J,459248640,0.45924864,65856
validator_history,HistoryJTGbKQD2mRgLZ3XhqHnN811Qpez8X9kCcGHoa,GdxEKbFnw9tN1ZZ85w4C47t5X6VuL3BSCtQAH8ffizWN,459248640,0.45924864,65856
validator_history,HistoryJTGbKQD2mRgLZ3XhqHnN811Qpez8X9kCcGHoa,Ed14MV5vuUGyAZ66D8W4CHWP1wKRLWu8DrL5oTkXFX31,459248640,0.45924864,65856
validator_history,HistoryJTGbKQD2mRgLZ3XhqHnN811Qpez8X9kCcGHoa,6ZnrYXV9GTy6JZoG5hjMM8dLbDhcueZJEs4C4dskEB62,459248640,0.45924864,65856
validator_history,HistoryJTGbKQD2mRgLZ3XhqHnN811Qpez8X9kCcGHoa,B9WswoCEExFNNVgqBCiSYopKz1oudbzrxNSZjbwL5f4z,459248640,0.45924864,65856
validator_history,HistoryJTGbKQD2mRgLZ3XhqHnN811Qpez8X9kCcGHoa,3ZS2Rggh2YEAsTorfZuoy5HtM5gPS84c148WieofZFDG,459248640,0.45924864,65856
validator_history,HistoryJTGbKQD2mRgLZ3XhqHnN811Qpez8X9kCcGHoa,6oVzHPQZdZKP76u5RBtLGMnvb6p3WFi9bLn4hjVop4T5,459248640,0.45924864,65856
validator_history,HistoryJTGbKQD2mRgLZ3XhqHnN811Qpez8X9kCcGHoa,HoLPkQLMGLQHvbmKhHR5oNe9BC9VJj7nXKdNdnXRmqaX,459248640,0.45924864,65856
validator_history,HistoryJTGbKQD2mRgLZ3XhqHnN811Qpez8X9kCcGHoa,6ytEbpPCXnZhnCAnMWGtNPWpv1MMAshZ1WFhvHwfkomC,459248640,0.45924864,65856
validator_history,HistoryJTGbKQD2mRgLZ3XhqHnN811Qpez8X9kCcGHoa,EJBZWQbWrcM5xeooHSxqScvrP3uUGviT5JSGuUDLDFCE,459248640,0.45924864,65856
validator_history,HistoryJTGbKQD2mRgLZ3XhqHnN811Qpez8X9kCcGHoa,EmrxW5jdy6KdHarUpG8zpDPtd6PLhoq6hZVCABLZxCfS,459248640,0.45924864,65856
validator_history,HistoryJTGbKQD2mRgLZ3XhqHnN811Qpez8X9kCcGHoa,8ufDgrVAYTc3vaz7yXshNY6HVbXjvD6tx42tznnUCceX,459248640,0.45924864,65856
validator_history,HistoryJTGbKQD2mRgLZ3XhqHnN811Qpez8X9kCcGHoa,2dTbZ8VpkT897dmJgXg8rHoaMaCi9Hm6K6GV3pv2QMcR,459248640,0.45924864,65856
validator_history,HistoryJTGbKQD2mRgLZ3XhqHnN811Qpez8X9kCcGHoa,Gm1zYUNhiUNRWqDNock5PVdDzjVQumJjAswJmaxgdD7f,459248640,0.45924864,65856
validator_history,HistoryJTGbKQD2mRgLZ3XhqHnN811Qpez8X9kCcGHoa,EvGDkkaFi2YWdU4X8Px3xhrAG5tYBBRCswkYTJUtPEc4,459248640,0.45924864,65856
validator_history,HistoryJTGbKQD2mRgLZ3XhqHnN811Qpez8X9kCcGHoa,9wzQC2pyZoEuZNcDothY3N9obr4Qe9bgN3QwEKy7SuvX,459248640,0.45924864,65856
validator_history,HistoryJTGbKQD2mRgLZ3XhqHnN811Qpez8X9kCcGHoa,2ktXqCFYdGsjk1a7k9M9P9pFrQRkQTKnZ4NL2zkBq8Nc,459248640,0.45924864,65856
validator_history,HistoryJTGbKQD2mRgLZ3XhqHnN811Qpez8X9kCcGHoa,GXtUN5X8neLPh83rVgyGXV6pzka5Wecr3uTGs2CPMQUe,459248640,0.45924864,65856
validator_history,HistoryJTGbKQD2mRgLZ3XhqHnN811Qpez8X9kCcGHoa,crwGiwYpqjLQ7WvqL4qiaBR9u6T8fAV5iRykWFvZ2Na,459248640,0.45924864,65856
validator_history,HistoryJTGbKQD2mRgLZ3XhqHnN811Qpez8X9kCcGHoa,5S1XfeyZ5BvEZaCJd7EpLTPhRrNXVH28TJnGewJ5qccL,459248640,0.45924864,65856
validator_history,HistoryJTGbKQD2mRgLZ3XhqHnN811Qpez8X9kCcGHoa,8GbqPq7iP3ZniC2hpUv7YQs9ypMDK6DbRA1hK9NvVxac,459248640,0.45924864,65856
validator_history,HistoryJTGbKQD2mRgLZ3XhqHnN811Qpez8X9kCcGHoa,EUyVVK5dAVA7e6ZKxzmoEXzhitn1GYN84Nou5wWi8TXa,459248640,0.45924864,65856
validator_history,HistoryJTGbKQD2mRgLZ3XhqHnN811Qpez8X9kCcGHoa,8exdPAgbKC9vBduL54i7mUCW9uyB7UVjNQKEExU4fMQ,459248640,0.45924864,65856
validator_history,HistoryJTGbKQD2mRgLZ3XhqHnN811Qpez8X9kCcGHoa,2kyxkGAVr59zfihcZZknRMrFCdKnqG5EB18D5fgXRmfY,459248640,0.45924864,65856
validator_history,HistoryJTGbKQD2mRgLZ3XhqHnN811Qpez8X9kCcGHoa,8ShDo1KxFdRrnaF7EE38mvbTdfT9QJdoeWFV4RQDrJpc,459248640,0.45924864,65856
validator_history,HistoryJTGbKQD2mRgLZ3XhqHnN811Qpez8X9kCcGHoa,B9ryuuPRu3tJ2ZR1Dcj8yDDa2L71yBFZBc7cCx6ZduUE,459248640,0.45924864,65856
validator_history,HistoryJTGbKQD2mRgLZ3XhqHnN811Qpez8X9kCcGHoa,GwNgEwVPvqgV8DipdpM8SrhxW8VdXpjbEG9qLxQwCAqt,459248640,0.45924864,65856
validator_history,HistoryJTGbKQD2mRgLZ3XhqHnN811Qpez8X9kCcGHoa,84HrXiMRg7ntGMe1Uyjo5UUohGQCB4oow3HHGxafh7Qf,459248640,0.45924864,65856
validator_history,HistoryJTGbKQD2mRgLZ3XhqHnN811Qpez8X9kCcGHoa,BFh5gtkXv5gm7BiQPgYMjexPNhU4jpMkAmvPtrKnCGko,459248640,0.45924864,65856
validator_history,HistoryJTGbKQD2mRgLZ3XhqHnN811Qpez8X9kCcGHoa,FiabPBcopPk4uJsHvFuo87TAHv26pe8QxEwy3bxjRLv2,459248640,0.45924864,65856
validator_history,HistoryJTGbKQD2mRgLZ3XhqHnN811Qpez8X9kCcGHoa,AtttuNCMFX8G8XdpSGSRVJWpxCkaHdnXbvs3QRdVaiYD,459248640,0.45924864,65856
validator_history,HistoryJTGbKQD2mRgLZ3XhqHnN811Qpez8X9kCcGHoa,CcaVTAt3XHb3yp7ZUTMrLrpytG6dU17zJVqMAudTEZrR,459248640,0.45924864,65856
validator_history,HistoryJTGbKQD2mRgLZ3XhqHnN811Qpez8X9kCcGHoa,29v69fUtasNGzd9y18DvkPeVBD4jcnjqMzCd9qUC3DTx,459248640,0.45924864,65856
validator_history,HistoryJTGbKQD2mRgLZ3XhqHnN811Qpez8X9kCcGHoa,8aCQPNKf2zC37cW3DJtW7GuERTp1B3hu8YApH9YzqxfE,459248640,0.45924864,65856
validator_history,HistoryJTGbKQD2mRgLZ3XhqHnN811Qpez8X9kCcGHoa,2tSkCHbkD8vFRXo7jSDMi8krUa6AXVQPrkyNmg46U51y,459248640,0.45924864,65856
validator_history,HistoryJTGbKQD2mRgLZ3XhqHnN811Qpez8X9kCcGHoa,7QXsXwA6QJdfQXoqvNxWiUQu5mcHDZA2Ydy323L7Xoh1,459248640,0.45924864,65856
validator_history,HistoryJTGbKQD2mRgLZ3XhqHnN811Qpez8X9kCcGHoa,BRD4upGJZiDoamrFevq4pkLuHQgYcrCiZpC9UGB49WTH,459248640,0.45924864,65856
validator_history,HistoryJTGbKQD2mRgLZ3XhqHnN811Qpez8X9kCcGHoa,EnQa1MMwvtQGdLWhQ2UDWs6yYFXFQ9N4VneSu7CUeRVN,459248640,0.45924864,65856
validator_history,HistoryJTGbKQD2mRgLZ3XhqHnN811Qpez8X9kCcGHoa,8FKB2y5WUG6rVyjxxeL7wg3wXfCXxuRnM5BHpXp2hPjd,459248640,0.45924864,65856
validator_history,HistoryJTGbKQD2mRgLZ3XhqHnN811Qpez8X9kCcGHoa,EYKSxUaUfZotqVo3A3tMMrVoDKS1WVj1dEvL3fwn5g7T,459248640,0.45924864,65856
validator_history,HistoryJTGbKQD2mRgLZ3XhqHnN811Qpez8X9kCcGHoa,HSH3EU6w338ABT9CrXsHnHWfA6nX1b4jf2V4Nw4WxgCR,459248640,0.45924864,65856
validator_history,HistoryJTGbKQD2mRgLZ3XhqHnN811Qpez8X9kCcGHoa,2fXcdVH9wvJnPqpjPH97UmVV1xZsJuPfEUgnvi3NRdub,459248640,0.45924864,65856
validator_history,HistoryJTGbKQD2mRgLZ3XhqHnN811Qpez8X9kCcGHoa,3oxEgBU1yRPtvErBKX2WsH4c7AcpKHQSxnJXDBVQ4KTJ,459248640,0.45924864,65856
validator_history,HistoryJTGbKQD2mRgLZ3XhqHnN811Qpez8X9kCcGHoa,6QHNtTgNLMf5aCtvRoeteYxPx6AeZxcMbwB8LyWUNXFd,459248640,0.45924864,65856
validator_history,HistoryJTGbKQD2mRgLZ3XhqHnN811Qpez8X9kCcGHoa,3WoUFmhBfdXswYYjnUgR6w3iCUkzUWMnFvGJq1Rs2mJa,459248640,0.45924864,65856
validator_history,HistoryJTGbKQD2mRgLZ3XhqHnN811Qpez8X9kCcGHoa,BoGtXk6JcwxP6KoKdZxeKcFn1docYTpv62zh5f9yQZkN,459248640,0.45924864,65856
validator_history,HistoryJTGbKQD2mRgLZ3XhqHnN811Qpez8X9kCcGHoa,9GqopHMaYxvDAm3s2YQdQBW78QbHyPnubVkAhK8KZgSJ,459248640,0.45924864,65856
validator_history,HistoryJTGbKQD2mRgLZ3XhqHnN811Qpez8X9kCcGHoa,6Uxdho2Q3MmKGutFosgrKtodCKu96hMi2KiaY6smqmHD,459248640,0.45924864,65856
validator_history,HistoryJTGbKQD2mRgLZ3XhqHnN811Qpez8X9kCcGHoa,ALBVy6EQLKg2e8SpQ2wCBmXZSTShZhkK5SC8maoTA5Lj,459248640,0.45924864,65856
validator_history,HistoryJTGbKQD2mRgLZ3XhqHnN811Qpez8X9kCcGHoa,4utZBkALYoeBFs4nEVnuYH6DXwXwZ6ZsXeuwDv7wnua9,459248640,0.45924864,65856
validator_history,HistoryJTGbKQD2mRgLZ3XhqHnN811Qpez8X9kCcGHoa,9h6yE6VqcqnFY5Wt9ZGiLZTZLBLG7PdTf3C135bLv6m7,459248640,0.45924864,65856
validator_history,HistoryJTGbKQD2mRgLZ3XhqHnN811Qpez8X9kCcGHoa,6fjMvnQwbQfaT154mDzyXmoK8NxbhdxSqe5ZjESr3PFD,459248640,0.45924864,65856
validator_history,HistoryJTGbKQD2mRgLZ3XhqHnN811Qpez8X9kCcGHoa,CN3DdefFis2WYNPsD3z7b7jHJJsNXNaRTfAAJsyBGEuK,459248640,0.45924864,65856
validator_history,HistoryJTGbKQD2mRgLZ3XhqHnN811Qpez8X9kCcGHoa,GsQCC4QWYpYigxfQ3MMKWQko7QvSatGcyd7LiHjgiHbH,459248640,0.45924864,65856
validator_history,HistoryJTGbKQD2mRgLZ3XhqHnN811Qpez8X9kCcGHoa,H87YeqPP1Aea619kK5EpesSGZUkifKv9VJi2SmeQGSUJ,459248640,0.45924864,65856
validator_history,HistoryJTGbKQD2mRgLZ3XhqHnN811Qpez8X9kCcGHoa,ERosFenZnSEf1PEYhEVNtQGyq7jfSnXmP4KRSTcNbFRp,459248640,0.45924864,65856
validator_history,HistoryJTGbKQD2mRgLZ3XhqHnN811Qpez8X9kCcGHoa,4TSgp2ZcR75ZoHGrRrzaezHfxJP5LUpKdSjbAuJkA6s4,459248640,0.45924864,65856
validator_history,HistoryJTGbKQD2mRgLZ3XhqHnN811Qpez8X9kCcGHoa,Er8jqJ5gbbwoUq4T1QW8kdjMn7kyNtsSnbuahRUyeJui,459248640,0.45924864,65856
validator_history,HistoryJTGbKQD2mRgLZ3XhqHnN811Qpez8X9kCcGHoa,2j5p1WRbRJJbhCCg3YWDaswUipQL14zxMrAfEVRbRiuS,459248640,0.45924864,65856
validator_history,HistoryJTGbKQD2mRgLZ3XhqHnN811Qpez8X9kCcGHoa,E1TNy2JeLydnUA7c8VJLCz7NKHRF9e57n2cBHMeuh2PS,459248640,0.45924864,65856
validator_history,HistoryJTGbKQD2mRgLZ3XhqHnN811Qpez8X9kCcGHoa,H6RrcZfQAFxT2JWAeBgr1v4f5qcWwK2j3t3nx3gtZ9fe,459248640,0.45924864,65856
validator_history,HistoryJTGbKQD2mRgLZ3XhqHnN811Qpez8X9kCcGHoa,ER8kMfWVX9s9NZCBbJDzmkZSHD6YgVNXDutoa6H5184E,459248640,0.45924864,65856
validator_history,HistoryJTGbKQD2mRgLZ3XhqHnN811Qpez8X9kCcGHoa,4TDHrQdAzkCpmDK3j7uoUZS5nX8pw8b3zVgKGNPHba27,459248640,0.45924864,65856
validator_history,HistoryJTGbKQD2mRgLZ3XhqHnN811Qpez8X9kCcGHoa,A73NQXoJBszKq7cYgy3fDLduDJAJfkqnakLdNqzSKMqN,459248640,0.45924864,65856
validator_history,HistoryJTGbKQD2mRgLZ3XhqHnN811Qpez8X9kCcGHoa,iznj74iddVM75jFi1o6h3qNwYU58K69hYkEJsTa1QxQ,459248640,0.45924864,65856
validator_history,HistoryJTGbKQD2mRgLZ3XhqHnN811Qpez8X9kCcGHoa,J82MP1snV31CZWAN1tMbC7U8C9ovdg1zwBizRhSVrkLZ,459248640,0.45924864,65856
validator_history,HistoryJTGbKQD2mRgLZ3XhqHnN811Qpez8X9kCcGHoa,J39sCkGS3W5bMu2GYq6TeXqXzbnQH1puS2rDPLeTYzRE,459248640,0.45924864,65856
validator_history,HistoryJTGbKQD2mRgLZ3XhqHnN811Qpez8X9kCcGHoa,5WamcszujGHbGBykK8tfNva4R3Qs1cX7et4C1u2FnZdi,459248640,0.45924864,65856
validator_history,HistoryJTGbKQD2mRgLZ3XhqHnN811Qpez8X9kCcGHoa,H6EqTwsdEiGTtsLHFGtYXX9fjzQzwhm7EWZovHtWwdiX,459248640,0.45924864,65856
validator_history,HistoryJTGbKQD2mRgLZ3XhqHnN811Qpez8X9kCcGHoa,6Pgqcd5F3275VxExEcdr3uuBg1gSCCPENHsNhsyVGeRd,459248640,0.45924864,65856
validator_history,HistoryJTGbKQD2mRgLZ3XhqHnN811Qpez8X9kCcGHoa,kzTThZV7UVi9KD2Q1QJkDCWrQmh8kp88qnSyaVrRKGo,459248640,0.45924864,65856
validator_history,HistoryJTGbKQD2mRgLZ3XhqHnN811Qpez8X9kCcGHoa,4H8dYZF35nfP6dyAC5UgWij3jXWpENv1GdPVaze5nLQ7,459248640,0.45924864,65856
validator_history,HistoryJTGbKQD2mRgLZ3XhqHnN811Qpez8X9kCcGHoa,6nm2UFmCttFXpM1yxMyM5Q5uJMvkX9gu7ieQWhFCcoWU,459248640,0.45924864,65856
validator_history,HistoryJTGbKQD2mRgLZ3XhqHnN811Qpez8X9kCcGHoa,C9iHNWp7RnETydbtjSVtyC4d4aTBvJGKxW7YubDiiGRy,459248640,0.45924864,65856
validator_history,HistoryJTGbKQD2mRgLZ3XhqHnN811Qpez8X9kCcGHoa,GrjAPGNhbSzK6vkiDaffm5y9ntF6VM9QEWgXpTDAKmYw,459248640,0.45924864,65856
validator_history,HistoryJTGbKQD2mRgLZ3XhqHnN811Qpez8X9kCcGHoa,Coo3YK9U6aqYnWCrY5k7TrpdNYWdL3RwC4D5Pp4DMwCS,459248640,0.45924864,65856
validator_history,HistoryJTGbKQD2mRgLZ3XhqHnN811Qpez8X9kCcGHoa,AB9aSKtrZEqyeDiT5RZhWqPTg6SmZr9kLKGcJgokWRBV,459248640,0.45924864,65856
validator_history,HistoryJTGbKQD2mRgLZ3XhqHnN811Qpez8X9kCcGHoa,6DRWCmi8CeJP82LfB6Z3mzteY2rhToFwevfzNawEXins,459248640,0.45924864,65856
validator_history,HistoryJTGbKQD2mRgLZ3XhqHnN811Qpez8X9kCcGHoa,AVvHpsaB1tgUebHCNxAMvVGNggUWG98ZSJVH2C6HUSHr,459248640,0.45924864,65856
validator_history,HistoryJTGbKQD2mRgLZ3XhqHnN811Qpez8X9kCcGHoa,CR3di5CeTjyRfLgaAuUXJHhQT83VPKoZf6TkJJxYMSaB,459248640,0.45924864,65856
validator_history,HistoryJTGbKQD2mRgLZ3XhqHnN811Qpez8X9kCcGHoa,8yEzBX3dDyQiFSwFPHfK58nbm7QvEicR92PysYz58mSc,459248640,0.45924864,65856
validator_history,HistoryJTGbKQD2mRgLZ3XhqHnN811Qpez8X9kCcGHoa,8FQnhMjAWyJmhYkna1i4DkK5j8E1Ruf4dcDaHotdVtRe,459248640,0.45924864,65856
validator_history,HistoryJTGbKQD2mRgLZ3XhqHnN811Qpez8X9kCcGHoa,2xozC9CpPUXeCapmmcFcs1tawhUSbqLHAQg2M62zVoHK,459248640,0.45924864,65856
validator_history,HistoryJTGbKQD2mRgLZ3XhqHnN811Qpez8X9kCcGHoa,F4UVLmGzYcfK766gF5ZCCJGg6ouxYvTEXLau65gdz2y3,459248640,0.45924864,65856
validator_history,HistoryJTGbKQD2mRgLZ3XhqHnN811Qpez8X9kCcGHoa,FdTVeKWmu7dMeBnpJ49vcNdpRezXYLmU8xFue9UJ21Pu,459248640,0.45924864,65856
validator_history,HistoryJTGbKQD2mRgLZ3XhqHnN811Qpez8X9kCcGHoa,4aYeFpWw58GWNC32pM57fnV9qxAGUMCz8qCpMZZdMbqw,459248640,0.45924864,65856
validator_history,HistoryJTGbKQD2mRgLZ3XhqHnN811Qpez8X9kCcGHoa,8X6M7WsQ8LKG2rLQAcoEBVx3nR9wHSFkrJgrat5JxArs,459248640,0.45924864,65856
validator_history,HistoryJTGbKQD2mRgLZ3XhqHnN811Qpez8X9kCcGHoa,HgR1T1zPVL4VUq3YuQgPvGb41u8ZNHssqMH7bzkjVUaf,459248640,0.45924864,65856
validator_history,HistoryJTGbKQD2mRgLZ3XhqHnN811Qpez8X9kCcGHoa,GpE11kiKtk2zoUyMvxMgex646bnV3X9pxQaXJCeuCR7x,459248640,0.45924864,65856
validator_history,HistoryJTGbKQD2mRgLZ3XhqHnN811Qpez8X9kCcGHoa,EMj1wdWsP1t1zF2qrEXbuX3JudfoX4amz5oiVCGFc4vw,459248640,0.45924864,65856
validator_history,HistoryJTGbKQD2mRgLZ3XhqHnN811Qpez8X9kCcGHoa,7RwGs4CECCphtviSZNHfR5kD7TPifAWb13MaZ1fXFgVR,459248640,0.45924864,65856
validator_history,HistoryJTGbKQD2mRgLZ3XhqHnN811Qpez8X9kCcGHoa,H6HoV1KyvumWXpoVtVxVUuVW1yrkZiNu5zyfVSyAq9EQ,459248640,0.45924864,65856
validator_history,HistoryJTGbKQD2mRgLZ3XhqHnN811Qpez8X9kCcGHoa,88w9ByzrejmH2vMwj8vQmhw7dVSavXquUcDxCB776RQH,459248640,0.45924864,65856
validator_history,HistoryJTGbKQD2mRgLZ3XhqHnN811Qpez8X9kCcGHoa,wLD7oqTwmuTAtkPgoyxrYnkmK8p3sVCVnQaBLks6SyL,459248640,0.45924864,65856
validator_history,HistoryJTGbKQD2mRgLZ3XhqHnN811Qpez8X9kCcGHoa,44oYF8mirDn9HMscmU2d9QPXdmkka6mZjQpB2aw7d168,459248640,0.45924864,65856
validator_history,HistoryJTGbKQD2mRgLZ3XhqHnN811Qpez8X9kCcGHoa,2zyNneTx26Nuz1ou9oPXFgtpfVxyJfDbPAy9wih9Eb1U,459248640,0.45924864,65856
validator_history,HistoryJTGbKQD2mRgLZ3XhqHnN811Qpez8X9kCcGHoa,2HohbM6gTXjFSefvZJ8t7CAA7CTjaADB5xG3PKguDeTu,459248640,0.45924864,65856
validator_history,HistoryJTGbKQD2mRgLZ3XhqHnN811Qpez8X9kCcGHoa,14peSpW6WVqT1ANp1U5Z1H5XEsAoi2fYY6sdYPRoUcJ2,459248640,0.45924864,65856
validator_history,HistoryJTGbKQD2mRgLZ3XhqHnN811Qpez8X9kCcGHoa,5hcXsQU837DBXKYhv5LDEGdHw8nSEcictEhRBJjQbLS1,459248640,0.45924864,65856
validator_history,HistoryJTGbKQD2mRgLZ3XhqHnN811Qpez8X9kCcGHoa,5WMDnS83cLJoJ36u66ZKFKunvJtecSzWriFR8SwxoTtN,459248640,0.45924864,65856
validator_history,HistoryJTGbKQD2mRgLZ3XhqHnN811Qpez8X9kCcGHoa,HuKnDKXa7R581kj9P7axZ6BeAXi1fDqD2hvQBp9yLQcj,459248640,0.45924864,65856
validator_history,HistoryJTGbKQD2mRgLZ3XhqHnN811Qpez8X9kCcGHoa,72ZgeHBgSJtriLhSPawQ9R4gv84LSkJmFpL14eZSgU4T,459248640,0.45924864,65856
validator_history,HistoryJTGbKQD2mRgLZ3XhqHnN811Qpez8X9kCcGHoa,Gc7agy4ZvutJ19XwgimrBc5YoL2R1L1i4VKKdNdXGLpu,459248640,0.45924864,65856
validator_history,HistoryJTGbKQD2mRgLZ3XhqHnN811Qpez8X9kCcGHoa,B4jU31aE5Vqnvmk9igRimxC4AtvCRbpBxpkho4EauBdG,459248640,0.45924864,65856
validator_history,HistoryJTGbKQD2mRgLZ3XhqHnN811Qpez8X9kCcGHoa,6gA4RNYm2BiUbnNwGQu46jFWgh2L6ySsFLyhwbGWPBMT,459248640,0.45924864,65856
validator_history,HistoryJTGbKQD2mRgLZ3XhqHnN811Qpez8X9kCcGHoa,DR8Z4EYzuSbhjf3jp1278fBqB2VK1QYtbA9GajJzib8D,459248640,0.45924864,65856
validator_history,HistoryJTGbKQD2mRgLZ3XhqHnN811Qpez8X9kCcGHoa,DgXuZ1aoDaXYJEdowgqdm7oWGxvBiD8VQJc82RnPzcUy,459248640,0.45924864,65856
validator_history,HistoryJTGbKQD2mRgLZ3XhqHnN811Qpez8X9kCcGHoa,C6nXG8UDtWKirERvf5Rxcd3NsqRqEruaCnmbrvRQpQwD,459248640,0.45924864,65856
validator_history,HistoryJTGbKQD2mRgLZ3XhqHnN811Qpez8X9kCcGHoa,754KYE7d3gUmB1Bbi54WEft1Sic8SYXVxj43eiMCQFFZ,459248640,0.45924864,65856
validator_history,HistoryJTGbKQD2mRgLZ3XhqHnN811Qpez8X9kCcGHoa,FhNjQXwmDGc1egRE7u3pKuMPeQ7ow6avWtjQGdYRyfyw,459248640,0.45924864,65856
validator_history,HistoryJTGbKQD2mRgLZ3XhqHnN811Qpez8X9kCcGHoa,2RK5ovYSYeYAZ9SkPUP4dQP1QKNeBoDxaj9GAdb4MxNb,459248640,0.45924864,65856
validator_history,HistoryJTGbKQD2mRgLZ3XhqHnN811Qpez8X9kCcGHoa,CHuuiqA8k3jDHH1ZApZTT9B8dk9rLWPxpAM9iyvX4osT,459248640,0.45924864,65856
validator_history,HistoryJTGbKQD2mRgLZ3XhqHnN811Qpez8X9kCcGHoa,8ouxCN8Xe5ancaD39DGsx9REtxk7Y1oimeLaBaUKz84P,459248640,0.45924864,65856
validator_history,HistoryJTGbKQD2mRgLZ3XhqHnN811Qpez8X9kCcGHoa,5wFhaoa4wJGhaFHASJYUtufBasLv66vVnvmeuSf9T6aZ,459248640,0.45924864,65856
validator_history,HistoryJTGbKQD2mRgLZ3XhqHnN811Qpez8X9kCcGHoa,pbBjjUBgV8w2q58YC9eTgxtnkhrvaRG7F56962NGC8t,459248640,0.45924864,65856
validator_history,HistoryJTGbKQD2mRgLZ3XhqHnN811Qpez8X9kCcGHoa,6uAGxiUkdhQ8tiE2Jnj2KzoqTZxetKd5hwobShDDN9d4,459248640,0.45924864,65856
validator_history,HistoryJTGbKQD2mRgLZ3XhqHnN811Qpez8X9kCcGHoa,E1RshZBay385dhMfh7CswLXoeRxCndehpEzzDiw947Qo,459248640,0.45924864,65856
validator_history,HistoryJTGbKQD2mRgLZ3XhqHnN811Qpez8X9kCcGHoa,Cy3iv7eP8aCVwi1Pxt5e8uLUK9EaFe2YYLVTA28WsBJe,459248640,0.45924864,65856
validator_history,HistoryJTGbKQD2mRgLZ3XhqHnN811Qpez8X9kCcGHoa,9adTA6T9jMM8zhJzECnRkCZqgicG8pysBfUtDrYQw7Lf,459248640,0.45924864,65856
validator_history,HistoryJTGbKQD2mRgLZ3XhqHnN811Qpez8X9kCcGHoa,5VBjuW4zXnH9HyLXS2trFd3LwX446kTWEucPzssrTmUg,459248640,0.45924864,65856
validator_history,HistoryJTGbKQD2mRgLZ3XhqHnN811Qpez8X9kCcGHoa,4tMTWgTJuRKVZY24oRi2jcJ8xzvCa1k4wN235sx57WeH,459248640,0.45924864,65856
validator_history,HistoryJTGbKQD2mRgLZ3XhqHnN811Qpez8X9kCcGHoa,9bkD2iwNoeshzuNg2VJdVngSHmmXwMGMWaxADhvL3HVo,459248640,0.45924864,65856
validator_history,HistoryJTGbKQD2mRgLZ3XhqHnN811Qpez8X9kCcGHoa,HXvPeMLq46ULntTGbTzJuBEzsj8UXSU9eecj2Nn2RRxh,459248640,0.45924864,65856
validator_history,HistoryJTGbKQD2mRgLZ3XhqHnN811Qpez8X9kCcGHoa,DSwSMo827vvTA4i1Ag4sv5Yo23CFErEjsAvNmk8G8XRJ,459248640,0.45924864,65856
validator_history,HistoryJTGbKQD2mRgLZ3XhqHnN811Qpez8X9kCcGHoa,FVLVjfDq7RVNNw19xnHJahKHweUq5rgNHQ7mpJZUx7Vx,459248640,0.45924864,65856
validator_history,HistoryJTGbKQD2mRgLZ3XhqHnN811Qpez8X9kCcGHoa,3JcSYQoNT8z16LP8BSgfkGJRZvR8Qnp3yAYKmDNhT7M2,459248640,0.45924864,65856
validator_history,HistoryJTGbKQD2mRgLZ3XhqHnN811Qpez8X9kCcGHoa,CXGXWSXWvHSiMxzXDXrM4RksqhxijvgkaXk75EGd7sGx,459248640,0.45924864,65856
validator_history,HistoryJTGbKQD2mRgLZ3XhqHnN811Qpez8X9kCcGHoa,35Y5dJv6bjgZENmeceLkxf15n8ZvaaorNWTRTkZK4ajY,459248640,0.45924864,65856
validator_history,HistoryJTGbKQD2mRgLZ3XhqHnN811Qpez8X9kCcGHoa,6oua4fygoqwFsHVNudzXTYkQq2GYpuhiTVqkjsZHVJgm,459248640,0.45924864,65856
validator_history,HistoryJTGbKQD2mRgLZ3XhqHnN811Qpez8X9kCcGHoa,41iy6tQF5WiXNJDs7SG5LEeSmAtj2Qax7uoiBnfwVP9M,459248640,0.45924864,65856
validator_history,HistoryJTGbKQD2mRgLZ3XhqHnN811Qpez8X9kCcGHoa,5CApkgB3CiH3EQ1KR8Q5w9NHNEjabfHoXSiExp3XRuhD,459248640,0.45924864,65856
validator_history,HistoryJTGbKQD2mRgLZ3XhqHnN811Qpez8X9kCcGHoa,GpBfBdJ91dcVXPzsKYUFkNECRg9SwSCdcTb4KGSF6Qt6,459248640,0.45924864,65856
validator_history,HistoryJTGbKQD2mRgLZ3XhqHnN811Qpez8X9kCcGHoa,F6g3cTLPrweU19zbzUoQBGv5BP63BVNu235q1KWRCU4r,459248640,0.45924864,65856
validator_history,HistoryJTGbKQD2mRgLZ3XhqHnN811Qpez8X9kCcGHoa,G9TrDAYSPrbK1aAf6LF6hFLLh7pc1bcceWQUVg2Bnq53,459248640,0.45924864,65856
validator_history,HistoryJTGbKQD2mRgLZ3XhqHnN811Qpez8X9kCcGHoa,AHA7Q6sQTb7RV4xTLZi8BwqHqMJaXC8TUHk8z59RwHjV,459248640,0.45924864,65856
validator_history,HistoryJTGbKQD2mRgLZ3XhqHnN811Qpez8X9kCcGHoa,63Z7GradXmdvofEN6WorsqwmVRPmjTcusFCTPc2BcWBN,459248640,0.45924864,65856
validator_history,HistoryJTGbKQD2mRgLZ3XhqHnN811Qpez8X9kCcGHoa,3E5SURdxSFMtWktn9TvNUWFYpCJRu68UNUs2UBkoamy7,459248640,0.45924864,65856
validator_history,HistoryJTGbKQD2mRgLZ3XhqHnN811Qpez8X9kCcGHoa,A5WZmgjUvr7fw6ZKAb6AZhnn8DNhS5ZmHuWqRpch3xF2,459248640,0.45924864,65856
validator_history,HistoryJTGbKQD2mRgLZ3XhqHnN811Qpez8X9kCcGHoa,HUpY3FFXaMq53swbrFmNRZkfYDQMnGz1NFxwD9MwBjqt,459248640,0.45924864,65856
validator_history,HistoryJTGbKQD2mRgLZ3XhqHnN811Qpez8X9kCcGHoa,BX3XgzhXEmfRfzArGRWsXMLe5jwR7UNMNcyDnGpsNMF6,459248640,0.45924864,65856
validator_history,HistoryJTGbKQD2mRgLZ3XhqHnN811Qpez8X9kCcGHoa,GBbYnxrJg7HDDAnZmCgFCVURSqVHSon7gCycCwWxK6nP,459248640,0.45924864,65856
validator_history,HistoryJTGbKQD2mRgLZ3XhqHnN811Qpez8X9kCcGHoa,BbSenPVFz9izqA8sK7ocz9v5sSciVeS4jJeRQVe5RUrs,459248640,0.45924864,65856
validator_history,HistoryJTGbKQD2mRgLZ3XhqHnN811Qpez8X9kCcGHoa,hdL8vHRtULufqaZc2kQKhD3LVUjfdqgXUFWLb4dzW5f,459248640,0.45924864,65856
validator_history,HistoryJTGbKQD2mRgLZ3XhqHnN811Qpez8X9kCcGHoa,8pfF73qUV4JGYwxbgxWtrj4JygnvwyFTntUJN4HRC7rc,459248640,0.45924864,65856
validator_history,HistoryJTGbKQD2mRgLZ3XhqHnN811Qpez8X9kCcGHoa,i1yUfLazDS9fXCRUodT3jTdzk4y6JZ4XHYjT6NBqtWJ,459248640,0.45924864,65856
validator_history,HistoryJTGbKQD2mRgLZ3XhqHnN811Qpez8X9kCcGHoa,DGupjsJSTPLkMXGmGz8WEaLa31YY7kmma2SvEWpAM1iR,459248640,0.45924864,65856
validator_history,HistoryJTGbKQD2mRgLZ3XhqHnN811Qpez8X9kCcGHoa,GoEo9WqZnyY4j3qYuiag2Qz5KHRnTubo3ibAr9weUo3G,459248640,0.45924864,65856
validator_history,HistoryJTGbKQD2mRgLZ3XhqHnN811Qpez8X9kCcGHoa,4LhsoQTVEZtcy8dVmCQ3Ue5d2YXMkoAcZs7AGY6qEUj6,459248640,0.45924864,65856
validator_history,HistoryJTGbKQD2mRgLZ3XhqHnN811Qpez8X9kCcGHoa,9ir2UG6zc3UUx2CBn7sYmaiUnLr1grtU6YaUmDeHuh7M,459248640,0.45924864,65856
validator_history,HistoryJTGbKQD2mRgLZ3XhqHnN811Qpez8X9kCcGHoa,DwJbGGN2TPTea1fnf6AJ8VDLYMisikXbqrWV1R67Dk46,459248640,0.45924864,65856
validator_history,HistoryJTGbKQD2mRgLZ3XhqHnN811Qpez8X9kCcGHoa,9kTeZahBEwSHVpHaoWvaVArrxqsQ9Y1t2scS2NsC9bR6,459248640,0.45924864,65856
validator_history,HistoryJTGbKQD2mRgLZ3XhqHnN811Qpez8X9kCcGHoa,AhQSTugLFq6eM4xDPprJorCRBnukrteeoeuLCwQH7BfT,459248640,0.45924864,65856
validator_history,HistoryJTGbKQD2mRgLZ3XhqHnN811Qpez8X9kCcGHoa,HzjRkPGSuGRrCcNW7Vhqf1wvxwBuAxB743YF7xbKkonz,459248640,0.45924864,65856
validator_history,HistoryJTGbKQD2mRgLZ3XhqHnN811Qpez8X9kCcGHoa,CU27X1TPvoScU8mRS2qC5E9i3BMmMNXV3jtdvNJjPyPM,459248640,0.45924864,65856
validator_history,HistoryJTGbKQD2mRgLZ3XhqHnN811Qpez8X9kCcGHoa,dhgS32Zuofj3eSsfjDQkUuJd67qTq3VaRHsroWfUTbU,459248640,0.45924864,65856
validator_history,HistoryJTGbKQD2mRgLZ3XhqHnN811Qpez8X9kCcGHoa,3y6hYYuG77Rgdd3R4QSkoq8nBouSTB2tY18y6dk9MXo4,459248640,0.45924864,65856
validator_history,HistoryJTGbKQD2mRgLZ3XhqHnN811Qpez8X9kCcGHoa,7tFi75RJhWx9WMK6nS23TLrvzKbxQueniBUmNuwzBLoX,459248640,0.45924864,65856
validator_history,HistoryJTGbKQD2mRgLZ3XhqHnN811Qpez8X9kCcGHoa,2tSc7CTkwUcRRGkWLCWNyWJYmtL18WmJanXbGqErz7ye,459248640,0.45924864,65856
validator_history,HistoryJTGbKQD2mRgLZ3XhqHnN811Qpez8X9kCcGHoa,5NZiiwe6jZpWEqaRN8b46LdRfex7mLdBXSNm2xBQT2ZF,459248640,0.45924864,65856
validator_history,HistoryJTGbKQD2mRgLZ3XhqHnN811Qpez8X9kCcGHoa,EWRHRdijyXNHthTSCyyAFZmqiJ7ntrj9XiRU2QLWkrg9,459248640,0.45924864,65856
validator_history,HistoryJTGbKQD2mRgLZ3XhqHnN811Qpez8X9kCcGHoa,7tCdCvLee6LsxvFyXxUXEB6JqyZ9kDhz8eqmNDUK9cHE,459248640,0.45924864,65856
validator_history,HistoryJTGbKQD2mRgLZ3XhqHnN811Qpez8X9kCcGHoa,EvdnLo2HFNcyCeiUDCJ2kcbowmBoTr5h4bKG8tQx6Sfg,459248640,0.45924864,65856
validator_history,HistoryJTGbKQD2mRgLZ3XhqHnN811Qpez8X9kCcGHoa,3vx8p13SNxsAcgE569uApKDR1adaiMfspHHzpDBnWXQj,459248640,0.45924864,65856
validator_history,HistoryJTGbKQD2mRgLZ3XhqHnN811Qpez8X9kCcGHoa,7we5vwPmJ5aQzii91aH29YWJkEwEjUyCFYehX279zBnR,459248640,0.45924864,65856
validator_history,HistoryJTGbKQD2mRgLZ3XhqHnN811Qpez8X9kCcGHoa,4vRHQKcCrUDSh3urAWTrB1ZP9L4GwB5cozm2HyngkYAg,459248640,0.45924864,65856
validator_history,HistoryJTGbKQD2mRgLZ3XhqHnN811Qpez8X9kCcGHoa,CffRmgE2rotfwdtCERGWbUfb1KBCugEa4W7bUEBuZhBc,459248640,0.45924864,65856
validator_history,HistoryJTGbKQD2mRgLZ3XhqHnN811Qpez8X9kCcGHoa,BkXp6optq6KvwSQo6j3yywdRMNu5dRfQB2NRT8Bm2bg7,459248640,0.45924864,65856
validator_history,HistoryJTGbKQD2mRgLZ3XhqHnN811Qpez8X9kCcGHoa,2hKJrPmPv1tfGS4wyP6a6tDBag6xuAPcKV2Vh8EQw8Ku,459248640,0.45924864,65856
validator_history,HistoryJTGbKQD2mRgLZ3XhqHnN811Qpez8X9kCcGHoa,FL7i5UhcNjxHFThceqDje2Z1FrsiFrYdEdkqe37JJc9J,459248640,0.45924864,65856
validator_history,HistoryJTGbKQD2mRgLZ3XhqHnN811Qpez8X9kCcGHoa,CR8nkQqb86CiFWEfz2iQYnYhoy8wYaTEpuBUkmYN7Spn,459248640,0.45924864,65856
validator_history,HistoryJTGbKQD2mRgLZ3XhqHnN811Qpez8X9kCcGHoa,CKVuhyMQdFmVhpSBtyy14C1Q9sxVWD65nVRXueKLSNg3,459248640,0.45924864,65856
validator_history,HistoryJTGbKQD2mRgLZ3XhqHnN811Qpez8X9kCcGHoa,m1DQYeKasviZEeSrUiShmUUU9P4US7Xiviz7CBtN8ws,459248640,0.45924864,65856
validator_history,HistoryJTGbKQD2mRgLZ3XhqHnN811Qpez8X9kCcGHoa,A2LHnqKHMXzT2CF5qTkFcmAsHMKYUyAd3tcf9Yff89ai,459248640,0.45924864,65856
validator_history,HistoryJTGbKQD2mRgLZ3XhqHnN811Qpez8X9kCcGHoa,3ddWQy44V4v53BJp9xxsofykLT1jQbFcx2jxASJ6tDWe,459248640,0.45924864,65856
validator_history,HistoryJTGbKQD2mRgLZ3XhqHnN811Qpez8X9kCcGHoa,2N8nMAjgSeQjBH9V7ZVMSERadjeMCSiRjjTDcuJxjcVB,459248640,0.45924864,65856
validator_history,HistoryJTGbKQD2mRgLZ3XhqHnN811Qpez8X9kCcGHoa,2frYBPs6HiQsMrg17kFC12QzXrZWYH5j1AEC74XMG2Co,459248640,0.45924864,65856
validator_history,HistoryJTGbKQD2mRgLZ3XhqHnN811Qpez8X9kCcGHoa,rDuwxxszgJxztoLTc4iWZnNhWntBxAXyr5yqLMXgfXB,459248640,0.45924864,65856
validator_history,HistoryJTGbKQD2mRgLZ3XhqHnN811Qpez8X9kCcGHoa,CLD1MysMq5xDNC52SHoNmN9ofE8W5LzydFoYgEC3G1jK,459248640,0.45924864,65856
validator_history,HistoryJTGbKQD2mRgLZ3XhqHnN811Qpez8X9kCcGHoa,CapQQ5w6Lkqo6w7TntrBiQ34qwvb7V2Burep7pPZ9mJZ,459248640,0.45924864,65856
validator_history,HistoryJTGbKQD2mRgLZ3XhqHnN811Qpez8X9kCcGHoa,AkzYfTnFdpPcFj3J9gdjgi6eXWH99aoMGcXDjczPgAN4,459248640,0.45924864,65856
validator_history,HistoryJTGbKQD2mRgLZ3XhqHnN811Qpez8X9kCcGHoa,Bo4F1m2zyz8sHbp32MBhJt1hGQhEGSnkv5ZAyCHYQiLP,459248640,0.45924864,65856
validator_history,HistoryJTGbKQD2mRgLZ3XhqHnN811Qpez8X9kCcGHoa,8y1Hu8Vvv6WEHgUVGX1ZVocrbHYKyBSxgg42yyJ3gEAy,459248640,0.45924864,65856
validator_history,HistoryJTGbKQD2mRgLZ3XhqHnN811Qpez8X9kCcGHoa,H9hF7KeLcYgLWXxuGXG13HquUqkpCZZrAgUDibiowE6a,459248640,0.45924864,65856
validator_history,HistoryJTGbKQD2mRgLZ3XhqHnN811Qpez8X9kCcGHoa,Dp8juQLb5XHJn2e5Td2WNDhrCEcttm965B1BmXzSjVry,459248640,0.45924864,65856
validator_history,HistoryJTGbKQD2mRgLZ3XhqHnN811Qpez8X9kCcGHoa,CTGFXVHwfJcxJNoaZBp9y352LdkAqYyx1bhUJkzJCHS2,459248640,0.45924864,65856
validator_history,HistoryJTGbKQD2mRgLZ3XhqHnN811Qpez8X9kCcGHoa,8ogQgJdw3JpTW2o1Ho4ezHyUzphAHzonxVT9AxkAQxYk,459248640,0.45924864,65856
validator_history,HistoryJTGbKQD2mRgLZ3XhqHnN811Qpez8X9kCcGHoa,CbjKKWAQaYY6d5f6YHv1bxVM2HxMQm6kAWFtWRatFGBb,459248640,0.45924864,65856
validator_history,HistoryJTGbKQD2mRgLZ3XhqHnN811Qpez8X9kCcGHoa,8H9jEwDhnwJFQK5uN9tAqA6CzvuFWmTL2ha8EhvmGuJG,459248640,0.45924864,65856
validator_history,HistoryJTGbKQD2mRgLZ3XhqHnN811Qpez8X9kCcGHoa,4tkwN8LghvkSRLFef16hEG3cUEMy2GfEdMoBhjFqz272,459248640,0.45924864,65856
validator_history,HistoryJTGbKQD2mRgLZ3XhqHnN811Qpez8X9kCcGHoa,5TeA9MuqcbUkmM7dZ8YHdLkNRACzf7LJMPsVNKtRJEqV,459248640,0.45924864,65856
validator_history,HistoryJTGbKQD2mRgLZ3XhqHnN811Qpez8X9kCcGHoa,ARnzF6Lt8tq51kwLdbrynXdh4Sg4uy1zcTeQyCRYyLtC,459248640,0.45924864,65856
validator_history,HistoryJTGbKQD2mRgLZ3XhqHnN811Qpez8X9kCcGHoa,PqmMmjW8bhmxDmAm7Y2QuZ1GTiUjKomKVhF3nWYHdVn,459248640,0.45924864,65856
validator_history,HistoryJTGbKQD2mRgLZ3XhqHnN811Qpez8X9kCcGHoa,548PuZtTbJmiTLTAhYHx2tGSVqo8cLiq6JpJVGhDkssX,459248640,0.45924864,65856
validator_history,HistoryJTGbKQD2mRgLZ3XhqHnN811Qpez8X9kCcGHoa,Fo9DotTVwh1acStejqKVQi15Uyqgap46Sv5WekKHLV8A,459248640,0.45924864,65856
validator_history,HistoryJTGbKQD2mRgLZ3XhqHnN811Qpez8X9kCcGHoa,CDujybXdpCYSFr23LA72mcpS1ah92Dqp7xidVGuEY4Zu,459248640,0.45924864,65856
validator_history,HistoryJTGbKQD2mRgLZ3XhqHnN811Qpez8X9kCcGHoa,8be3nCpZwgsktZe5Y2oL5nVCjDrX9apSQuD6wXZ3t3ht,459248640,0.45924864,65856
validator_history,HistoryJTGbKQD2mRgLZ3XhqHnN811Qpez8X9kCcGHoa,5mFY1mN6vE6T4GyVJ8Dfsy9Y9agWJifNL4QAJtBweu6t,459248640,0.45924864,65856
validator_history,HistoryJTGbKQD2mRgLZ3XhqHnN811Qpez8X9kCcGHoa,6EikHUKojDW5qi6UoALejmtRJGnbcy1Umu4LrsqHrBNq,459248640,0.45924864,65856
validator_history,HistoryJTGbKQD2mRgLZ3XhqHnN811Qpez8X9kCcGHoa,6mxBPC8tfaWqLrSZe6af24XWJhawzr1LHcEN3rsKxJ9z,459248640,0.45924864,65856
validator_history,HistoryJTGbKQD2mRgLZ3XhqHnN811Qpez8X9kCcGHoa,9GLzcfNp6CDxYKU1XPP6cXkskpB1f5VRoDbjueucGxCG,459248640,0.45924864,65856
validator_history,HistoryJTGbKQD2mRgLZ3XhqHnN811Qpez8X9kCcGHoa,EhqgcAQ2F443wPU8YJwZZuYZFnQZYwCsp6N92fmYu3ky,459248640,0.45924864,65856
validator_history,HistoryJTGbKQD2mRgLZ3XhqHnN811Qpez8X9kCcGHoa,AnKuk5NVNqPacECoyAf3bdwhhfrL61UYuWP2C1JpYY6W,459248640,0.45924864,65856
validator_history,HistoryJTGbKQD2mRgLZ3XhqHnN811Qpez8X9kCcGHoa,GNGajCfXGYEdXhfWjcNu9pNBFe2jEKpfhGmB6kj54679,459248640,0.45924864,65856
validator_history,HistoryJTGbKQD2mRgLZ3XhqHnN811Qpez8X9kCcGHoa,CsAfGm2He3NY5FZm8K3SMeBeQtSNHZDmv23N35TLRMen,459248640,0.45924864,65856
validator_history,HistoryJTGbKQD2mRgLZ3XhqHnN811Qpez8X9kCcGHoa,JD791avqNdWnnk6cgy2joEHfXHEpAbs7rQAXnLo23YWZ,459248640,0.45924864,65856
validator_history,HistoryJTGbKQD2mRgLZ3XhqHnN811Qpez8X9kCcGHoa,4TzUszLfj3CnBEefrFBDbCYDjThadYjxPhMLiNgLpFLe,459248640,0.45924864,65856
validator_history,HistoryJTGbKQD2mRgLZ3XhqHnN811Qpez8X9kCcGHoa,CkPduJu2kTFVtnnqrfck6eJZs5XF4dn5uCd3MZoZPbMV,459248640,0.45924864,65856
validator_history,HistoryJTGbKQD2mRgLZ3XhqHnN811Qpez8X9kCcGHoa,EAE5VYYJpJuEURNqfT7F3DdVSNh5dFyJYxT8TjSWq5Fy,459248640,0.45924864,65856
validator_history,HistoryJTGbKQD2mRgLZ3XhqHnN811Qpez8X9kCcGHoa,E3WTYw91atqweTjhxXQAn466MxspBXieJYWYXuGmjcpW,459248640,0.45924864,65856
validator_history,HistoryJTGbKQD2mRgLZ3XhqHnN811Qpez8X9kCcGHoa,FiXtdSZCSNjqKS4qLTKj7gJjYcuTUqvTo4qfRJBxMUUq,459248640,0.45924864,65856
validator_history,HistoryJTGbKQD2mRgLZ3XhqHnN811Qpez8X9kCcGHoa,4Ejxdhe9fuc1NWb1t6FByqugfeYAjx7fFVymHLNh49vV,459248640,0.45924864,65856
validator_history,HistoryJTGbKQD2mRgLZ3XhqHnN811Qpez8X9kCcGHoa,33bXQqiKN8dt8AeCtexAnqhQRfF2C9EaTzEsa6sDaUKS,459248640,0.45924864,65856
validator_history,HistoryJTGbKQD2mRgLZ3XhqHnN811Qpez8X9kCcGHoa,9Agy26kvcyjnPKuvJvjrxrikBQtKLKrLn4F5VWnYXtgS,459248640,0.45924864,65856
validator_history,HistoryJTGbKQD2mRgLZ3XhqHnN811Qpez8X9kCcGHoa,FQNf2zF3aaoVWtoUYPWQUkB2eNfDEK1Vm7uibvoQhwKh,459248640,0.45924864,65856
validator_history,HistoryJTGbKQD2mRgLZ3XhqHnN811Qpez8X9kCcGHoa,FZgr8XcrCidn4dFQjoYfzyKK2vv9WSUgXBevDftKL27L,459248640,0.45924864,65856
validator_history,HistoryJTGbKQD2mRgLZ3XhqHnN811Qpez8X9kCcGHoa,96YKHJuK4rnsRUV2iyHvyH7fND6JD4o549x3KwVxKPAc,459248640,0.45924864,65856
validator_history,HistoryJTGbKQD2mRgLZ3XhqHnN811Qpez8X9kCcGHoa,AAbwgaBA4jKZxUevCwsqFxxYRwDNGXT6g8UFy9CDcyrx,459248640,0.45924864,65856
validator_history,HistoryJTGbKQD2mRgLZ3XhqHnN811Qpez8X9kCcGHoa,BQ7jULUGuioWDXNss1rJZAYzseb5C9gVYCWz6FwzL3nv,459248640,0.45924864,65856
validator_history,HistoryJTGbKQD2mRgLZ3XhqHnN811Qpez8X9kCcGHoa,EYmuVrr3n9sf9YwkVbdtNe1fLy1wV96L4BUPrMwihdgg,459248640,0.45924864,65856
validator_history,HistoryJTGbKQD2mRgLZ3XhqHnN811Qpez8X9kCcGHoa,4PU6se7NMLHSa6Vsaw2HDS6rkxooJh46MLedoxP8Erzo,459248640,0.45924864,65856
validator_history,HistoryJTGbKQD2mRgLZ3XhqHnN811Qpez8X9kCcGHoa,5MMsg15tQwRQ4YZ9TMDuBgRUACWf6Xs8NpxMQW9tb2aR,459248640,0.45924864,65856
validator_history,HistoryJTGbKQD2mRgLZ3XhqHnN811Qpez8X9kCcGHoa,BoAF9c4PT1xVJAmk6NgfZTuCvMf9BfWoXGpUVFP2rZxF,459248640,0.45924864,65856
validator_history,HistoryJTGbKQD2mRgLZ3XhqHnN811Qpez8X9kCcGHoa,5ySizCUbBpbnumy5DK31iHgbhmbdQP2gVBhqiUeY4zsw,459248640,0.45924864,65856
validator_history,HistoryJTGbKQD2mRgLZ3XhqHnN811Qpez8X9kCcGHoa,E9VMk2zBerCxZrZR6DMSPAKbCC6qWUV1M9yDdzhSBg9r,459248640,0.45924864,65856
validator_history,HistoryJTGbKQD2mRgLZ3XhqHnN811Qpez8X9kCcGHoa,9CRpyjeHyqHvn5ZeCq7VWS3PAuNNrgtQSd8Sy8X4B7Su,459248640,0.45924864,65856
validator_history,HistoryJTGbKQD2mRgLZ3XhqHnN811Qpez8X9kCcGHoa,6xNiQSUULppSHw7beKSeqmzuRrTMLQf2DAA1W7TPfR2Z,459248640,0.45924864,65856
validator_history,HistoryJTGbKQD2mRgLZ3XhqHnN811Qpez8X9kCcGHoa,6sX2Wdu61muFv7EkZepWxzJV2kAS7CVtfaJxELa9Q8Fj,459248640,0.45924864,65856
validator_history,HistoryJTGbKQD2mRgLZ3XhqHnN811Qpez8X9kCcGHoa,59CLh2P8LPC22WDZV7hgCiLg1qnGB6dkwNTF9NwzbfLh,459248640,0.45924864,65856
validator_history,HistoryJTGbKQD2mRgLZ3XhqHnN811Qpez8X9kCcGHoa,DocEFFXHdkQXjdnUbvqh6HTD2jShndKd5mKCiKjk3E59,459248640,0.45924864,65856
validator_history,HistoryJTGbKQD2mRgLZ3XhqHnN811Qpez8X9kCcGHoa,9ChUmqyd4ZjJhFgkJgNbmFV3gGYnb8m82PgTzEBbGBXZ,459248640,0.45924864,65856
validator_history,HistoryJTGbKQD2mRgLZ3XhqHnN811Qpez8X9kCcGHoa,h3ZnhBXHYV3Rt66zbPBam6Bg25cWy8qvUaekCM1Bgyv,459248640,0.45924864,65856
validator_history,HistoryJTGbKQD2mRgLZ3XhqHnN811Qpez8X9kCcGHoa,55LnGUronwnJ9U5hV84c3e6yFdoGF4q6cbxAdUexXRqE,459248640,0.45924864,65856
validator_history,HistoryJTGbKQD2mRgLZ3XhqHnN811Qpez8X9kCcGHoa,7n1xVzrq1brSBi3dwasGUkS8KUzRCPCi2yDBEJUtUy8j,459248640,0.45924864,65856
validator_history,HistoryJTGbKQD2mRgLZ3XhqHnN811Qpez8X9kCcGHoa,7mcaxRtmKosi4xBwvUid8zCEQhy3Svo4rJx5uT7m7t7Z,459248640,0.45924864,65856
validator_history,HistoryJTGbKQD2mRgLZ3XhqHnN811Qpez8X9kCcGHoa,4hFuXGVhZBeaTWAw2qxWB9NzKxrEvx5rFfq6bMyeHijW,459248640,0.45924864,65856
validator_history,HistoryJTGbKQD2mRgLZ3XhqHnN811Qpez8X9kCcGHoa,6sD9E2hpDYdeS2ETJvLxuJbspAiWgwiYnE4xvoBunvHY,459248640,0.45924864,65856
validator_history,HistoryJTGbKQD2mRgLZ3XhqHnN811Qpez8X9kCcGHoa,FFQe2FKGpZfk24U1uLEijisWUYGDFYRKAGq5BkCoWrtG,459248640,0.45924864,65856
validator_history,HistoryJTGbKQD2mRgLZ3XhqHnN811Qpez8X9kCcGHoa,8WXHiA83FGB5QKUhm2ypR5nFBpHwBE8tiCQqVtZme3oA,459248640,0.45924864,65856
validator_history,HistoryJTGbKQD2mRgLZ3XhqHnN811Qpez8X9kCcGHoa,7mZgs66hQJJQBHkG7Dh99CPHLGphzUAREusgsLt6cEYU,459248640,0.45924864,65856
validator_history,HistoryJTGbKQD2mRgLZ3XhqHnN811Qpez8X9kCcGHoa,7giGwg2KCg89AjjD4FoZsiLsMw5KoBLQvQyyV1S7VMnj,459248640,0.45924864,65856
validator_history,HistoryJTGbKQD2mRgLZ3XhqHnN811Qpez8X9kCcGHoa,HRvzUyKo3qTwYmH7dTC7QhNzDCg4AoiN4WVhDdG3egMR,459248640,0.45924864,65856
validator_history,HistoryJTGbKQD2mRgLZ3XhqHnN811Qpez8X9kCcGHoa,EBzdhm7vSJPLgRkjHBXGA4yp3T3p5bjzyyKAwX5jfCff,459248640,0.45924864,65856
validator_history,HistoryJTGbKQD2mRgLZ3XhqHnN811Qpez8X9kCcGHoa,JBMqH48ZSZJQNVMxJZc4gapLE8qpvPPRFHvTMGqBrtgh,459248640,0.45924864,65856
validator_history,HistoryJTGbKQD2mRgLZ3XhqHnN811Qpez8X9kCcGHoa,5cxE92i49KDCK5AHbRWeziSQ2oji5okMR46877PCMA89,459248640,0.45924864,65856
validator_history,HistoryJTGbKQD2mRgLZ3XhqHnN811Qpez8X9kCcGHoa,GPtWBdBM5vSaDBrb7mKADpT7PSqoG9b5BBTaKkzhHyKS,459248640,0.45924864,65856
validator_history,HistoryJTGbKQD2mRgLZ3XhqHnN811Qpez8X9kCcGHoa,6J3xcbmteDngMhX6uL1k7kcXAPqFLjtgeFk5XLgwELPC,459248640,0.45924864,65856
validator_history,HistoryJTGbKQD2mRgLZ3XhqHnN811Qpez8X9kCcGHoa,DthoLg26cHEqJYwqtb3U3QBDCMF1nkEn8k8w9QQteEmJ,459248640,0.45924864,65856
validator_history,HistoryJTGbKQD2mRgLZ3XhqHnN811Qpez8X9kCcGHoa,BzPn3r9hePiFESgEWTjufJ3TDmvDj9Uf2sW1UqRg8x5b,459248640,0.45924864,65856
validator_history,HistoryJTGbKQD2mRgLZ3XhqHnN811Qpez8X9kCcGHoa,ED3faJsocE2w1WtSMRtFptT9iZi9tgHqyB7ZuCgXRqch,459248640,0.45924864,65856
validator_history,HistoryJTGbKQD2mRgLZ3XhqHnN811Qpez8X9kCcGHoa,4YYoLkqMaGUn97zu4hFQz2ncJJD8HoGJtJoMts38ZqXr,459248640,0.45924864,65856
validator_history,HistoryJTGbKQD2mRgLZ3XhqHnN811Qpez8X9kCcGHoa,86dRmMyK9Bg3Z8Wy9VmQeiqz5UfQ1RHXA4ujbRKR791H,459248640,0.45924864,65856
validator_history,HistoryJTGbKQD2mRgLZ3XhqHnN811Qpez8X9kCcGHoa,DM1moKR6inSkJHi3c2Jv8PPjukLU9harmucBUJpHM7sy,459248640,0.45924864,65856
validator_history,HistoryJTGbKQD2mRgLZ3XhqHnN811Qpez8X9kCcGHoa,DSiKrQFdfjc4nEn4evo2hsJ6uyErJbhFHfJXYGh4NmrB,459348640,0.45934864,65856
validator_history,HistoryJTGbKQD2mRgLZ3XhqHnN811Qpez8X9kCcGHoa,HhW8pXxjdTrQv9FwvLQsDmS9a5LrMwznbsSaaNkJB87U,459248640,0.45924864,65856
validator_history,HistoryJTGbKQD2mRgLZ3XhqHnN811Qpez8X9kCcGHoa,Ghno1gC9ZTQbhTgyFQv8kofcoyr4mvJN8E6dQpVAcKx7,459248640,0.45924864,65856
validator_history,HistoryJTGbKQD2mRgLZ3XhqHnN811Qpez8X9kCcGHoa,FiiTmrbMzEe6s4J8cTTMkL7fKcVJkmZDPJXfnDjbc4RB,459248640,0.45924864,65856
validator_history,HistoryJTGbKQD2mRgLZ3XhqHnN811Qpez8X9kCcGHoa,7VsNb2uwN9CuJLLGKFi5SZyuuR9sgCfqrsJw3VSCXTPE,459248640,0.45924864,65856
validator_history,HistoryJTGbKQD2mRgLZ3XhqHnN811Qpez8X9kCcGHoa,3JVNpeYMQat1FmLZT6sUex2QMzB5FdRmp68cBFwb1m5U,459248640,0.45924864,65856
validator_history,HistoryJTGbKQD2mRgLZ3XhqHnN811Qpez8X9kCcGHoa,HKdVH1vymQsRpV5gTc7a1zSSGumTo3xuQpStvmgVxCmM,459248640,0.45924864,65856
validator_history,HistoryJTGbKQD2mRgLZ3XhqHnN811Qpez8X9kCcGHoa,DaCrNmWUD63oNMQMo31emmsGNwG3zG6FDuD6MnC1tgAB,459248640,0.45924864,65856
validator_history,HistoryJTGbKQD2mRgLZ3XhqHnN811Qpez8X9kCcGHoa,EvsxoZnH5N84cnZTpRw8aNm9BcJGnvEg3dJSkBVe1oLM,459248640,0.45924864,65856
validator_history,HistoryJTGbKQD2mRgLZ3XhqHnN811Qpez8X9kCcGHoa,3BwQvfbJ55ExSkv3EP91pZFLGYAnq3vZ1sdcMhTWQikJ,459248640,0.45924864,65856
validator_history,HistoryJTGbKQD2mRgLZ3XhqHnN811Qpez8X9kCcGHoa,49S1xkVhqTRhLkYamorNhou7bXMaFW66MYhfTeQmRm8o,459248640,0.45924864,65856
validator_history,HistoryJTGbKQD2mRgLZ3XhqHnN811Qpez8X9kCcGHoa,6Fra49KLUnmyboG2gXugVUVRemsgoYKqnJBRppCAE5bw,459248640,0.45924864,65856
validator_history,HistoryJTGbKQD2mRgLZ3XhqHnN811Qpez8X9kCcGHoa,GeeBSexd32tuh16JSc5LMke8uiNxnehsytTgT8QG5Ei,459248640,0.45924864,65856
validator_history,HistoryJTGbKQD2mRgLZ3XhqHnN811Qpez8X9kCcGHoa,FUnA87JkPHRjpmyeCeMWCdDWqrwU5YXYR9ieTrfWJYAw,459248640,0.45924864,65856
validator_history,HistoryJTGbKQD2mRgLZ3XhqHnN811Qpez8X9kCcGHoa,CGNAK91beNi4qYUcLeRtqSmhrTsXXr1vkXobDGhpHksu,459248640,0.45924864,65856
validator_history,HistoryJTGbKQD2mRgLZ3XhqHnN811Qpez8X9kCcGHoa,HSDzZdbboUiqKLxFCcjmdAFq3kWJF6hE85HqRqNQxMTR,459248640,0.45924864,65856
validator_history,HistoryJTGbKQD2mRgLZ3XhqHnN811Qpez8X9kCcGHoa,Cq8yWp3FFULxyNrFG4oNWXaqqhLRruBTPnW2YoKZnTAf,459248640,0.45924864,65856
validator_history,HistoryJTGbKQD2mRgLZ3XhqHnN811Qpez8X9kCcGHoa,9zuGWTazAnLjTHG2otKxsLCCYYSB6VjWd4E3YamBSJah,459248640,0.45924864,65856
validator_history,HistoryJTGbKQD2mRgLZ3XhqHnN811Qpez8X9kCcGHoa,5C5NR8Qe2N2ELQwiACUDzMijuyi8pXEqTT7gRBoaPeTT,459248640,0.45924864,65856
validator_history,HistoryJTGbKQD2mRgLZ3XhqHnN811Qpez8X9kCcGHoa,J3Ad7ZTTqq9ww95FASmRaQu5iCn6U6b31rHGaVSR12GY,459248640,0.45924864,65856
validator_history,HistoryJTGbKQD2mRgLZ3XhqHnN811Qpez8X9kCcGHoa,BCMz5NcPpL788pKz5kKL2ZPHRYmckSe73Vp9PXwgTbK3,459248640,0.45924864,65856
validator_history,HistoryJTGbKQD2mRgLZ3XhqHnN811Qpez8X9kCcGHoa,5wHfsic8kovh8KEXEvUKTDq4ZkdYRuwe2L5ufRERGS4p,459248640,0.45924864,65856
validator_history,HistoryJTGbKQD2mRgLZ3XhqHnN811Qpez8X9kCcGHoa,6eKMjZYxssgRFntn85anx6AeAJq78hz9QEUKpfz7EzAp,459248640,0.45924864,65856
validator_history,HistoryJTGbKQD2mRgLZ3XhqHnN811Qpez8X9kCcGHoa,8erpgwWZ4vZqmV76PZuk13LiyZvPvGhGqvkaMystUvfR,459248640,0.45924864,65856
validator_history,HistoryJTGbKQD2mRgLZ3XhqHnN811Qpez8X9kCcGHoa,DD74837TLuzUbEQfzgjuMGoRgNkjVqGdKWGT4j9TRAFs,459248640,0.45924864,65856
validator_history,HistoryJTGbKQD2mRgLZ3XhqHnN811Qpez8X9kCcGHoa,BJthKPVaKaiM2B93mfBdRyAiakAx2e9KSFBTK2cdmbgJ,459248640,0.45924864,65856
validator_history,HistoryJTGbKQD2mRgLZ3XhqHnN811Qpez8X9kCcGHoa,CxfMvTKcndsRJHY94qLorBdzxVejumE8GJ8ZmEEH7Zb6,459248640,0.45924864,65856
validator_history,HistoryJTGbKQD2mRgLZ3XhqHnN811Qpez8X9kCcGHoa,F7oUELtjzW9WgVSPPH9pJFz5PiyhkXnh3sqXFbFZHGWg,459248640,0.45924864,65856
validator_history,HistoryJTGbKQD2mRgLZ3XhqHnN811Qpez8X9kCcGHoa,BLJkYrgfzXEE1uYtfnJT3i83ZYoaK2acwLUnrQQnx4qd,459248640,0.45924864,65856
validator_history,HistoryJTGbKQD2mRgLZ3XhqHnN811Qpez8X9kCcGHoa,Nbno1oevLPzkiz6fjP969Rtvgdzvg5jrYyhD7eSrDtV,459248640,0.45924864,65856
validator_history,HistoryJTGbKQD2mRgLZ3XhqHnN811Qpez8X9kCcGHoa,8s8V9M2GHFFycNbp1vaswvXEtB7DdQvd3UXVsLWTuYA4,459248640,0.45924864,65856
validator_history,HistoryJTGbKQD2mRgLZ3XhqHnN811Qpez8X9kCcGHoa,Eko2mpyqRnqXVGj6hJ3DsyaS77PPtoto9T7YXzdjoZJ8,459248640,0.45924864,65856
validator_history,HistoryJTGbKQD2mRgLZ3XhqHnN811Qpez8X9kCcGHoa,9iekF7SkPw7fGsB4Zp4hSE8Zn4HE1u4w1Rz1WMpW6iDq,459248640,0.45924864,65856
validator_history,HistoryJTGbKQD2mRgLZ3XhqHnN811Qpez8X9kCcGHoa,CzEC2uekJyXk7mvu8WvanxxhHYeMUg6583WcmM1D31FG,459248640,0.45924864,65856
validator_history,HistoryJTGbKQD2mRgLZ3XhqHnN811Qpez8X9kCcGHoa,DqiecqZhYNVjg5TAX1rS5BkEy7NyKHjcuu5sGxHV9rF3,459248640,0.45924864,65856
validator_history,HistoryJTGbKQD2mRgLZ3XhqHnN811Qpez8X9kCcGHoa,4vC9bUpEbTptAEgH7tfoyuPkXrr7ynAZ6PnW1AUALCLD,459248640,0.45924864,65856
validator_history,HistoryJTGbKQD2mRgLZ3XhqHnN811Qpez8X9kCcGHoa,CgpVFqNifWqqVS5BHLHpJd7yMWrKBbD1seWcwc5Zv8T6,459248640,0.45924864,65856
validator_history,HistoryJTGbKQD2mRgLZ3XhqHnN811Qpez8X9kCcGHoa,CxhpzbfyoqFiM7SXzKKv12PdjLF1jauWsxVS367X1JRA,459248640,0.45924864,65856
validator_history,HistoryJTGbKQD2mRgLZ3XhqHnN811Qpez8X9kCcGHoa,2ouwBZkJDWkK1fTvo1NfbRCrNuH7n17mnrjCP2ur1KLR,459248640,0.45924864,65856
validator_history,HistoryJTGbKQD2mRgLZ3XhqHnN811Qpez8X9kCcGHoa,Et4LVsLUttkPrpdiTaxPe8SC3RYg4hBJrr5yLxyvG8EP,459248640,0.45924864,65856
validator_history,HistoryJTGbKQD2mRgLZ3XhqHnN811Qpez8X9kCcGHoa,9E4QeGR5DWkt5fxqngeZKDiLU4oZFUgmQG8oBKjMGhTw,459248640,0.45924864,65856
validator_history,HistoryJTGbKQD2mRgLZ3XhqHnN811Qpez8X9kCcGHoa,DvDCbvmUnFKVffvop92moAwq2kzauKbQ4iu1eA3hEVab,459248640,0.45924864,65856
validator_history,HistoryJTGbKQD2mRgLZ3XhqHnN811Qpez8X9kCcGHoa,5SEvDSqpp1eAT67apSHPyox2LC38DBqvNSb7PYW8VJ1x,459249399,0.459249399,65856
validator_history,HistoryJTGbKQD2mRgLZ3XhqHnN811Qpez8X9kCcGHoa,5rwLwGqrTK7qAZ2riSZXQ9NMM2EvqAfSuQNRjayzmYNf,459248640,0.45924864,65856
validator_history,HistoryJTGbKQD2mRgLZ3XhqHnN811Qpez8X9kCcGHoa,EJnbWZ5A8No1QdNjPaQosViZRhhCvDDH8EddiquSuKKX,459248640,0.45924864,65856
validator_history,HistoryJTGbKQD2mRgLZ3XhqHnN811Qpez8X9kCcGHoa,EMwxz27LSdShDXgaYThgXTBzSqNa7QiAMuQe2y9bSVKz,459248640,0.45924864,65856
validator_history,HistoryJTGbKQD2mRgLZ3XhqHnN811Qpez8X9kCcGHoa,Bd7mhNEyz4CzRHVL5VqGrVG1bhhhszy9ivWgS1L9Miuf,459248640,0.45924864,65856
validator_history,HistoryJTGbKQD2mRgLZ3XhqHnN811Qpez8X9kCcGHoa,79hoDbwvE6gG1a6Gyd4tmLq5f4uTnBw7murVmhMRaons,459248640,0.45924864,65856
validator_history,HistoryJTGbKQD2mRgLZ3XhqHnN811Qpez8X9kCcGHoa,D9k2dwkM3aie7S9YK81CZ1zRMfGyE5YJMM7Q8kr9u3hE,459248640,0.45924864,65856
validator_history,HistoryJTGbKQD2mRgLZ3XhqHnN811Qpez8X9kCcGHoa,BDYvnaXU1FQaCqCDN4nQqYSvn1AgK3gednTkBG6R81o9,459248640,0.45924864,65856
validator_history,HistoryJTGbKQD2mRgLZ3XhqHnN811Qpez8X9kCcGHoa,7eCJ1MPgWGTex11VakHDTbR4d3bbZGadJHjvqbxHxV7q,459248640,0.45924864,65856
validator_history,HistoryJTGbKQD2mRgLZ3XhqHnN811Qpez8X9kCcGHoa,Cc79ZDKHJBM7pEDnN5dFW7V5LrzQw1B25sdgPt1c6U2R,459248640,0.45924864,65856
validator_history,HistoryJTGbKQD2mRgLZ3XhqHnN811Qpez8X9kCcGHoa,DDVAJmCQ39YJJuXjSs8WiedTUR72xgqoo3gpVptPuscT,459248640,0.45924864,65856
validator_history,HistoryJTGbKQD2mRgLZ3XhqHnN811Qpez8X9kCcGHoa,CgUdZxmhpyKBERku4aqD2LjJQnrHVCZZBBZCs6DD4AR,459248640,0.45924864,65856
validator_history,HistoryJTGbKQD2mRgLZ3XhqHnN811Qpez8X9kCcGHoa,4koQEYzmpsCoBJHPt6ErrV1NtFTBUFBzn5FbKdy7UUiA,459248640,0.45924864,65856
validator_history,HistoryJTGbKQD2mRgLZ3XhqHnN811Qpez8X9kCcGHoa,7E9B88YWWyXmjTZiqTXkDcSLwopcKtNruZvcNSVyqZs,459248640,0.45924864,65856
validator_history,HistoryJTGbKQD2mRgLZ3XhqHnN811Qpez8X9kCcGHoa,EJUcWrn1W5tpkzoMJXFHY24Ku7RZ2CuZKdLKsU6woXAg,459248640,0.45924864,65856
validator_history,HistoryJTGbKQD2mRgLZ3XhqHnN811Qpez8X9kCcGHoa,CuQkGCs2vnF26gaNKB9w8JxSz6o8w93vB8X4udEeNWxZ,459248640,0.45924864,65856
validator_history,HistoryJTGbKQD2mRgLZ3XhqHnN811Qpez8X9kCcGHoa,8EkVXxcn2htDWbdaudm6wnoXMr4puKcRNwBEVmZ5kmxb,459248640,0.45924864,65856
validator_history,HistoryJTGbKQD2mRgLZ3XhqHnN811Qpez8X9kCcGHoa,3RYhJdqw62JRiSDBQpeefv9DTxZDUV2xK3so3h8YMSmo,459248640,0.45924864,65856
validator_history,HistoryJTGbKQD2mRgLZ3XhqHnN811Qpez8X9kCcGHoa,8w5ySyom9pgFe3zSUHrNSyfKA7L6QpXPt54baqhyoMMV,459248640,0.45924864,65856
validator_history,HistoryJTGbKQD2mRgLZ3XhqHnN811Qpez8X9kCcGHoa,3fFHyaPewkoHLynQ5CJUMvUGBx5SjWTMdJBwfn5wieee,459248640,0.45924864,65856
validator_history,HistoryJTGbKQD2mRgLZ3XhqHnN811Qpez8X9kCcGHoa,5QAfujvwetoAKjkTNGET5zq756nLW9Wa9u2ZYHeguxy1,459248640,0.45924864,65856
validator_history,HistoryJTGbKQD2mRgLZ3XhqHnN811Qpez8X9kCcGHoa,4iRAwRhnGJVzLUBZxGSp6u9GT8hXx2XKZEiVKKMQ2L5z,459248640,0.45924864,65856
validator_history,HistoryJTGbKQD2mRgLZ3XhqHnN811Qpez8X9kCcGHoa,GqXC9Nq5i2sfRSKoMsLz98XJCCYqkvDJCNyuNqXDK6Kq,459248640,0.45924864,65856
validator_history,HistoryJTGbKQD2mRgLZ3XhqHnN811Qpez8X9kCcGHoa,DuDFVUKaeMHkyn1e96ekZhbRaKs4poAQCMBDVi8a2u9U,459248640,0.45924864,65856
validator_history,HistoryJTGbKQD2mRgLZ3XhqHnN811Qpez8X9kCcGHoa,48Egc9CFpz54fFDa9R7GXG7EXGuNNWTpKECz916EJpd3,459248640,0.45924864,65856
validator_history,HistoryJTGbKQD2mRgLZ3XhqHnN811Qpez8X9kCcGHoa,EgFuwPzD3Rpv4ReeSsS3HLwQCQYXcjdZ6qfVqgVeuDVG,459248640,0.45924864,65856
validator_history,HistoryJTGbKQD2mRgLZ3XhqHnN811Qpez8X9kCcGHoa,27Q4xbYCitABzFi9VkacRF7pAJXQ4XJZxZHeiBRdJDT7,459248640,0.45924864,65856
validator_history,HistoryJTGbKQD2mRgLZ3XhqHnN811Qpez8X9kCcGHoa,FpC3pUHz3uRREU4oASMPyajiigKoGhbvW3Lx6zqNNTkY,459248640,0.45924864,65856
validator_history,HistoryJTGbKQD2mRgLZ3XhqHnN811Qpez8X9kCcGHoa,2wBUvS1Z2RR4bE8EtpJ9qBtNkUgRGoumPHhLXgUWCada,459248640,0.45924864,65856
validator_history,HistoryJTGbKQD2mRgLZ3XhqHnN811Qpez8X9kCcGHoa,AY8akhnprJStujWk7TMQcpmeFm1ahBuvZUs3e7aGwxjT,459248640,0.45924864,65856
validator_history,HistoryJTGbKQD2mRgLZ3XhqHnN811Qpez8X9kCcGHoa,7XATzLbdogoFG7aUcEVcWxUZiR5X4UAaRHrrymj1JDc4,459248640,0.45924864,65856
validator_history,HistoryJTGbKQD2mRgLZ3XhqHnN811Qpez8X9kCcGHoa,DUZvSGLwdQaXshALn5hhriumQcj1vjtsBuMYrP8tjQ18,459248640,0.45924864,65856
validator_history,HistoryJTGbKQD2mRgLZ3XhqHnN811Qpez8X9kCcGHoa,68R7mgCxn358Ln64vbYrk27RUS7nxWUwDVrZbrW2xEUV,459248640,0.45924864,65856
validator_history,HistoryJTGbKQD2mRgLZ3XhqHnN811Qpez8X9kCcGHoa,21siszNr4mKDvJCzwFs7DvNQiUjkFXR4GiDzaMCcDSmE,459248640,0.45924864,65856
validator_history,HistoryJTGbKQD2mRgLZ3XhqHnN811Qpez8X9kCcGHoa,6yXo3h7Vf7gf6XqNTbVXb2WUojy3iktAtB6kRj6cX6rE,459248640,0.45924864,65856
validator_history,HistoryJTGbKQD2mRgLZ3XhqHnN811Qpez8X9kCcGHoa,BvmJQERT8bGqejV1UdQddR26AN5cETYaxwYJmHh8dgFR,459248640,0.45924864,65856
validator_history,HistoryJTGbKQD2mRgLZ3XhqHnN811Qpez8X9kCcGHoa,2TCRHrpsXqHet8M3yNCeZM4t71QQ2tQYVXdsPh4a7Yeo,459248640,0.45924864,65856
validator_history,HistoryJTGbKQD2mRgLZ3XhqHnN811Qpez8X9kCcGHoa,wzaQwM6rdULxgMUMUy2eM2HkXhdjYMZt667eBdicnTE,459248640,0.45924864,65856
validator_history,HistoryJTGbKQD2mRgLZ3XhqHnN811Qpez8X9kCcGHoa,6QKGc6Uqfba4nzeBMzRM2WYXmJ98R69SAJvU4WhG8iWH,459248640,0.45924864,65856
validator_history,HistoryJTGbKQD2mRgLZ3XhqHnN811Qpez8X9kCcGHoa,BLfAy32qu3o7zemv9BvXZmGax5pG78jGGuUNejzKyAvc,459248640,0.45924864,65856
validator_history,HistoryJTGbKQD2mRgLZ3XhqHnN811Qpez8X9kCcGHoa,CYVnDJxp4NdHMLswDdbh9fy9kmkqbHT5wP2t3e7x1CVu,459248640,0.45924864,65856
validator_history,HistoryJTGbKQD2mRgLZ3XhqHnN811Qpez8X9kCcGHoa,84rijb1yxZNdoNTXSgvpPrkqS4E8Vmbk8zak5WoH3M7N,459248640,0.45924864,65856
validator_history,HistoryJTGbKQD2mRgLZ3XhqHnN811Qpez8X9kCcGHoa,HoqaLx1kU9A1YZJjc4qhtG1BrfDsJEHyu19RiaHnwh4E,459248640,0.45924864,65856
validator_history,HistoryJTGbKQD2mRgLZ3XhqHnN811Qpez8X9kCcGHoa,E3BAiXooCXEtwGFGAhh2h5RQnhi7hfUFnSZbBSP8HRWo,459248640,0.45924864,65856
validator_history,HistoryJTGbKQD2mRgLZ3XhqHnN811Qpez8X9kCcGHoa,6LEJcJGtovgK1QbBvs4v7Rj95QtNzMqZqPw4ytZA5gi1,459248640,0.45924864,65856
validator_history,HistoryJTGbKQD2mRgLZ3XhqHnN811Qpez8X9kCcGHoa,FhbZLXE7Brn67KFACLZ9vYwsbsbuDegnkHj4Gy9s6EnL,459248640,0.45924864,65856
validator_history,HistoryJTGbKQD2mRgLZ3XhqHnN811Qpez8X9kCcGHoa,7ynvac8bTfxkWdbnv6k8jRxiL2RiEwNGRnZu9yTfipQp,459248640,0.45924864,65856
validator_history,HistoryJTGbKQD2mRgLZ3XhqHnN811Qpez8X9kCcGHoa,FMjaDpCQfWvUyrophvW7vUBThRLr6DrGgaiyUDsTLtuT,459248640,0.45924864,65856
validator_history,HistoryJTGbKQD2mRgLZ3XhqHnN811Qpez8X9kCcGHoa,AcKDCs89iY7M9h4G2S4WU9UdyTTEgpbBRuGPnYdDtRvM,459248640,0.45924864,65856
validator_history,HistoryJTGbKQD2mRgLZ3XhqHnN811Qpez8X9kCcGHoa,1STUsWQJMSiYfT6Zis9pYaL4XbPL5jn9LW8QaD8f2Ag,459248640,0.45924864,65856
validator_history,HistoryJTGbKQD2mRgLZ3XhqHnN811Qpez8X9kCcGHoa,57TW3yMTRfS3zQQ4TqMcvQjKthG4sAgFKAnxfqFKQCpe,459248640,0.45924864,65856
validator_history,HistoryJTGbKQD2mRgLZ3XhqHnN811Qpez8X9kCcGHoa,5McqHyiQeYgdgECAk1koLhqm6GRKay1EUX9q6pX8ekhk,459248640,0.45924864,65856
validator_history,HistoryJTGbKQD2mRgLZ3XhqHnN811Qpez8X9kCcGHoa,7Rg3vsB4FSBN4QxVhTkUdEzSiUFxMSrvrFmJHDr8o9RK,459248640,0.45924864,65856
validator_history,HistoryJTGbKQD2mRgLZ3XhqHnN811Qpez8X9kCcGHoa,2Dw54YFDbaT36y16vf9hbH1bBkzNb7JV1SfR63gcR8Kv,459248640,0.45924864,65856
validator_history,HistoryJTGbKQD2mRgLZ3XhqHnN811Qpez8X9kCcGHoa,4BKxjcDb9T15sspeQBYonNB7m5H3oAnPEzscxMVjcZZE,459248640,0.45924864,65856
validator_history,HistoryJTGbKQD2mRgLZ3XhqHnN811Qpez8X9kCcGHoa,DquU2QvYE6zY6L8PWbvdN17iu2PP7ZAkbtKoXpBXDepQ,459248640,0.45924864,65856
validator_history,HistoryJTGbKQD2mRgLZ3XhqHnN811Qpez8X9kCcGHoa,8WPs9BpxQyHjh9SXXBCD4oPPVcrhmbKHfoCfXVj7juSN,459248640,0.45924864,65856
validator_history,HistoryJTGbKQD2mRgLZ3XhqHnN811Qpez8X9kCcGHoa,J5wow1VRSgjR2EgRdatSTe37aB6YJ7uFU4vj7i4pqMWX,459248640,0.45924864,65856
validator_history,HistoryJTGbKQD2mRgLZ3XhqHnN811Qpez8X9kCcGHoa,6rmr4RRDBSKz1GFTQegt1goCWC3R7ZuY6qDnARF5yyxh,459248640,0.45924864,65856
validator_history,HistoryJTGbKQD2mRgLZ3XhqHnN811Qpez8X9kCcGHoa,D2PmsRVe2oBzJNKpGaq8qHUxiCGEXCG8ECn72GQEqbDD,459248640,0.45924864,65856
validator_history,HistoryJTGbKQD2mRgLZ3XhqHnN811Qpez8X9kCcGHoa,6aSPgxgsg6JXgAma6G2D1vGTvsG51dFWqYYNr2t1jW2B,459248640,0.45924864,65856
validator_history,HistoryJTGbKQD2mRgLZ3XhqHnN811Qpez8X9kCcGHoa,4FVq6TkcDEZpHPsQa9XtBJ4PSZ538U8aJmhUhUEyecaH,459248640,0.45924864,65856
validator_history,HistoryJTGbKQD2mRgLZ3XhqHnN811Qpez8X9kCcGHoa,CYvqe8zKCKTJYWFrqr9iv6USegCjMuTbkxLNve3vcyNp,459248640,0.45924864,65856
validator_history,HistoryJTGbKQD2mRgLZ3XhqHnN811Qpez8X9kCcGHoa,GYhmT9xJEYdggCmvB1vUhxXiYeD6REtp4E15UbgHRE2A,459248640,0.45924864,65856
validator_history,HistoryJTGbKQD2mRgLZ3XhqHnN811Qpez8X9kCcGHoa,9VDsBmWwLMUL4sN3LYivcj9zVaqVJ2V4sRy36k3xCMbw,459248640,0.45924864,65856
validator_history,HistoryJTGbKQD2mRgLZ3XhqHnN811Qpez8X9kCcGHoa,8ZjiktSqpevc9dXub6Q6x8uc8JkHAKEM5vy9CS9Tqfwb,459248640,0.45924864,65856
validator_history,HistoryJTGbKQD2mRgLZ3XhqHnN811Qpez8X9kCcGHoa,7Je9FfhdziWjPW8iCunPM7eSkdXd4weaip9bSS6d1toU,459248640,0.45924864,65856
validator_history,HistoryJTGbKQD2mRgLZ3XhqHnN811Qpez8X9kCcGHoa,BzVa5QzN2MK8peRYVvNUevVHccKtXJT39voQbAM4G6qp,465326189,0.465326189,65856
validator_history,HistoryJTGbKQD2mRgLZ3XhqHnN811Qpez8X9kCcGHoa,CLdqve3Q5cey4HPyzuJRMKWKCUYLqsFxrECY9HJS1KF6,459248640,0.45924864,65856
validator_history,HistoryJTGbKQD2mRgLZ3XhqHnN811Qpez8X9kCcGHoa,2aHEcAnVsHLpwMVGU9oigoe8JvSSZmi3awkaekPoCgf1,459248640,0.45924864,65856
validator_history,HistoryJTGbKQD2mRgLZ3XhqHnN811Qpez8X9kCcGHoa,Dyx5uYGXqXXdvd4XA8KAhh3wnzAsbiLxaHPswGxc9ph6,459248640,0.45924864,65856
validator_history,HistoryJTGbKQD2mRgLZ3XhqHnN811Qpez8X9kCcGHoa,BEHVXoMocW76Av1iwsdUEcvzMJporfzdX3W3G8mVJJ33,459248640,0.45924864,65856
validator_history,HistoryJTGbKQD2mRgLZ3XhqHnN811Qpez8X9kCcGHoa,HLerpDby24euJBhWXoNiTDtWmj2GdV9jARXLjpmA1RSg,459248640,0.45924864,65856
validator_history,HistoryJTGbKQD2mRgLZ3XhqHnN811Qpez8X9kCcGHoa,5sHLpBShftMij42BkECMi4edkD3V9nB4RB9aoGSGKnF9,459248640,0.45924864,65856
validator_history,HistoryJTGbKQD2mRgLZ3XhqHnN811Qpez8X9kCcGHoa,5jE5jAeJfhS1xXAfU5yMNDWsZeKNEoRGiv2forg8jbaC,459248640,0.45924864,65856
validator_history,HistoryJTGbKQD2mRgLZ3XhqHnN811Qpez8X9kCcGHoa,3kXnRtS2qDU5HTnwLqUNSHhiSYevyx4uFST1ay3YYb5z,459248640,0.45924864,65856
validator_history,HistoryJTGbKQD2mRgLZ3XhqHnN811Qpez8X9kCcGHoa,9qJfzHF7yjwK1B4MqfSi73cy1S7PqQVnwNYAmANACzqx,459248640,0.45924864,65856
validator_history,HistoryJTGbKQD2mRgLZ3XhqHnN811Qpez8X9kCcGHoa,E5xrj71F11hzqmQ1wCPwKMM2o7iYkd8hsu81i1gX9iJx,459248640,0.45924864,65856
validator_history,HistoryJTGbKQD2mRgLZ3XhqHnN811Qpez8X9kCcGHoa,ABGx34Hgh2PYVvhNbWJRwrTBJ6TuzjqCWC2witz8AGCv,459248640,0.45924864,65856
validator_history,HistoryJTGbKQD2mRgLZ3XhqHnN811Qpez8X9kCcGHoa,4yKisCabpVsELPGBu1g3W8PzDn3SYf98EQvHHMHUUNit,459248640,0.45924864,65856
validator_history,HistoryJTGbKQD2mRgLZ3XhqHnN811Qpez8X9kCcGHoa,D5AJfkEFWuT8NoB7rXKKiwoWAwXNGrRvAyHv5AjgygA3,459248640,0.45924864,65856
validator_history,HistoryJTGbKQD2mRgLZ3XhqHnN811Qpez8X9kCcGHoa,EEgyYgAmvh2N1kbwprc6JLd9VJASfipNCNzsRFniS68Z,459248640,0.45924864,65856
validator_history,HistoryJTGbKQD2mRgLZ3XhqHnN811Qpez8X9kCcGHoa,AJsboZSA8JaBMhWeNhMPH37wVwcWmtYByoT3LEA9crqf,459248640,0.45924864,65856
validator_history,HistoryJTGbKQD2mRgLZ3XhqHnN811Qpez8X9kCcGHoa,ALa1cjrQnR9NVc6N34aoBKW3rwNb37Fki85APqDP5dh6,459248640,0.45924864,65856
validator_history,HistoryJTGbKQD2mRgLZ3XhqHnN811Qpez8X9kCcGHoa,6hCqSkKA2KpsXE2haWzDasmHwBViUx5zXHVhVbqBDTdT,459248640,0.45924864,65856
validator_history,HistoryJTGbKQD2mRgLZ3XhqHnN811Qpez8X9kCcGHoa,5MbJi4dAbJForX7bwdXMSKv5qoj27yVozZ2wFXxiT26u,459248640,0.45924864,65856
validator_history,HistoryJTGbKQD2mRgLZ3XhqHnN811Qpez8X9kCcGHoa,DN7tdb1hURytNZufzR2Y9CKLvYJ7ffonMsK66HmYTJ61,459248640,0.45924864,65856
validator_history,HistoryJTGbKQD2mRgLZ3XhqHnN811Qpez8X9kCcGHoa,FhNLb92jAsZaaysvFXjm8ZSj5Qg9TrZqeTRDGYrfv1zD,459248640,0.45924864,65856
validator_history,HistoryJTGbKQD2mRgLZ3XhqHnN811Qpez8X9kCcGHoa,Bmt79uQ1PBsU9xG4hbMRKi6CCce2hNjC5qwjvRvsAsPG,459248640,0.45924864,65856
validator_history,HistoryJTGbKQD2mRgLZ3XhqHnN811Qpez8X9kCcGHoa,DANTT6g7zmTAjyjJEUth1sexiAsosi2M2JBbx53Dnn9J,459248640,0.45924864,65856
validator_history,HistoryJTGbKQD2mRgLZ3XhqHnN811Qpez8X9kCcGHoa,4U6nqVGMcQTiDCBZrV9766vV5XFyMattCpStmEWYmx7q,459248640,0.45924864,65856
validator_history,HistoryJTGbKQD2mRgLZ3XhqHnN811Qpez8X9kCcGHoa,QMpmydjrdS6tAuymTxmRck6nUMjCaoG2zgAcQ7bwxys,459248640,0.45924864,65856
validator_history,HistoryJTGbKQD2mRgLZ3XhqHnN811Qpez8X9kCcGHoa,F5ULQU5EGHBAjjrDmrtgd6U5hn2ENFBRxc2nu5L4Ncib,459248640,0.45924864,65856
validator_history,HistoryJTGbKQD2mRgLZ3XhqHnN811Qpez8X9kCcGHoa,GvmDCk2J3z83GmBG2hbdtVQ1QPyZyng5w9incckVLJqs,459248640,0.45924864,65856
validator_history,HistoryJTGbKQD2mRgLZ3XhqHnN811Qpez8X9kCcGHoa,4bRWZwX1mezxiMfvZS4VcBxDAaETfnbqBCtzy2w11mGR,459248640,0.45924864,65856
validator_history,HistoryJTGbKQD2mRgLZ3XhqHnN811Qpez8X9kCcGHoa,6xTbEVkV1ntAyCMAz8eMgMyetnbt5E48wnPUsUmiPV8s,459248640,0.45924864,65856
validator_history,HistoryJTGbKQD2mRgLZ3XhqHnN811Qpez8X9kCcGHoa,6fk4ACca8mQB9R1zU7yhRMHZonU1PaisRbPmk4Y4hfs8,459248640,0.45924864,65856
validator_history,HistoryJTGbKQD2mRgLZ3XhqHnN811Qpez8X9kCcGHoa,2nCLfixTdpAJkd9G8aS7kr3pkb1rWooJ74vsiJfG7XkZ,459248640,0.45924864,65856
validator_history,HistoryJTGbKQD2mRgLZ3XhqHnN811Qpez8X9kCcGHoa,3LDZCwJAiLNQ6FKMsRCG8NQHxmT9F6WgKnqUpSAfacb4,459248640,0.45924864,65856
validator_history,HistoryJTGbKQD2mRgLZ3XhqHnN811Qpez8X9kCcGHoa,7n7YH7B2ksYFoHnLN5dWn3tw2rHhZBW9YgLsbYXSWp5v,459248640,0.45924864,65856
validator_history,HistoryJTGbKQD2mRgLZ3XhqHnN811Qpez8X9kCcGHoa,BZJNYRkLvspaRYRu6DN7ugRSVs7o7twwgJ7oRrLQqC8e,459248640,0.45924864,65856
validator_history,HistoryJTGbKQD2mRgLZ3XhqHnN811Qpez8X9kCcGHoa,B43HEzukZLXP2CwbE9raK5ooVW3vYw818kG8tzV8fqHa,459248640,0.45924864,65856
validator_history,HistoryJTGbKQD2mRgLZ3XhqHnN811Qpez8X9kCcGHoa,7FAcJyQSpYQiqRe4wjqnfg8YWAEpa2kADGDcxbFUd4yJ,459248640,0.45924864,65856
validator_history,HistoryJTGbKQD2mRgLZ3XhqHnN811Qpez8X9kCcGHoa,4uxjEu1GQ8of7mUJXoXxR1YKwvmNvvzy1r9WBCz2m9La,459248640,0.45924864,65856
validator_history,HistoryJTGbKQD2mRgLZ3XhqHnN811Qpez8X9kCcGHoa,5Ab4U5XVi842oKvdxtnYTdbYEFWT7tFLecRqdrgL3Yuo,459248640,0.45924864,65856
validator_history,HistoryJTGbKQD2mRgLZ3XhqHnN811Qpez8X9kCcGHoa,7EKB1FKC3escrmLJyEJQPvk8Z9dtgzGjdHpb7uzpWxAQ,459248640,0.45924864,65856
validator_history,HistoryJTGbKQD2mRgLZ3XhqHnN811Qpez8X9kCcGHoa,buEbfxQNzMGpbYSCB4GayM1PS4Wd7P9GE2n2w4kxSeK,459248640,0.45924864,65856
validator_history,HistoryJTGbKQD2mRgLZ3XhqHnN811Qpez8X9kCcGHoa,AZFgosbBorkBVhFSQYTPRBpGbgRZwkkhhzkUfn7CzvUW,459248640,0.45924864,65856
validator_history,HistoryJTGbKQD2mRgLZ3XhqHnN811Qpez8X9kCcGHoa,4Y7gLeyjKbUCypZ9kaH4zCTYS5wkATReiwpV2v6FMWR4,459248640,0.45924864,65856
validator_history,HistoryJTGbKQD2mRgLZ3XhqHnN811Qpez8X9kCcGHoa,GXBXfPgeodf2rRgJXPTYWFwuQKRfoZ8gSQfpbAsbD6Cy,459248640,0.45924864,65856
validator_history,HistoryJTGbKQD2mRgLZ3XhqHnN811Qpez8X9kCcGHoa,4qe4AiwcqxsQ9ZmtwHDFd6MipjcDxYJ5qEW1itjTVQvh,459248640,0.45924864,65856
validator_history,HistoryJTGbKQD2mRgLZ3XhqHnN811Qpez8X9kCcGHoa,3k5TUcmhePc8z5J2BaJaN4FS3ATQ2E3H5U5MQABFq8kD,459248640,0.45924864,65856
validator_history,HistoryJTGbKQD2mRgLZ3XhqHnN811Qpez8X9kCcGHoa,5tUh5PdPdVSQVzadhm45mBcdGBUeHnTcaEruqfxw2GjM,459248640,0.45924864,65856
validator_history,HistoryJTGbKQD2mRgLZ3XhqHnN811Qpez8X9kCcGHoa,5DgapXEsZn1sqjrXyRXRJWKwrVQjZJCGp3fwpxefZu7L,459248640,0.45924864,65856
validator_history,HistoryJTGbKQD2mRgLZ3XhqHnN811Qpez8X9kCcGHoa,J2tNVvzDc56nM8FAYw3GH9n3vdkMaNFeovxxJsdG7syL,459248640,0.45924864,65856
validator_history,HistoryJTGbKQD2mRgLZ3XhqHnN811Qpez8X9kCcGHoa,GaX84k4BUmPJ5zFvRKmxtTW9nrWYCSenyBWtvqPw3hDJ,459248640,0.45924864,65856
validator_history,HistoryJTGbKQD2mRgLZ3XhqHnN811Qpez8X9kCcGHoa,3GYtGBV7M7a9tPWK9Ci6CiHxtYDWNPEJ9dV5QzP5hDtd,459248640,0.45924864,65856
validator_history,HistoryJTGbKQD2mRgLZ3XhqHnN811Qpez8X9kCcGHoa,DkYuDb7uHUdmFaXb2brnQC551zweT9EsaGo5AJbSYyew,459248640,0.45924864,65856
validator_history,HistoryJTGbKQD2mRgLZ3XhqHnN811Qpez8X9kCcGHoa,MAtUqUXth2z6SYoga9bU4X6ab3PZD8ARGzVqReo4qrP,459248640,0.45924864,65856
validator_history,HistoryJTGbKQD2mRgLZ3XhqHnN811Qpez8X9kCcGHoa,4CjiT534WKtUsPhuaZDyB9EjqRStjLQwXqHLsiMnq5gF,459248640,0.45924864,65856
validator_history,HistoryJTGbKQD2mRgLZ3XhqHnN811Qpez8X9kCcGHoa,8jHbG1hzFP9cw9ieuAhM8Dy552KbHT3wyFwwNQWMaNQw,459248640,0.45924864,65856
validator_history,HistoryJTGbKQD2mRgLZ3XhqHnN811Qpez8X9kCcGHoa,FUoBiUCVtD2ktJmSWq8UwFTJoUJHkojGgoTrFQKdu7yK,459248640,0.45924864,65856
validator_history,HistoryJTGbKQD2mRgLZ3XhqHnN811Qpez8X9kCcGHoa,8Fw58wBPLaWQbFToyb4C56V5uQJdYNJvrRmEgYi2mf6m,459248640,0.45924864,65856
validator_history,HistoryJTGbKQD2mRgLZ3XhqHnN811Qpez8X9kCcGHoa,EhgWTYpYoLzE64K8wKZEEpjEwkUp3MGfkzQo5sfUNF2Z,459248640,0.45924864,65856
validator_history,HistoryJTGbKQD2mRgLZ3XhqHnN811Qpez8X9kCcGHoa,6reECXvgvhydeLoDbZnaYUwUaSdgCnVLpscMCSXQwCtj,459248640,0.45924864,65856
validator_history,HistoryJTGbKQD2mRgLZ3XhqHnN811Qpez8X9kCcGHoa,72o9BwLbXafoeGEFiQJJshHm97sFMf4XsfwsGw2egxBQ,459248640,0.45924864,65856
validator_history,HistoryJTGbKQD2mRgLZ3XhqHnN811Qpez8X9kCcGHoa,9Z4c6vtgau62xjCrkaP58rbJUBJDqf5b11GvP6rgHw8x,459248640,0.45924864,65856
validator_history,HistoryJTGbKQD2mRgLZ3XhqHnN811Qpez8X9kCcGHoa,6Fx6GBV83TCXhnoWZPsJbnTweBaZN3wEoQdm5SoDqWbh,459248640,0.45924864,65856
validator_history,HistoryJTGbKQD2mRgLZ3XhqHnN811Qpez8X9kCcGHoa,6eDtvub5YT8hSxD6sWPk8KLrFM5rQeP32BUZMYqW1fs6,459248640,0.45924864,65856
validator_history,HistoryJTGbKQD2mRgLZ3XhqHnN811Qpez8X9kCcGHoa,4VJL5hSguXFnEz7u9AWMVhkHZiJ5xbMyTaQTmcrtYBNj,459248640,0.45924864,65856
validator_history,HistoryJTGbKQD2mRgLZ3XhqHnN811Qpez8X9kCcGHoa,Ej9UCz18Spb6xRx8L3sT3vbyAq2dycRWCB2nemsB6K5X,459248640,0.45924864,65856
validator_history,HistoryJTGbKQD2mRgLZ3XhqHnN811Qpez8X9kCcGHoa,9gkEfp7FJQEZRQTWUJesBYsqc7RmD8MJJ7zj674z8SKi,459248640,0.45924864,65856
validator_history,HistoryJTGbKQD2mRgLZ3XhqHnN811Qpez8X9kCcGHoa,HyGwwMjxVQqAvofECVhoPv45PTTViJBKQWTTT1bekBGJ,459248640,0.45924864,65856
validator_history,HistoryJTGbKQD2mRgLZ3XhqHnN811Qpez8X9kCcGHoa,J2LP2tfFu91SMFfNipTYi2iTBhLaTcvDfBpzrPXXnrXn,459248640,0.45924864,65856
validator_history,HistoryJTGbKQD2mRgLZ3XhqHnN811Qpez8X9kCcGHoa,8kapRtHgSvHPWsnMpjWg1f5YpMwoY6gXHSM2rim92CyE,23288160,0.02328816,3218
validator_history,HistoryJTGbKQD2mRgLZ3XhqHnN811Qpez8X9kCcGHoa,HnbcTaR4Ht68rs4dqSdC4BU5LsmqjttB5fMGcajnGX3w,459248640,0.45924864,65856
validator_history,HistoryJTGbKQD2mRgLZ3XhqHnN811Qpez8X9kCcGHoa,GzKvhfza1LzznC5B54gisyKBjxMzAPGkRFcNQDBL3xt,459248640,0.45924864,65856
validator_history,HistoryJTGbKQD2mRgLZ3XhqHnN811Qpez8X9kCcGHoa,5RbkkS8XoubZHa3pyyDwpsmMPhrZc5RodhPJBEGAQvcz,459248640,0.45924864,65856
validator_history,HistoryJTGbKQD2mRgLZ3XhqHnN811Qpez8X9kCcGHoa,Ei2yVu7EAuH1YYrtazWKpfqG9AMYH2FJce9qTXiXADRi,459248640,0.45924864,65856
validator_history,HistoryJTGbKQD2mRgLZ3XhqHnN811Qpez8X9kCcGHoa,XpDZJsp9JkJZ9agDfbGL2jWMhCVbBQQxiGFYTYtUFgb,459248640,0.45924864,65856
validator_history,HistoryJTGbKQD2mRgLZ3XhqHnN811Qpez8X9kCcGHoa,69tkbqXnPfNSXZrzvXr2sPhv9WrpUb2qXX46bFFC1Rpv,459248640,0.45924864,65856
validator_history,HistoryJTGbKQD2mRgLZ3XhqHnN811Qpez8X9kCcGHoa,DnS2szJfuKqeQjfcCxejHH4UtqfsNkyigpbKjKMXichQ,459248640,0.45924864,65856
validator_history,HistoryJTGbKQD2mRgLZ3XhqHnN811Qpez8X9kCcGHoa,6LBJNSkWmA6xeXLwMRZk6PnBZom23upDNPktk35sq4Xc,459248640,0.45924864,65856
validator_history,HistoryJTGbKQD2mRgLZ3XhqHnN811Qpez8X9kCcGHoa,CXxnqxZVek16ptqZ8zDgNXKG91cezC2vX8Tp2K8NyQtq,459248640,0.45924864,65856
validator_history,HistoryJTGbKQD2mRgLZ3XhqHnN811Qpez8X9kCcGHoa,4T3FGrjQAc7S8fed4k6wFE7fiWhHSzALUECxNSaXg6Ni,459248640,0.45924864,65856
validator_history,HistoryJTGbKQD2mRgLZ3XhqHnN811Qpez8X9kCcGHoa,EcyYaYSeP7hhDZQcHcvM9uo2cNL8GrEejpodYneKvpwj,459248640,0.45924864,65856
validator_history,HistoryJTGbKQD2mRgLZ3XhqHnN811Qpez8X9kCcGHoa,GaMiLXtnMvZmbqXH8JVYqVCYixAg9tJ7yhYKWgH33jcd,459248640,0.45924864,65856
validator_history,HistoryJTGbKQD2mRgLZ3XhqHnN811Qpez8X9kCcGHoa,cMLnKwp2UaCE4SQrU2th2Ms6RHiHDeVQiTgYfjtcoMs,459248640,0.45924864,65856
validator_history,HistoryJTGbKQD2mRgLZ3XhqHnN811Qpez8X9kCcGHoa,HqK7f271WsPYxBgikQ9pR7CnrT3gXpzJ44exdiE3yMRs,459248640,0.45924864,65856
validator_history,HistoryJTGbKQD2mRgLZ3XhqHnN811Qpez8X9kCcGHoa,5FsS2MwT6pbBxzEkFkUkVDJdQoWGJxAuJpnUiLxzAS7g,459248640,0.45924864,65856
validator_history,HistoryJTGbKQD2mRgLZ3XhqHnN811Qpez8X9kCcGHoa,HbPgrkRqa5fDK15STU9j3KPZX6d9psN6rUmrWGerntwu,459248640,0.45924864,65856
validator_history,HistoryJTGbKQD2mRgLZ3XhqHnN811Qpez8X9kCcGHoa,EGHUJUAY8uwZFbuFNrmH2ndpyKaWL2cbtZka6onXygp8,459248640,0.45924864,65856
validator_history,HistoryJTGbKQD2mRgLZ3XhqHnN811Qpez8X9kCcGHoa,6yG9Arh2WvXVzkje1cxbs4a64BZBq5HUBbbke9k3iiBt,459248640,0.45924864,65856
validator_history,HistoryJTGbKQD2mRgLZ3XhqHnN811Qpez8X9kCcGHoa,EiNqojrZbR6kSMNaV9TdUCrSgpBp11c2iXMbNQauNMx7,459248640,0.45924864,65856
validator_history,HistoryJTGbKQD2mRgLZ3XhqHnN811Qpez8X9kCcGHoa,DW3YjyrBvB94fFttsQchFWEUFSFF5ReNSaVeAG1UgPqa,459248640,0.45924864,65856
validator_history,HistoryJTGbKQD2mRgLZ3XhqHnN811Qpez8X9kCcGHoa,A4fhsDiTmySD3PB6tP5uedxprg8zvoZwdU9hme6v9NKP,459248640,0.45924864,65856
validator_history,HistoryJTGbKQD2mRgLZ3XhqHnN811Qpez8X9kCcGHoa,ErwNDQ2mDJ3nqUTbkhGXjjG1nrREtTksUs9aNV67t2CU,459248640,0.45924864,65856
validator_history,HistoryJTGbKQD2mRgLZ3XhqHnN811Qpez8X9kCcGHoa,3woXcfGqaz95VJZMrocK85B3mKKTgoajcLm8V6cpLV88,459248640,0.45924864,65856
validator_history,HistoryJTGbKQD2mRgLZ3XhqHnN811Qpez8X9kCcGHoa,4WYiuKhiBK5WwFKnXjRXQSKs7Yvyt7dGnxMQ4XnvkRDm,459248640,0.45924864,65856
validator_history,HistoryJTGbKQD2mRgLZ3XhqHnN811Qpez8X9kCcGHoa,Ee75yUf7zb5ortYTbJ3Y5nV6T1EThVcJjEaYue4xBxzb,459248640,0.45924864,65856
validator_history,HistoryJTGbKQD2mRgLZ3XhqHnN811Qpez8X9kCcGHoa,3AoeLq6vfruMMB61PHsHRm5CWinNhZ1NB6BAj24iqxcd,459248640,0.45924864,65856
validator_history,HistoryJTGbKQD2mRgLZ3XhqHnN811Qpez8X9kCcGHoa,Ge9ZyC2CK6S6z5x7cGevF47AutqGbEP89ge1N9MogLoN,459248640,0.45924864,65856
validator_history,HistoryJTGbKQD2mRgLZ3XhqHnN811Qpez8X9kCcGHoa,81DhHW2pxfdjHAo2kgpf7USDXo89KPtqGGMbqJm1aUSc,459248640,0.45924864,65856
validator_history,HistoryJTGbKQD2mRgLZ3XhqHnN811Qpez8X9kCcGHoa,2fn3zrU2nfZTa6PKqAiBd4o8M37Chtn5JpW2xkoYxLSC,459248640,0.45924864,65856
validator_history,HistoryJTGbKQD2mRgLZ3XhqHnN811Qpez8X9kCcGHoa,EwkmSPJzru6wfEUf5yMcQ2rq9Vv1pkvKwGkwbzQ3AdRc,459248640,0.45924864,65856
validator_history,HistoryJTGbKQD2mRgLZ3XhqHnN811Qpez8X9kCcGHoa,Gxp4UWss8o5HRHX96PSWG6FSPuV9555AP9mWy9HeMhkg,459248640,0.45924864,65856
validator_history,HistoryJTGbKQD2mRgLZ3XhqHnN811Qpez8X9kCcGHoa,EGMGMdJkFiA3wJdtA76hC78ho5cwV4BxhSimjXCmbSr4,459248640,0.45924864,65856
validator_history,HistoryJTGbKQD2mRgLZ3XhqHnN811Qpez8X9kCcGHoa,6YrWR197Z8iFdiNwZNZFRftjfeWBaD1V7rGvTGkD87v1,459248640,0.45924864,65856
validator_history,HistoryJTGbKQD2mRgLZ3XhqHnN811Qpez8X9kCcGHoa,FVHrkPZyDJcQbSYFWuriCsxMU5tKJ6xprnKAmCJ6FXV8,459248640,0.45924864,65856
validator_history,HistoryJTGbKQD2mRgLZ3XhqHnN811Qpez8X9kCcGHoa,25mnDCzz3fKf9HXaEEyjM2nJZYGBWYFRDUdjJ7iLEfed,459248640,0.45924864,65856
validator_history,HistoryJTGbKQD2mRgLZ3XhqHnN811Qpez8X9kCcGHoa,CcAVbC4bG6qrCdyEM6dM1gSuFKrqHRZsHsNkgahgowBH,459248640,0.45924864,65856
validator_history,HistoryJTGbKQD2mRgLZ3XhqHnN811Qpez8X9kCcGHoa,9grVLmCNKadmDkAJSh3VxvqtspotKE2prXu3U3WSKYrD,459248640,0.45924864,65856
validator_history,HistoryJTGbKQD2mRgLZ3XhqHnN811Qpez8X9kCcGHoa,hRozpbXbE339RDTqY7T9PiANKjH1G6nJYsMrtj3QLK5,459248640,0.45924864,65856
validator_history,HistoryJTGbKQD2mRgLZ3XhqHnN811Qpez8X9kCcGHoa,CQsL7DTk2BHC82fSgRYvCmpvejkRsnGht4xkAynongRE,459248640,0.45924864,65856
validator_history,HistoryJTGbKQD2mRgLZ3XhqHnN811Qpez8X9kCcGHoa,G1gTdcS9eEnwmnGtLN8tBsnNZZHYHEAwmZZEL5uPNZsu,459248640,0.45924864,65856
validator_history,HistoryJTGbKQD2mRgLZ3XhqHnN811Qpez8X9kCcGHoa,8Z1UiPjyBpk6B5cTFEebHgDXxNzfmcNkXnW5fkZ6XPPh,459248640,0.45924864,65856
validator_history,HistoryJTGbKQD2mRgLZ3XhqHnN811Qpez8X9kCcGHoa,3h8RKZXBpvsevyRV2Rb94Qs5VZovqmsN6GpvouJwTAZ3,459248640,0.45924864,65856
validator_history,HistoryJTGbKQD2mRgLZ3XhqHnN811Qpez8X9kCcGHoa,5Q1sS5D7wndUqfuzE33TW65JTeXqTWrNZWDsdUiYho6Z,459248640,0.45924864,65856
validator_history,HistoryJTGbKQD2mRgLZ3XhqHnN811Qpez8X9kCcGHoa,BHzL4s4KDeUuMG7C2QT9q1oNUBTXvSoDH3NCwLJjfMAF,459248640,0.45924864,65856
validator_history,HistoryJTGbKQD2mRgLZ3XhqHnN811Qpez8X9kCcGHoa,7YYkuWLy7C7BunGxMCRjHMoJTZtuFBU8AgNXzPFqbAQp,459248640,0.45924864,65856
validator_history,HistoryJTGbKQD2mRgLZ3XhqHnN811Qpez8X9kCcGHoa,mK5Krbh1UaZVR1WgCg3SaZb8msVZyi3J3kQdMgBs7ez,459248640,0.45924864,65856
validator_history,HistoryJTGbKQD2mRgLZ3XhqHnN811Qpez8X9kCcGHoa,5Y2fuDifModm9Sjy9x1s5NLiCm7gLfoBdzuVSf19qoRj,459248640,0.45924864,65856
validator_history,HistoryJTGbKQD2mRgLZ3XhqHnN811Qpez8X9kCcGHoa,3NUnDBhXNJSDq1Utc4zqh4vVoPY1PxPPzDH9sEEeVgMY,459248640,0.45924864,65856
validator_history,HistoryJTGbKQD2mRgLZ3XhqHnN811Qpez8X9kCcGHoa,ADTubEADDF3RB2jzpGmC2rKvXjACYG4V3tZmbvfh3gYx,459248640,0.45924864,65856
validator_history,HistoryJTGbKQD2mRgLZ3XhqHnN811Qpez8X9kCcGHoa,6h9uTfTpJLXVdDmuHqkVk8pXKXx848MUciNCHQxPgE2h,459248640,0.45924864,65856
validator_history,HistoryJTGbKQD2mRgLZ3XhqHnN811Qpez8X9kCcGHoa,5fUL5tY9ZHDFNjKsSmGUjHnpZuRCLDhTW7QR6XvGFiv7,459248640,0.45924864,65856
validator_history,HistoryJTGbKQD2mRgLZ3XhqHnN811Qpez8X9kCcGHoa,A8rSfcwn15C1PCQm8exaMLcXJSr28Wa3dzraoySiF3m,459248640,0.45924864,65856
validator_history,HistoryJTGbKQD2mRgLZ3XhqHnN811Qpez8X9kCcGHoa,FefoWpU9VLcgdJdMz6fSzYhXVfwNQJKHPQRLZisBuJaQ,459248640,0.45924864,65856
validator_history,HistoryJTGbKQD2mRgLZ3XhqHnN811Qpez8X9kCcGHoa,7FXyoDLCwv7jZFhqeWZm2vL8JFHyF71ht9tZwPJ7MHKc,459248640,0.45924864,65856
validator_history,HistoryJTGbKQD2mRgLZ3XhqHnN811Qpez8X9kCcGHoa,DUWMa49d5jYkH4EPiSeUnK9i4AzuQP8cjfo35AN7va1d,459248640,0.45924864,65856
validator_history,HistoryJTGbKQD2mRgLZ3XhqHnN811Qpez8X9kCcGHoa,9w3wxWtSJ7ruZKK1WdZN5aXSnYoPqfZ2qrpS6iEpov6j,459248640,0.45924864,65856
validator_history,HistoryJTGbKQD2mRgLZ3XhqHnN811Qpez8X9kCcGHoa,5bBprPr8fhm48FQneGEuxHYT1kjqjiDZPwA1Shidur11,459248640,0.45924864,65856
validator_history,HistoryJTGbKQD2mRgLZ3XhqHnN811Qpez8X9kCcGHoa,J73cFeHuHNEEd9yECHXkXsL9f6QiyxtohYu8xv86L85N,459248640,0.45924864,65856
validator_history,HistoryJTGbKQD2mRgLZ3XhqHnN811Qpez8X9kCcGHoa,5q4AVK5tSpTtYhygJTsFPBcAHQ19zWftpqm9P2SY9Fqb,459248640,0.45924864,65856
validator_history,HistoryJTGbKQD2mRgLZ3XhqHnN811Qpez8X9kCcGHoa,DJML9RhkHaRzAEcNpfk92S2QLXWVvUQnrgiYVPNhJySR,459248640,0.45924864,65856
validator_history,HistoryJTGbKQD2mRgLZ3XhqHnN811Qpez8X9kCcGHoa,64Ni3GBfaGfzasxzLQLyLw29HFX2EbttEbfouNEJQHcb,459248640,0.45924864,65856
validator_history,HistoryJTGbKQD2mRgLZ3XhqHnN811Qpez8X9kCcGHoa,BhLbF2RFdWtkMiVGJjuV7Z7UABcW98Aojxhn1urU8UEB,459248640,0.45924864,65856
validator_history,HistoryJTGbKQD2mRgLZ3XhqHnN811Qpez8X9kCcGHoa,3zLoHpxiGcxWTXvGGq46dxoqSibkgsyfCPLjCb6oPPJe,459248640,0.45924864,65856
validator_history,HistoryJTGbKQD2mRgLZ3XhqHnN811Qpez8X9kCcGHoa,CqN4ocdJFxBJZDhrm3jMjM1J8YEmXqqspQtkuiYCao21,459248640,0.45924864,65856
validator_history,HistoryJTGbKQD2mRgLZ3XhqHnN811Qpez8X9kCcGHoa,C6DYGqMrq5RuGz7SMbJUKBpZTZnntJqL4ZzHMpTDwP9R,459248640,0.45924864,65856
validator_history,HistoryJTGbKQD2mRgLZ3XhqHnN811Qpez8X9kCcGHoa,GnHcvFu2JWbVQz6EiH7NtmsadvnHKnothsDY43krBmFT,459248640,0.45924864,65856
validator_history,HistoryJTGbKQD2mRgLZ3XhqHnN811Qpez8X9kCcGHoa,BxPshy2mqBcedB1AGsiCpCy7Vz8t1RubTZ75f4ZJdKbU,459248640,0.45924864,65856
validator_history,HistoryJTGbKQD2mRgLZ3XhqHnN811Qpez8X9kCcGHoa,2cjeu5HH7ZwRYzQ5JFZ4TLMSxAJKVnwkJbXH3sbv8hem,459248640,0.45924864,65856
validator_history,HistoryJTGbKQD2mRgLZ3XhqHnN811Qpez8X9kCcGHoa,2HBspfWDVur7eGFD9nASHgJZ22WcGVnFdfbYZ8oB5d78,459248640,0.45924864,65856
validator_history,HistoryJTGbKQD2mRgLZ3XhqHnN811Qpez8X9kCcGHoa,AjnBsunpaGcRJiU9tR9GmhQpQcGExcRnpwsbdWYYbVXs,459248640,0.45924864,65856
validator_history,HistoryJTGbKQD2mRgLZ3XhqHnN811Qpez8X9kCcGHoa,65F44hCV2yQjRNYMbutD9E73z9wfK9hgFnjyVWSdLZyW,459248640,0.45924864,65856
validator_history,HistoryJTGbKQD2mRgLZ3XhqHnN811Qpez8X9kCcGHoa,FFGVvsaeJDehy4akGF8GYbJXNr3uqytADNctjTnUSS34,459248640,0.45924864,65856
validator_history,HistoryJTGbKQD2mRgLZ3XhqHnN811Qpez8X9kCcGHoa,EZ2juSxSRVw65enQhzB27bHTL6GoVJvod79VoWgee2K7,459248640,0.45924864,65856
validator_history,HistoryJTGbKQD2mRgLZ3XhqHnN811Qpez8X9kCcGHoa,G11YGaf7EFRN1GsZCgv8wgCH5ezfGMsg4Q5nHgMDk8LM,459248640,0.45924864,65856
validator_history,HistoryJTGbKQD2mRgLZ3XhqHnN811Qpez8X9kCcGHoa,6VzH7hjV3eUNUjMDywsLBzBxMGuPS6wjpJ6eJSQVHwBp,459248640,0.45924864,65856
validator_history,HistoryJTGbKQD2mRgLZ3XhqHnN811Qpez8X9kCcGHoa,9j7mkVMXrvpXZYWbKNtbcGuPht7ubZUmeAiVhviiRryh,459248640,0.45924864,65856
validator_history,HistoryJTGbKQD2mRgLZ3XhqHnN811Qpez8X9kCcGHoa,6QYuho1ddqsx8mE9kcQsqKi2x7PYnA6W6dX9N5WL8qzQ,459248640,0.45924864,65856
validator_history,HistoryJTGbKQD2mRgLZ3XhqHnN811Qpez8X9kCcGHoa,2LfQtCDoQhAdRmSWH3gwCv4ndLMdZdC98JXAGcnJw5qK,459248640,0.45924864,65856
validator_history,HistoryJTGbKQD2mRgLZ3XhqHnN811Qpez8X9kCcGHoa,8rpPAwmN4oDx3AjuUfRCPSfVK9XyiGTH4qae56eAkT55,459248640,0.45924864,65856
validator_history,HistoryJTGbKQD2mRgLZ3XhqHnN811Qpez8X9kCcGHoa,DYtaQp8krKvmTfL4UsK85VTpdQrauJ2eJcsWrTQ3v5fb,459248640,0.45924864,65856
validator_history,HistoryJTGbKQD2mRgLZ3XhqHnN811Qpez8X9kCcGHoa,8isiC5sVydiZz5udyx2Xq4d5sqDHt7QS9ap6cr6PVBfZ,459248640,0.45924864,65856
validator_history,HistoryJTGbKQD2mRgLZ3XhqHnN811Qpez8X9kCcGHoa,G9w4FVwSFBGsdKGx6Yq3HS5ZNv3fFe2KDcuog89bpjAF,459248640,0.45924864,65856
validator_history,HistoryJTGbKQD2mRgLZ3XhqHnN811Qpez8X9kCcGHoa,3h7ZZye5gndJ8DvrVr9pvpvuqsKqN17iwPEwML2UqVfm,459248640,0.45924864,65856
validator_history,HistoryJTGbKQD2mRgLZ3XhqHnN811Qpez8X9kCcGHoa,CdjjP8UyzsZCLmsn1SAFZFcn5fPkpvz1mLqf9VxyMHpE,459248640,0.45924864,65856
validator_history,HistoryJTGbKQD2mRgLZ3XhqHnN811Qpez8X9kCcGHoa,Cgks4pxwxENyxrQjScnh5ktcDaC6JQH4mSSVh9ommsu3,459248640,0.45924864,65856
validator_history,HistoryJTGbKQD2mRgLZ3XhqHnN811Qpez8X9kCcGHoa,FmETqju2nxe9a6n23tJbb4TgYx6T5NkoS95aaabxLiSX,459248640,0.45924864,65856
validator_history,HistoryJTGbKQD2mRgLZ3XhqHnN811Qpez8X9kCcGHoa,5CWqqWXjP7t4WXFgsaAi1kvdEsgXvgmWoD7Nn6BEexbZ,459248640,0.45924864,65856
validator_history,HistoryJTGbKQD2mRgLZ3XhqHnN811Qpez8X9kCcGHoa,HDMA3gaTo5hRe3joaPrq3UePQJHQKb3RvBte3qPXLFDx,459248640,0.45924864,65856
validator_history,HistoryJTGbKQD2mRgLZ3XhqHnN811Qpez8X9kCcGHoa,A8h74EzFs39gNFk92GAooM9y2UoxHYeC5uDxtUMm8pk7,459248640,0.45924864,65856
validator_history,HistoryJTGbKQD2mRgLZ3XhqHnN811Qpez8X9kCcGHoa,3SPwJqkUN83EZZ9EJJQLGRNdd4LKXcE4V4znvqThsaoS,459248640,0.45924864,65856
validator_history,HistoryJTGbKQD2mRgLZ3XhqHnN811Qpez8X9kCcGHoa,p4HXpvRfDNfXfo8QZET5wDQw9HyDkaacNif9nCKgQte,459248640,0.45924864,65856
validator_history,HistoryJTGbKQD2mRgLZ3XhqHnN811Qpez8X9kCcGHoa,6vrydwdRLEKHNUHWfidXMx8xXQoEdh1w68RJnqMyTNjW,459248640,0.45924864,65856
validator_history,HistoryJTGbKQD2mRgLZ3XhqHnN811Qpez8X9kCcGHoa,2M3QG5rma7vKGFU2Dfwv9LuTxQJPaisXXJRLaKXvZZAC,459248640,0.45924864,65856
validator_history,HistoryJTGbKQD2mRgLZ3XhqHnN811Qpez8X9kCcGHoa,AZPAU1agRWdNds688fN3NbEDBGv9S991V3XAwwBHi45u,459248640,0.45924864,65856
validator_history,HistoryJTGbKQD2mRgLZ3XhqHnN811Qpez8X9kCcGHoa,FUgq8RcZ8mh9fnzdqwBXRJ3vGGcDPb9Qn6N6VyVSac2J,459248640,0.45924864,65856
validator_history,HistoryJTGbKQD2mRgLZ3XhqHnN811Qpez8X9kCcGHoa,8gVtf1pJbJDbznjZsPeBaGrNbWr4qaBCi8zvFzXkfZKX,459248640,0.45924864,65856
validator_history,HistoryJTGbKQD2mRgLZ3XhqHnN811Qpez8X9kCcGHoa,FkNcD1w9YbF8TFzrxoiB4CduC9kYiEDEmsonDTPkrj7E,459248640,0.45924864,65856
validator_history,HistoryJTGbKQD2mRgLZ3XhqHnN811Qpez8X9kCcGHoa,6TpZSJ5fc75GeCz9HYxqbdVfePem3mQg7NWhBobE7NHq,459248640,0.45924864,65856
validator_history,HistoryJTGbKQD2mRgLZ3XhqHnN811Qpez8X9kCcGHoa,6aWNGzw7JpPQvQtPERup9hvRLVuXcnYVTAUHhPEbmhJu,459248640,0.45924864,65856
validator_history,HistoryJTGbKQD2mRgLZ3XhqHnN811Qpez8X9kCcGHoa,26DpicSFC7vAk9HuZ45awg1rLAcx6ZNFJHgHK7nFeSjP,459248640,0.45924864,65856
validator_history,HistoryJTGbKQD2mRgLZ3XhqHnN811Qpez8X9kCcGHoa,7YmY1M2oyyFCoqwXV71ciqgSuSxW2ZBMqCy35LxnhtW8,459248640,0.45924864,65856
validator_history,HistoryJTGbKQD2mRgLZ3XhqHnN811Qpez8X9kCcGHoa,8zorwcJssMitjaRHnuFnpDbmgg7vrmVwhxfDj6L9rQas,459248640,0.45924864,65856
validator_history,HistoryJTGbKQD2mRgLZ3XhqHnN811Qpez8X9kCcGHoa,ExUYk1dBioSFZubDqXAbXZXSrrAwPjckjRYYDKPQVV2q,459248640,0.45924864,65856
validator_history,HistoryJTGbKQD2mRgLZ3XhqHnN811Qpez8X9kCcGHoa,8aoqhaHhMrX7ToLFaEqAieMd8ej4VsDWkytZCZk26x1N,459248640,0.45924864,65856
validator_history,HistoryJTGbKQD2mRgLZ3XhqHnN811Qpez8X9kCcGHoa,wm1MPmZgpDJotbheKvAaWbprgCPQotzyMD8sZT1tDfS,459248640,0.45924864,65856
validator_history,HistoryJTGbKQD2mRgLZ3XhqHnN811Qpez8X9kCcGHoa,7zaBCa9sF96mtsCpDSMsiEg8BHNK8kFSmrBjztJZaznw,459248640,0.45924864,65856
validator_history,HistoryJTGbKQD2mRgLZ3XhqHnN811Qpez8X9kCcGHoa,4ZmKrG2eDtoMqqVdXQwq7uT5iyZmHDZG6m7Y5nLLgHiu,459248640,0.45924864,65856
validator_history,HistoryJTGbKQD2mRgLZ3XhqHnN811Qpez8X9kCcGHoa,EkrLNrkjnpR9kVhyCDVUF2dRq6dWUQLTsa4HkD7VgrU3,459248640,0.45924864,65856
validator_history,HistoryJTGbKQD2mRgLZ3XhqHnN811Qpez8X9kCcGHoa,64vTxJHu6q3H7hBzgnPJLP5bagM2M68A7Mfn8c5eWQah,459248640,0.45924864,65856
validator_history,HistoryJTGbKQD2mRgLZ3XhqHnN811Qpez8X9kCcGHoa,22uDa4utXrQFFqivbY3NZwA5w7QSkcC6zfLiPd6A4VPf,459248640,0.45924864,65856
validator_history,HistoryJTGbKQD2mRgLZ3XhqHnN811Qpez8X9kCcGHoa,EePd8EveiksGuHJJuUmL8WU56h8r6HSFkTzJzxGBkJbE,459248640,0.45924864,65856
validator_history,HistoryJTGbKQD2mRgLZ3XhqHnN811Qpez8X9kCcGHoa,47NSd5xRYtddSE3EZ3d1rRWwFuKyGM5wtbv8svGfJCJR,459248640,0.45924864,65856
validator_history,HistoryJTGbKQD2mRgLZ3XhqHnN811Qpez8X9kCcGHoa,3dNQRHRqh1DxPaRbh22qheZT6ur4Y6YVdmjvvmvcTiUW,459248640,0.45924864,65856
validator_history,HistoryJTGbKQD2mRgLZ3XhqHnN811Qpez8X9kCcGHoa,5DucyKAo8QrWbEbdsLDFzj1HHdoQ34KRAGNsD485w6YM,459248640,0.45924864,65856
validator_history,HistoryJTGbKQD2mRgLZ3XhqHnN811Qpez8X9kCcGHoa,F9BrRY25y6671cppch3gY9nhE8izvMSUCZx2sB7BtU6T,459248640,0.45924864,65856
validator_history,HistoryJTGbKQD2mRgLZ3XhqHnN811Qpez8X9kCcGHoa,Cawni55pe9MUFMf4JV3JHW5hwebPLiEmr1F8uqAvmSFg,459248640,0.45924864,65856
validator_history,HistoryJTGbKQD2mRgLZ3XhqHnN811Qpez8X9kCcGHoa,9oasXdBLvtJ5zLBqBZfyF9K32Za9yJkceJVGNMzXdfX3,459248640,0.45924864,65856
validator_history,HistoryJTGbKQD2mRgLZ3XhqHnN811Qpez8X9kCcGHoa,CzGjMUxYabMM19NbG4fJJLQ6sWtidNgVTKrXfvoB94TR,459248640,0.45924864,65856
validator_history,HistoryJTGbKQD2mRgLZ3XhqHnN811Qpez8X9kCcGHoa,GCM9Wme4MbXDLm1QwFMV9kN3dHmzhpGnMRc6TD7pDwD3,459248640,0.45924864,65856
validator_history,HistoryJTGbKQD2mRgLZ3XhqHnN811Qpez8X9kCcGHoa,ArkAf6f2wtWdGXk3UkKPqoCRZzcqRwwMUokhegxKpq8q,459248640,0.45924864,65856
validator_history,HistoryJTGbKQD2mRgLZ3XhqHnN811Qpez8X9kCcGHoa,5yb2Yq5EVgpVK2CK6cRy4cdwT1BLMA4znNcmzB11536t,459248640,0.45924864,65856
validator_history,HistoryJTGbKQD2mRgLZ3XhqHnN811Qpez8X9kCcGHoa,CgFSkkRV1KsY5neCbEz8bTZkL5psrggyf3Ex7dF7JyTG,459248640,0.45924864,65856
validator_history,HistoryJTGbKQD2mRgLZ3XhqHnN811Qpez8X9kCcGHoa,6GA1B6Kn2AEFy8nmGoyRTwFcJUF2N7AHWg2YR9SMm3T5,459248640,0.45924864,65856
validator_history,HistoryJTGbKQD2mRgLZ3XhqHnN811Qpez8X9kCcGHoa,D58AQSTyVznsszCr6b33Qj7xAdkdZW3TAhvWg9ZXzPsr,459248640,0.45924864,65856
validator_history,HistoryJTGbKQD2mRgLZ3XhqHnN811Qpez8X9kCcGHoa,CpG25XWC7THMKqoM62DKB3HMkfH5BaPUzUSJdm9otZyp,459248640,0.45924864,65856
validator_history,HistoryJTGbKQD2mRgLZ3XhqHnN811Qpez8X9kCcGHoa,2G2Ft4NQ5Nu4DLr3NcAewjKydxfcBxEnpYLShB8GBrM9,459248640,0.45924864,65856
validator_history,HistoryJTGbKQD2mRgLZ3XhqHnN811Qpez8X9kCcGHoa,7dqKW6eBPhbCnKNbcxCTNMpMGsepa8GneGHAyZefM3j7,459248640,0.45924864,65856
validator_history,HistoryJTGbKQD2mRgLZ3XhqHnN811Qpez8X9kCcGHoa,2VfUfvNVAXURsTdszmEXdekrZSpw7UGZ2it3CucLbJBN,459248640,0.45924864,65856
validator_history,HistoryJTGbKQD2mRgLZ3XhqHnN811Qpez8X9kCcGHoa,Gc2pvwfF5oqtxuKBtpWbrmpLAymZ3tgTftGXuEqaPGUS,459248640,0.45924864,65856
validator_history,HistoryJTGbKQD2mRgLZ3XhqHnN811Qpez8X9kCcGHoa,DPo6G1xziWY34ibbdPm81tQZ9iKG1v7S61sFaB9bEDXC,459248640,0.45924864,65856
validator_history,HistoryJTGbKQD2mRgLZ3XhqHnN811Qpez8X9kCcGHoa,5ei7UE4ygTLMEb4RUfoWaTjj2rrFxcbFQKfijj2YvdGd,459248640,0.45924864,65856
validator_history,HistoryJTGbKQD2mRgLZ3XhqHnN811Qpez8X9kCcGHoa,Hjj28bqPxhxAqmjbnRGbv37BkAC5azRLRybZoWD3VuwC,459248640,0.45924864,65856
validator_history,HistoryJTGbKQD2mRgLZ3XhqHnN811Qpez8X9kCcGHoa,FSrVzyJv69oDhWcJJ2xe4YM7xLtkNgYcC1pWTBoQTRKY,459248640,0.45924864,65856
validator_history,HistoryJTGbKQD2mRgLZ3XhqHnN811Qpez8X9kCcGHoa,5BxNuSJKXRseHpii4FT9ckrPpRSyZ1uePsyiFaBxrD8N,459248640,0.45924864,65856
validator_history,HistoryJTGbKQD2mRgLZ3XhqHnN811Qpez8X9kCcGHoa,2SeFTF358h45r8ngm475vzByoERjGmwdaBFhwSWahr6k,459248640,0.45924864,65856
validator_history,HistoryJTGbKQD2mRgLZ3XhqHnN811Qpez8X9kCcGHoa,24goypQCjRZ6PVFWh8BxX1ojPGEua1nwD9R77y13mfbn,459248640,0.45924864,65856
validator_history,HistoryJTGbKQD2mRgLZ3XhqHnN811Qpez8X9kCcGHoa,FTczntZXcjU12yXCNbgYGeYp5NvD1txxxSZKGKFiAB3k,459248640,0.45924864,65856
validator_history,HistoryJTGbKQD2mRgLZ3XhqHnN811Qpez8X9kCcGHoa,BQDXnmJtSbnSrevS457JaedDffEsSo7vYJ8bvXrkPuCW,459248640,0.45924864,65856
validator_history,HistoryJTGbKQD2mRgLZ3XhqHnN811Qpez8X9kCcGHoa,JAMGfKiHLUWAwoQy64ceKgAUzMT357De3gzzxhGxE1qH,459248640,0.45924864,65856
validator_history,HistoryJTGbKQD2mRgLZ3XhqHnN811Qpez8X9kCcGHoa,5Avod45NtqyXLmcw9w7E1C2bY23vdQwEnKpAqqf6Shou,459248640,0.45924864,65856
validator_history,HistoryJTGbKQD2mRgLZ3XhqHnN811Qpez8X9kCcGHoa,6NhB1d3em6aRrgL2mdH7P5QZksrfCh9QtKK4yZgif2Hv,459248640,0.45924864,65856
validator_history,HistoryJTGbKQD2mRgLZ3XhqHnN811Qpez8X9kCcGHoa,HwnopJaozESsGFNSdgi6cAm8UQKgVMs13UATJfvE8tQf,459248640,0.45924864,65856
validator_history,HistoryJTGbKQD2mRgLZ3XhqHnN811Qpez8X9kCcGHoa,D5hL9mujPjsiDnkAGJ6NXZVdEFJCCAqBqYhAbUX8gYpY,459248640,0.45924864,65856
validator_history,HistoryJTGbKQD2mRgLZ3XhqHnN811Qpez8X9kCcGHoa,AY47Zrbet9wfH78vykWGNLB44kkXsboxy61kEek6dxuK,459248640,0.45924864,65856
validator_history,HistoryJTGbKQD2mRgLZ3XhqHnN811Qpez8X9kCcGHoa,2yWfp6XkDZHKe31BcJGrn6zdX7qQL3TUqhQLSUpvo5T9,459248640,0.45924864,65856
validator_history,HistoryJTGbKQD2mRgLZ3XhqHnN811Qpez8X9kCcGHoa,Hv2zoUAHiBmRxDU3Cv2djvjdZ3wokEQmSktr9rVdCMf2,459248640,0.45924864,65856
validator_history,HistoryJTGbKQD2mRgLZ3XhqHnN811Qpez8X9kCcGHoa,36VWsNMisfmbQEJ6Wf42ggz5t3PLgSKBZi2HcohjbAXW,459248640,0.45924864,65856
validator_history,HistoryJTGbKQD2mRgLZ3XhqHnN811Qpez8X9kCcGHoa,SeQ1Pc6s64SmutjMuHPWDeg8zEPYMawkUr2iDWwNRYv,459248640,0.45924864,65856
validator_history,HistoryJTGbKQD2mRgLZ3XhqHnN811Qpez8X9kCcGHoa,HJjqPmVBvKBuJvKhFXyVAzTCnUv2f7GTVMdb1fQW3tJS,459248640,0.45924864,65856
validator_history,HistoryJTGbKQD2mRgLZ3XhqHnN811Qpez8X9kCcGHoa,F6rEcFXMXRkrF64hsz2GgisT83YrNWPPhJP93q6mve9n,459248640,0.45924864,65856
validator_history,HistoryJTGbKQD2mRgLZ3XhqHnN811Qpez8X9kCcGHoa,B7xn9KwRhzMorQCE8gjTtG9ThrrUN3J35dvvDDQrYAaM,459248640,0.45924864,65856
validator_history,HistoryJTGbKQD2mRgLZ3XhqHnN811Qpez8X9kCcGHoa,3zuxXEWT9t37uh8Wk9UKKM2cwAhohdH5Wq7aXe5pNoGt,459248640,0.45924864,65856
validator_history,HistoryJTGbKQD2mRgLZ3XhqHnN811Qpez8X9kCcGHoa,8vG1vYFZfVMq5CRMHok4MvF3E8UdAgSa4crsc5Diwg2Q,459248640,0.45924864,65856
validator_history,HistoryJTGbKQD2mRgLZ3XhqHnN811Qpez8X9kCcGHoa,5o77fpH6a2n97WqhCB9TcKWyefbmwZdmieoyo7rwR4qK,459248640,0.45924864,65856
validator_history,HistoryJTGbKQD2mRgLZ3XhqHnN811Qpez8X9kCcGHoa,12Catg3Zo9w64PvdTiuWEhAszJVa4vVvmd9mZPRHgcN8,459248640,0.45924864,65856
validator_history,HistoryJTGbKQD2mRgLZ3XhqHnN811Qpez8X9kCcGHoa,AMETHptkkfNhBQZCre6V9EzaEa3b25HvjTJtvQ9KU4G4,459248640,0.45924864,65856
validator_history,HistoryJTGbKQD2mRgLZ3XhqHnN811Qpez8X9kCcGHoa,Bsxc35tDNVsruUQCGJC3FATB88YqPqyKAZkFB8QH45vk,459248640,0.45924864,65856
validator_history,HistoryJTGbKQD2mRgLZ3XhqHnN811Qpez8X9kCcGHoa,3UTfQ2iSDoX2F3qBq2VhaezSH2KXzXWiH9rBQpnVEAjV,459248640,0.45924864,65856
validator_history,HistoryJTGbKQD2mRgLZ3XhqHnN811Qpez8X9kCcGHoa,B6wGinvMyUbP7ks8FcPUMbBEKVqS2tK1R816nqzzrbNf,459248640,0.45924864,65856
validator_history,HistoryJTGbKQD2mRgLZ3XhqHnN811Qpez8X9kCcGHoa,4vWZUk7Zgbi3R2EitXv35ag5e6i33pb3teDUGHB1TaL1,459248640,0.45924864,65856
validator_history,HistoryJTGbKQD2mRgLZ3XhqHnN811Qpez8X9kCcGHoa,JPsfPbHYfntWVnxHnmzc5PQPYFnR4pCcEPvJizc9yyM,459248640,0.45924864,65856
validator_history,HistoryJTGbKQD2mRgLZ3XhqHnN811Qpez8X9kCcGHoa,FHRX9okQJp4MfGyVA6kAUMXCHfrnK2bFVcTNerXwpEUz,459248640,0.45924864,65856
validator_history,HistoryJTGbKQD2mRgLZ3XhqHnN811Qpez8X9kCcGHoa,uL8WdiJLzwueyHj2TXtCPYDUgN3Ar8uSrPp7WSGxvVh,459248640,0.45924864,65856
validator_history,HistoryJTGbKQD2mRgLZ3XhqHnN811Qpez8X9kCcGHoa,EtoZRBoMoXpnhGYDTLSK6xRKfzMuB4gmLqP38MxcY6Jo,459248640,0.45924864,65856
validator_history,HistoryJTGbKQD2mRgLZ3XhqHnN811Qpez8X9kCcGHoa,6Wed2pfAXJvRH6BZ3J7ze3oTeuRexJfzZ8VdnqZBKGRi,459248640,0.45924864,65856
validator_history,HistoryJTGbKQD2mRgLZ3XhqHnN811Qpez8X9kCcGHoa,2UAwJCK3vRbCi4iZz4xfXauZYWV7AxyZCCsR7yoTieGV,459248640,0.45924864,65856
validator_history,HistoryJTGbKQD2mRgLZ3XhqHnN811Qpez8X9kCcGHoa,3EeznLXPCiM2VQSUYrQaoyqmfC6J5x274bKfBzSs1hfx,459248640,0.45924864,65856
validator_history,HistoryJTGbKQD2mRgLZ3XhqHnN811Qpez8X9kCcGHoa,4EmgYBFF64wY56gwajNHNhH4mcxLKURgXHR5Du3K6NkL,459248640,0.45924864,65856
validator_history,HistoryJTGbKQD2mRgLZ3XhqHnN811Qpez8X9kCcGHoa,3agAXJk2bvTJ8VmEGMDXbt22irKjYxZ2XybCRnUontvN,459248640,0.45924864,65856
validator_history,HistoryJTGbKQD2mRgLZ3XhqHnN811Qpez8X9kCcGHoa,5YRD6Mope1CLDkENzJU9gg7Hu9Ze2VPNrMWkM5mW3B7A,459248640,0.45924864,65856
validator_history,HistoryJTGbKQD2mRgLZ3XhqHnN811Qpez8X9kCcGHoa,3bXCam6kHmp3py4iHaXs8MwpcLFuTNNmRoYqKhpFPprt,459248640,0.45924864,65856
validator_history,HistoryJTGbKQD2mRgLZ3XhqHnN811Qpez8X9kCcGHoa,EWwinTyuLR36TLgTufVVL3AWZyM4eumQyX82c42Mrott,459248640,0.45924864,65856
validator_history,HistoryJTGbKQD2mRgLZ3XhqHnN811Qpez8X9kCcGHoa,92iMn4cfCLzwSfpNezShJRNXvMYAfwsqJxMCQBTGK3K2,459248640,0.45924864,65856
validator_history,HistoryJTGbKQD2mRgLZ3XhqHnN811Qpez8X9kCcGHoa,5YmZ2qJpaxbMk63w76wbu49ZvQRpTxMwTSGCrcPERbmC,459248640,0.45924864,65856
validator_history,HistoryJTGbKQD2mRgLZ3XhqHnN811Qpez8X9kCcGHoa,4HVWzKFixdCSFdAZbdAh9tNqMQbDvSwgNuAZLqr1gqKj,459248640,0.45924864,65856
validator_history,HistoryJTGbKQD2mRgLZ3XhqHnN811Qpez8X9kCcGHoa,mUF7BJuMfgxXksZRkZ3FLLvMP3ZxGxPwhg9yB67rDf8,459248640,0.45924864,65856
validator_history,HistoryJTGbKQD2mRgLZ3XhqHnN811Qpez8X9kCcGHoa,7KUidrTumZada49DCnaq3G1XMU25TF2WCZnntnxCRveu,459248640,0.45924864,65856
validator_history,HistoryJTGbKQD2mRgLZ3XhqHnN811Qpez8X9kCcGHoa,4YqsNUSWXKm58iQPM4Fe4ZG4AEaANHxPzKcTLnugjLRy,459248640,0.45924864,65856
validator_history,HistoryJTGbKQD2mRgLZ3XhqHnN811Qpez8X9kCcGHoa,B3x84cEfV1uh94z5D3pdXjyW81AL8xnpyEKRKyRrBXAD,459248640,0.45924864,65856
validator_history,HistoryJTGbKQD2mRgLZ3XhqHnN811Qpez8X9kCcGHoa,8fyhRM8yNRYW1vWpiqrjucirFyKUDFsXzx9wXLUtbdcu,459248640,0.45924864,65856
validator_history,HistoryJTGbKQD2mRgLZ3XhqHnN811Qpez8X9kCcGHoa,E47UuaZMpQv8jSFGmFc67J9asQ3Vt6oxoNZeQpqmL4vx,459248640,0.45924864,65856
validator_history,HistoryJTGbKQD2mRgLZ3XhqHnN811Qpez8X9kCcGHoa,9G1WNwRW9PNgPZZrwGsAg61Qq7W6SM8xXMtmWPvYqmX4,459248640,0.45924864,65856
validator_history,HistoryJTGbKQD2mRgLZ3XhqHnN811Qpez8X9kCcGHoa,H5bA1iFEUQFeix9Wojmau3cMq3SmaLmVSSqDFJBvbjy5,459248640,0.45924864,65856
validator_history,HistoryJTGbKQD2mRgLZ3XhqHnN811Qpez8X9kCcGHoa,CfjMpMd9eVfvNi3CEtV2Nyu4V4F5n64ay9uYqJacwkrT,459248640,0.45924864,65856
validator_history,HistoryJTGbKQD2mRgLZ3XhqHnN811Qpez8X9kCcGHoa,8F4beo8eCZcFHqF1EPao656SRUcaxUVTz1VBvQo6Yv9b,459248640,0.45924864,65856
validator_history,HistoryJTGbKQD2mRgLZ3XhqHnN811Qpez8X9kCcGHoa,D5nPzdAo6mJCjVgLSwS9hgXun5s7J69XhBNeTHTLDJSS,459248640,0.45924864,65856
validator_history,HistoryJTGbKQD2mRgLZ3XhqHnN811Qpez8X9kCcGHoa,MZNexUNisTz1VPJjYPqRRYxXSCKGwRNdX6PJvEH59fh,459248640,0.45924864,65856
validator_history,HistoryJTGbKQD2mRgLZ3XhqHnN811Qpez8X9kCcGHoa,71VpYntjL3weuES5ftqRdASnUaw9dBEHH8UaL9FF9jod,459248640,0.45924864,65856
validator_history,HistoryJTGbKQD2mRgLZ3XhqHnN811Qpez8X9kCcGHoa,2HKPvkPPt7PcAJwiFrUETNhdmLFB8KSUMfZJRMBNJWeG,459248640,0.45924864,65856
validator_history,HistoryJTGbKQD2mRgLZ3XhqHnN811Qpez8X9kCcGHoa,cYRyyxXFCuePjab7pBRe2epJRXGvQ5Ufu4FjyhNNZ7G,459248640,0.45924864,65856
validator_history,HistoryJTGbKQD2mRgLZ3XhqHnN811Qpez8X9kCcGHoa,A6UjzLVeRrptrb6CDKMCGzcDVftQjtEctyPGAxDvyRvH,459248640,0.45924864,65856
validator_history,HistoryJTGbKQD2mRgLZ3XhqHnN811Qpez8X9kCcGHoa,8gjDu1TrDLnNh9GXseJT3heep3REzMvcLgwrbXDNmqdV,459248640,0.45924864,65856
validator_history,HistoryJTGbKQD2mRgLZ3XhqHnN811Qpez8X9kCcGHoa,BnSmdrMjwfAnCWVucXu9LoipCGxLLstdPL8qLvav5bCv,459248640,0.45924864,65856
validator_history,HistoryJTGbKQD2mRgLZ3XhqHnN811Qpez8X9kCcGHoa,DQSuEm9hopygMghb6E9veZsNmF159wAjrNckg277k8xv,459248640,0.45924864,65856
validator_history,HistoryJTGbKQD2mRgLZ3XhqHnN811Qpez8X9kCcGHoa,4Bgtc2jUiGzgn1fJUy5iZrHUo52uA6ghkXEtLSB3dqNB,459248640,0.45924864,65856
validator_history,HistoryJTGbKQD2mRgLZ3XhqHnN811Qpez8X9kCcGHoa,E3a5Ff9j5KYdNbKEUqsGagbM4URBmd3ZoYQqeJTs6UM5,459248640,0.45924864,65856
validator_history,HistoryJTGbKQD2mRgLZ3XhqHnN811Qpez8X9kCcGHoa,Bhpi6ZTPbNUuFr1ugV5YfS51PJu9aamV5cE7S4HuHj3g,459248640,0.45924864,65856
validator_history,HistoryJTGbKQD2mRgLZ3XhqHnN811Qpez8X9kCcGHoa,EckCYpFqgKtF8VfgHDEXdXG9HwguF3wDdDJ73UwubWDx,459248640,0.45924864,65856
validator_history,HistoryJTGbKQD2mRgLZ3XhqHnN811Qpez8X9kCcGHoa,DvWDVc1xQyKJYCR35NnjsBf4FhUyJuYLVJmE8HfTAkpm,459248640,0.45924864,65856
validator_history,HistoryJTGbKQD2mRgLZ3XhqHnN811Qpez8X9kCcGHoa,95wZb8vyqa8xbDhx5jg2qUuyL8jnARR4T7EKA9ivXPC5,459248640,0.45924864,65856
validator_history,HistoryJTGbKQD2mRgLZ3XhqHnN811Qpez8X9kCcGHoa,DZXLDd6cJ2D6quqtpGhSViQEC7CwjgNe4UGHTBxcTcMR,459248640,0.45924864,65856
validator_history,HistoryJTGbKQD2mRgLZ3XhqHnN811Qpez8X9kCcGHoa,3Xa7FdZjD8VLwwnpgf86p3XMMhT3iVgtqYaUUmE5ETET,459248640,0.45924864,65856
validator_history,HistoryJTGbKQD2mRgLZ3XhqHnN811Qpez8X9kCcGHoa,699ggeQ7b9TqeAYG6oyguCakEn9z5zU2RgGsNonUcNnG,459248640,0.45924864,65856
validator_history,HistoryJTGbKQD2mRgLZ3XhqHnN811Qpez8X9kCcGHoa,BncDyWdh4BZGBjg3TcC4C1vBkPM8JSJXkH4PVfwDTkqR,459248640,0.45924864,65856
validator_history,HistoryJTGbKQD2mRgLZ3XhqHnN811Qpez8X9kCcGHoa,74eJqyJ2fdqVcyaCBbrnK7GpU4YejXnkLk89wk3ezSLr,459248640,0.45924864,65856
validator_history,HistoryJTGbKQD2mRgLZ3XhqHnN811Qpez8X9kCcGHoa,9q6EnGuGfF6bV2fL9Xv6LXWWAf7rE6gTiDtWndzQA87R,459248640,0.45924864,65856
validator_history,HistoryJTGbKQD2mRgLZ3XhqHnN811Qpez8X9kCcGHoa,3V171Yxpbv3mnAEReYADjXV8gFinSp555HACSSU5tAcb,459248640,0.45924864,65856
validator_history,HistoryJTGbKQD2mRgLZ3XhqHnN811Qpez8X9kCcGHoa,CSHm2LhQqgasPXvMNA9e51RZzyuDhnzFkqUDLChaJyJw,459248640,0.45924864,65856
validator_history,HistoryJTGbKQD2mRgLZ3XhqHnN811Qpez8X9kCcGHoa,B5qu27zmDf3tzYpzfFGQRG31QstAb9aY91so2yn7LoU8,459248640,0.45924864,65856
validator_history,HistoryJTGbKQD2mRgLZ3XhqHnN811Qpez8X9kCcGHoa,FRYqvZ39vkJehhpZRkidycQY24ATcraLZPsMnV7EyZkk,459248640,0.45924864,65856
validator_history,HistoryJTGbKQD2mRgLZ3XhqHnN811Qpez8X9kCcGHoa,CY89HvYcxtYjTS6ntjNmVDGuDNKQa7ADcYkNWmMLPbmz,459248640,0.45924864,65856
validator_history,HistoryJTGbKQD2mRgLZ3XhqHnN811Qpez8X9kCcGHoa,9v3ERP2RJqeicr2YFQzUzamdNALoPgzXeZtiGWWAtCek,459248640,0.45924864,65856
validator_history,HistoryJTGbKQD2mRgLZ3XhqHnN811Qpez8X9kCcGHoa,6KXMXsR3hpLQXE5KBaz2nmPBL1w6pQyowckhb33d26PX,459248640,0.45924864,65856
validator_history,HistoryJTGbKQD2mRgLZ3XhqHnN811Qpez8X9kCcGHoa,dcYzbJSoSwnVqMC64dvL82TrspQvqWSqPwK2XJxJUgR,459248640,0.45924864,65856
validator_history,HistoryJTGbKQD2mRgLZ3XhqHnN811Qpez8X9kCcGHoa,HwLfaYNAsdFE8Zb8xR5eyqKVkXUzbd9S8oP4BBRiD6UL,459248640,0.45924864,65856
validator_history,HistoryJTGbKQD2mRgLZ3XhqHnN811Qpez8X9kCcGHoa,2X1h6KzrLPi9u3Yo6QH45tHPh1YJjyqFNTJxoc26CQzF,459248640,0.45924864,65856
validator_history,HistoryJTGbKQD2mRgLZ3XhqHnN811Qpez8X9kCcGHoa,773j4dG324tudvL9jhr98V3ovJVUaJkG7UiWQK5LKNQL,459248640,0.45924864,65856
validator_history,HistoryJTGbKQD2mRgLZ3XhqHnN811Qpez8X9kCcGHoa,HjMGWotQaasgrMD1udF5v4bDCcYNPDHhbvPzoFA9D8fi,459248640,0.45924864,65856
validator_history,HistoryJTGbKQD2mRgLZ3XhqHnN811Qpez8X9kCcGHoa,EgjADLf7aiEmHhHqfQRiZNQgyzZdoNmNuiDGJCsHUihL,459248640,0.45924864,65856
validator_history,HistoryJTGbKQD2mRgLZ3XhqHnN811Qpez8X9kCcGHoa,HhJ2Knsca1eqpJQ8qKDxfJdPHs2jqZrkoK36AXYaXePC,459248640,0.45924864,65856
validator_history,HistoryJTGbKQD2mRgLZ3XhqHnN811Qpez8X9kCcGHoa,EeWqZTE2C8oroqp8uk6V4pZSZmkNVrdYwNZtx9gZvccP,459248640,0.45924864,65856
validator_history,HistoryJTGbKQD2mRgLZ3XhqHnN811Qpez8X9kCcGHoa,4unpnaqscDQ1GcgbeL676gUYur7VJze4ZH3UncuGuL5H,459248640,0.45924864,65856
validator_history,HistoryJTGbKQD2mRgLZ3XhqHnN811Qpez8X9kCcGHoa,EfZEy5QYAVTj1TFCG8qQEKTequkg1DrJqTi6P471pm4f,459248640,0.45924864,65856
validator_history,HistoryJTGbKQD2mRgLZ3XhqHnN811Qpez8X9kCcGHoa,7qciqjoZXVCao79jPn1oYNG1VNkHNCvbE2eYBhqiNg1q,459248640,0.45924864,65856
validator_history,HistoryJTGbKQD2mRgLZ3XhqHnN811Qpez8X9kCcGHoa,8A3zWHeX5tduLFxWMtUaDwzNLxuD1ADCrhALdix9ZChX,459248640,0.45924864,65856
validator_history,HistoryJTGbKQD2mRgLZ3XhqHnN811Qpez8X9kCcGHoa,6MeA7SGGZcRsWzgR45LmUoggN1fw9gG9HuJMBtGonu8c,459248640,0.45924864,65856
validator_history,HistoryJTGbKQD2mRgLZ3XhqHnN811Qpez8X9kCcGHoa,DU1Uo9v4vCtrNe5GSBurqjACFgrJ6Uz4GCdsNJjsF3Fv,459248640,0.45924864,65856
validator_history,HistoryJTGbKQD2mRgLZ3XhqHnN811Qpez8X9kCcGHoa,AXUVU5bXUbQyBnG1oF2yzGfk7o7MKG5vULA8L5aube2,459248640,0.45924864,65856
validator_history,HistoryJTGbKQD2mRgLZ3XhqHnN811Qpez8X9kCcGHoa,6BNJNdeeg49yRrTRmZL6A6hubgpGhHsyu7crWbdBpKta,459248640,0.45924864,65856
validator_history,HistoryJTGbKQD2mRgLZ3XhqHnN811Qpez8X9kCcGHoa,FZ9Eadu8yT2ZTJ3ZDvdwJykchTdAkcBiDjSWdtCwHeJT,459248640,0.45924864,65856
validator_history,HistoryJTGbKQD2mRgLZ3XhqHnN811Qpez8X9kCcGHoa,9BYWRN1br1YSEKRqTHLPStdKm7DLuZ11gdmnhBWdZLJQ,459248640,0.45924864,65856
validator_history,HistoryJTGbKQD2mRgLZ3XhqHnN811Qpez8X9kCcGHoa,FDCAa58x2qeQ5fa8aMKb81Ffrt9AQLbR5jaFSTVZdtYA,459248640,0.45924864,65856
validator_history,HistoryJTGbKQD2mRgLZ3XhqHnN811Qpez8X9kCcGHoa,3c3DmrKnhJRCEBbDxfQEYLNNsRWpxe7NHLbKhsvzWYKe,459248640,0.45924864,65856
validator_history,HistoryJTGbKQD2mRgLZ3XhqHnN811Qpez8X9kCcGHoa,EEWrAJ5TjiodyvyqhWGXcgjQB7yXdWZXfre8FZP77nN5,459248640,0.45924864,65856
validator_history,HistoryJTGbKQD2mRgLZ3XhqHnN811Qpez8X9kCcGHoa,9odtdWUaruL7vTtZmKZcN4RkYcRp8bibVhrDmYYuGQhU,459248640,0.45924864,65856
validator_history,HistoryJTGbKQD2mRgLZ3XhqHnN811Qpez8X9kCcGHoa,2AhWNUsQM2r6gbuu29d3WE6Fr5ektmnZSMkQHmtbWmwH,459248640,0.45924864,65856
validator_history,HistoryJTGbKQD2mRgLZ3XhqHnN811Qpez8X9kCcGHoa,7hgLZDyPsLFQHgbbRG4M71MvLwBTJntotJTchtLxwUkM,459248640,0.45924864,65856
validator_history,HistoryJTGbKQD2mRgLZ3XhqHnN811Qpez8X9kCcGHoa,3iXdo5egF8aBncpPPZpKcidqtJy3mQEhzN3agkMHJzc1,459248640,0.45924864,65856
validator_history,HistoryJTGbKQD2mRgLZ3XhqHnN811Qpez8X9kCcGHoa,9YyXjw6pBEDUhaS2NCvKdS2rn9x7HmLPdGvPSwwBHrFW,459248640,0.45924864,65856
validator_history,HistoryJTGbKQD2mRgLZ3XhqHnN811Qpez8X9kCcGHoa,J4MtNoF5xMUnMc4Tg2nB1m5ayUwLkUhFiyZocYphm7B,459248640,0.45924864,65856
validator_history,HistoryJTGbKQD2mRgLZ3XhqHnN811Qpez8X9kCcGHoa,7Fy6HTXcpkd8V1PkiTptDpvpxyNebAUjnhkdQMADVXvA,459248640,0.45924864,65856
validator_history,HistoryJTGbKQD2mRgLZ3XhqHnN811Qpez8X9kCcGHoa,7CHebgiTvWSg5xscchxD36so5rPrHaFfXVELYKh7EhDG,459248640,0.45924864,65856
validator_history,HistoryJTGbKQD2mRgLZ3XhqHnN811Qpez8X9kCcGHoa,2PCneWgsppMDtoefhsKSLvAqKhXscEdfJ1xJkDaNTPWQ,459248640,0.45924864,65856
validator_history,HistoryJTGbKQD2mRgLZ3XhqHnN811Qpez8X9kCcGHoa,6CfLgVaGAPY36swWUYUyinNoo5zcWyppas9hiASGjNGo,459248640,0.45924864,65856
validator_history,HistoryJTGbKQD2mRgLZ3XhqHnN811Qpez8X9kCcGHoa,oKH3cgXUvxtNTtbADytMLfsQbsCk7EQj77h4ydJHCxy,459248640,0.45924864,65856
validator_history,HistoryJTGbKQD2mRgLZ3XhqHnN811Qpez8X9kCcGHoa,8y84hfsC2sTziHwqb7mDC5a28hQKKH9cRzG5fuGYFeMQ,459248640,0.45924864,65856
validator_history,HistoryJTGbKQD2mRgLZ3XhqHnN811Qpez8X9kCcGHoa,3p5WB5mwWNb3uFqo5PmUyViR13PWLqi4o6s4b6mY9pqw,459248640,0.45924864,65856
validator_history,HistoryJTGbKQD2mRgLZ3XhqHnN811Qpez8X9kCcGHoa,6Se3XARaTsDNSCP5H2KebHVG57cDejXrYPKh8LtFFP4u,459248640,0.45924864,65856
validator_history,HistoryJTGbKQD2mRgLZ3XhqHnN811Qpez8X9kCcGHoa,Cn4Bs7EBNxcVyEbS2HQaJTrmNHmpqUF2xYQkaxtuCfiA,459249642,0.459249642,65856
validator_history,HistoryJTGbKQD2mRgLZ3XhqHnN811Qpez8X9kCcGHoa,224jyR68ypGtDCwTqDgFLehJLt6S6osV9YQhoJs8N34t,459248640,0.45924864,65856
validator_history,HistoryJTGbKQD2mRgLZ3XhqHnN811Qpez8X9kCcGHoa,3huP32jhhC5zf4bZ57icbwyqe2524CaPMsapmJ1Nd8wp,459248640,0.45924864,65856
validator_history,HistoryJTGbKQD2mRgLZ3XhqHnN811Qpez8X9kCcGHoa,5xPR3PMApLgTa93snenoQn9FEYXELD7LwpjXLf9H5BzQ,459248640,0.45924864,65856
validator_history,HistoryJTGbKQD2mRgLZ3XhqHnN811Qpez8X9kCcGHoa,9n5DAB3n9KuEZhdRzakteatJLrtTNov7aZKwuveQxrHQ,459248640,0.45924864,65856
validator_history,HistoryJTGbKQD2mRgLZ3XhqHnN811Qpez8X9kCcGHoa,81BHMBXYj5fTC3hSSFAwif1YAthTLjuY5F48iLepALK6,459248640,0.45924864,65856
validator_history,HistoryJTGbKQD2mRgLZ3XhqHnN811Qpez8X9kCcGHoa,2iVqbv4onp14Z6wCZRt2LdXtyGVArp6oMsAj9myDNuDC,459248640,0.45924864,65856
validator_history,HistoryJTGbKQD2mRgLZ3XhqHnN811Qpez8X9kCcGHoa,9xfn6ho5rVzbWPfujzyknDNXqwApfDfJQipfadxkoH2Q,459248640,0.45924864,65856
validator_history,HistoryJTGbKQD2mRgLZ3XhqHnN811Qpez8X9kCcGHoa,APB6QkJkZhR4EybhJNSTMnY3xWmXHQyr2X63yZSxYc9x,459248640,0.45924864,65856
validator_history,HistoryJTGbKQD2mRgLZ3XhqHnN811Qpez8X9kCcGHoa,Hp5ERdZ7pEwxvwbSAiN814XvNpo6F7UC8NhGx5oVkRh9,459248640,0.45924864,65856
validator_history,HistoryJTGbKQD2mRgLZ3XhqHnN811Qpez8X9kCcGHoa,68FUpkJSNG4pxTatYTYUJZf2H1DMatXFdr2NRTD9iVAB,459248640,0.45924864,65856
validator_history,HistoryJTGbKQD2mRgLZ3XhqHnN811Qpez8X9kCcGHoa,52VsXZmkss8Dex4G2t1Jj5RA2ctjWnakaKP1gBSJSb4S,459248640,0.45924864,65856
validator_history,HistoryJTGbKQD2mRgLZ3XhqHnN811Qpez8X9kCcGHoa,4BRAPRocRhzTAXK1vWD6jLS7BHmycz3BUwv3aANgVjgi,459248640,0.45924864,65856
validator_history,HistoryJTGbKQD2mRgLZ3XhqHnN811Qpez8X9kCcGHoa,DiuGsb2U8pPSdHevWkbvcci3a5aR8fznbVLtXnDDDxNn,459248640,0.45924864,65856
validator_history,HistoryJTGbKQD2mRgLZ3XhqHnN811Qpez8X9kCcGHoa,3GaibSE2nQZ6Vb1xaBkco6i8zkSFDu1V89RTeD4fCYcx,459248640,0.45924864,65856
validator_history,HistoryJTGbKQD2mRgLZ3XhqHnN811Qpez8X9kCcGHoa,BQpT6PPSNriPpDpHjc8Q8Xg31RTW1DdbThZaMRdaDVRt,459248640,0.45924864,65856
validator_history,HistoryJTGbKQD2mRgLZ3XhqHnN811Qpez8X9kCcGHoa,3VLtwL2W97ZW3VNtBaGteSs7upKcrKsh5kmPcF9HTQ8H,459248640,0.45924864,65856
validator_history,HistoryJTGbKQD2mRgLZ3XhqHnN811Qpez8X9kCcGHoa,9mXcaRNQNUccq69R7oQJcrYYhSKnWBHpCUrBqbbkkTvA,459248640,0.45924864,65856
validator_history,HistoryJTGbKQD2mRgLZ3XhqHnN811Qpez8X9kCcGHoa,A46xwxiJqBriXRHUvdUfSQwrTNBZCoi9HpnmJbHQnka8,459248640,0.45924864,65856
validator_history,HistoryJTGbKQD2mRgLZ3XhqHnN811Qpez8X9kCcGHoa,FNsQmGNMHUM882unG8odch1qPWw9AP13oaRd6L8SMudo,459248640,0.45924864,65856
validator_history,HistoryJTGbKQD2mRgLZ3XhqHnN811Qpez8X9kCcGHoa,DzCJ7ebW8sEBLghp6zdKfXWFmXkMGy98F6KJbp947s4S,459248640,0.45924864,65856
validator_history,HistoryJTGbKQD2mRgLZ3XhqHnN811Qpez8X9kCcGHoa,HDutuVgur2QQc2L2RNPFcWTL4kEkJk8MPWwHnqVotLjR,459248640,0.45924864,65856
validator_history,HistoryJTGbKQD2mRgLZ3XhqHnN811Qpez8X9kCcGHoa,7Kz7W8m5UFAn58RN8L18kDR4nyArXPsNTLaFjYNtMJcQ,459248640,0.45924864,65856
validator_history,HistoryJTGbKQD2mRgLZ3XhqHnN811Qpez8X9kCcGHoa,927qCLMXYdMe6CVBssZT3gtUUoc99c35m1awo7e9Wcsc,459248640,0.45924864,65856
validator_history,HistoryJTGbKQD2mRgLZ3XhqHnN811Qpez8X9kCcGHoa,A6h1yKckAnfsx5oyqXZUqBkQXcYBfDqgidSYSyB4kDLy,459248640,0.45924864,65856
validator_history,HistoryJTGbKQD2mRgLZ3XhqHnN811Qpez8X9kCcGHoa,F7acRocSwbnXTsnVXWMxm82uo9SHkVHVDEUgxwt9BGmg,459248640,0.45924864,65856
validator_history,HistoryJTGbKQD2mRgLZ3XhqHnN811Qpez8X9kCcGHoa,ApEUDQna4vP6GK1brKqSqzqRcZa9T3ahS5JTdtErnfUg,459248640,0.45924864,65856
validator_history,HistoryJTGbKQD2mRgLZ3XhqHnN811Qpez8X9kCcGHoa,DMQjNd42ypZG5b7QV8Ms7eXy2ahdMGv7cuJYUwwadysP,459248640,0.45924864,65856
validator_history,HistoryJTGbKQD2mRgLZ3XhqHnN811Qpez8X9kCcGHoa,DQXthVxAEQAo1SaSjgUL1QSCWMLfAptpm2NhsYbesxoE,459248640,0.45924864,65856
validator_history,HistoryJTGbKQD2mRgLZ3XhqHnN811Qpez8X9kCcGHoa,F65i7eJBGEVTaWhaSsLzeWJDf8yCacwMHbdFfCEFoTut,459248640,0.45924864,65856
validator_history,HistoryJTGbKQD2mRgLZ3XhqHnN811Qpez8X9kCcGHoa,GmL2iXHBjmLUSoMtFG1YsHGYWC7Zx6z2G1xcRAUgurdz,459248640,0.45924864,65856
validator_history,HistoryJTGbKQD2mRgLZ3XhqHnN811Qpez8X9kCcGHoa,Dhk4PifiNst8RDwZdYJbQsdjrGJ4SyrQmp1nXjuYa6h4,459248640,0.45924864,65856
validator_history,HistoryJTGbKQD2mRgLZ3XhqHnN811Qpez8X9kCcGHoa,BRxw4Ce7fLCMQ8vgokiJPzpguvyjBFjaH8Jdu7wHoSbT,459248640,0.45924864,65856
validator_history,HistoryJTGbKQD2mRgLZ3XhqHnN811Qpez8X9kCcGHoa,99UaN9sD7WmdEbMi2L2Dsj4YVpwCYc4672tM5kpGWaCk,459248640,0.45924864,65856
validator_history,HistoryJTGbKQD2mRgLZ3XhqHnN811Qpez8X9kCcGHoa,5mBJ13L8oy62RFUzGcYRMZxpoFmi6ctVBBTGaHew16bu,459248640,0.45924864,65856
validator_history,HistoryJTGbKQD2mRgLZ3XhqHnN811Qpez8X9kCcGHoa,FPrzvDADAvH5aV4tvjYT56Wr8rP9Zvf2Dsiq7cxhKvPm,459248640,0.45924864,65856
validator_history,HistoryJTGbKQD2mRgLZ3XhqHnN811Qpez8X9kCcGHoa,DJz15V64PYSN3M9rx8UhuTh7wXJDYwrb3MSdZCsP6Trz,459248640,0.45924864,65856
validator_history,HistoryJTGbKQD2mRgLZ3XhqHnN811Qpez8X9kCcGHoa,7cqZmoDeKrcFPVa12S3Jqsp3kvWJpFTG55bFAYoULgjv,459248640,0.45924864,65856
validator_history,HistoryJTGbKQD2mRgLZ3XhqHnN811Qpez8X9kCcGHoa,EXXEvEnoketaiURwTa59tT7YvfVyjt3SjJSLvVBC1TFw,459248640,0.45924864,65856
validator_history,HistoryJTGbKQD2mRgLZ3XhqHnN811Qpez8X9kCcGHoa,28VYpkdcAeuJXZAnu6D41rcPqaL78B8kA4x3ynHADTJo,459248640,0.45924864,65856
validator_history,HistoryJTGbKQD2mRgLZ3XhqHnN811Qpez8X9kCcGHoa,AadNDF7QyVn6ofCoRqTCQjfjfGuuT7Get9ZUdvArCXPm,459248640,0.45924864,65856
validator_history,HistoryJTGbKQD2mRgLZ3XhqHnN811Qpez8X9kCcGHoa,BiEP8CxvAqmFQtbVLUvkAhbo1ySQdsnsAXvqjicMzi1V,459248640,0.45924864,65856
validator_history,HistoryJTGbKQD2mRgLZ3XhqHnN811Qpez8X9kCcGHoa,9dW3Tecmwe1pXRx2STTKqmZKhp2bXJSmUtm6iDRqmKEf,459248640,0.45924864,65856
validator_history,HistoryJTGbKQD2mRgLZ3XhqHnN811Qpez8X9kCcGHoa,61NHAcreSd3rzKhpM9Psd4sfd2LjhHqhkTfvzSku8vmA,459248640,0.45924864,65856
validator_history,HistoryJTGbKQD2mRgLZ3XhqHnN811Qpez8X9kCcGHoa,9pf6DARibmjG2z3ZcAH72kYWNT5iCCMBQDEgkR7RN92M,459248640,0.45924864,65856
validator_history,HistoryJTGbKQD2mRgLZ3XhqHnN811Qpez8X9kCcGHoa,4VV5ZaQUnZP7MyM4Lfj4PZv35RJDhE98QcvJQ3xjc7Jh,459248640,0.45924864,65856
validator_history,HistoryJTGbKQD2mRgLZ3XhqHnN811Qpez8X9kCcGHoa,2r55s8jyc2pLmSQKH3kTutP4tdfTJ9dzQHGQrKhVWNaV,459248640,0.45924864,65856
validator_history,HistoryJTGbKQD2mRgLZ3XhqHnN811Qpez8X9kCcGHoa,7aCmszxPCuH57Q7XxFPXjWhKzHPMttnfCVZvLysnTDij,459248640,0.45924864,65856
validator_history,HistoryJTGbKQD2mRgLZ3XhqHnN811Qpez8X9kCcGHoa,5eN66XSb5grT3kJJLVXbVqyBtiLzs3Aina2sxf9M1hHs,459248640,0.45924864,65856
validator_history,HistoryJTGbKQD2mRgLZ3XhqHnN811Qpez8X9kCcGHoa,Ah23Mwn2V9NV7t2R5Eq8Kf3nsZBQLYtMNqrj5wKkAdBr,459248640,0.45924864,65856
validator_history,HistoryJTGbKQD2mRgLZ3XhqHnN811Qpez8X9kCcGHoa,HnLgFnfyfr3goxAdtUyUUc9piPXG3LJYEpn15aQqvsYb,459248640,0.45924864,65856
validator_history,HistoryJTGbKQD2mRgLZ3XhqHnN811Qpez8X9kCcGHoa,7EQH4hjUZk8dYSHdpVavf2cRwjgzTeMuCwJG4ncCuHL7,459248640,0.45924864,65856
validator_history,HistoryJTGbKQD2mRgLZ3XhqHnN811Qpez8X9kCcGHoa,5r35HhwkNpAicRNntQyf7BGUnv7d6MMJHmMmxqLXrRd6,459248640,0.45924864,65856
validator_history,HistoryJTGbKQD2mRgLZ3XhqHnN811Qpez8X9kCcGHoa,HqS3rZb6zRWAEzoj3iaKrTyBeXBqQ7xrRLVAt7YYLDCw,459248640,0.45924864,65856
validator_history,HistoryJTGbKQD2mRgLZ3XhqHnN811Qpez8X9kCcGHoa,EyZEZyCPnJWkD9Kb7TP1fjCZ6zSKQYTQM8LV2CVBp6Ac,459248640,0.45924864,65856
validator_history,HistoryJTGbKQD2mRgLZ3XhqHnN811Qpez8X9kCcGHoa,CD743ptNSj8oY6NXCoWoT7cqG5xdU84Npa9wRWTNn5oS,459248640,0.45924864,65856
validator_history,HistoryJTGbKQD2mRgLZ3XhqHnN811Qpez8X9kCcGHoa,6uH5o2fmr8TQXFN9cvMGaRiPXrxFYXfMoQaP356DfaPJ,459248640,0.45924864,65856
validator_history,HistoryJTGbKQD2mRgLZ3XhqHnN811Qpez8X9kCcGHoa,UqhQbEsAz6tVDcZB4PW1iCJ1AQ3EY6eaiwstbUnigdF,459248640,0.45924864,65856
validator_history,HistoryJTGbKQD2mRgLZ3XhqHnN811Qpez8X9kCcGHoa,3VHoAib4VEC976zSzx9ajV9Bvr1jqyMZFjMCDERg64pD,459248640,0.45924864,65856
validator_history,HistoryJTGbKQD2mRgLZ3XhqHnN811Qpez8X9kCcGHoa,3Z6VRXp37m4cPxDdEU9MFftNwfYvXKwDSN6xGTLX6V6x,459248640,0.45924864,65856
validator_history,HistoryJTGbKQD2mRgLZ3XhqHnN811Qpez8X9kCcGHoa,CXo3a4hk6sMTfCsfU95y6uPt6WfV8xwMvg27JVJgbRHW,459248640,0.45924864,65856
validator_history,HistoryJTGbKQD2mRgLZ3XhqHnN811Qpez8X9kCcGHoa,6p3tyTXLuxVr5neCCiVmdXyVAyRNAs7FLenbMdf8WRiV,459248640,0.45924864,65856
validator_history,HistoryJTGbKQD2mRgLZ3XhqHnN811Qpez8X9kCcGHoa,GZXDNhfkGHGFdrDU9oh2zij5AxTMu4SoSdH5k1B6dM78,459248640,0.45924864,65856
validator_history,HistoryJTGbKQD2mRgLZ3XhqHnN811Qpez8X9kCcGHoa,3h32xSnx2QQs8Bptgxz9JuxeM9nLtyNWnczN61NScukX,459248640,0.45924864,65856
validator_history,HistoryJTGbKQD2mRgLZ3XhqHnN811Qpez8X9kCcGHoa,DuZdoRGLcTijWPLmuFscMb3eBbrY7NRsTT2JRhuhUDyf,459248640,0.45924864,65856
validator_history,HistoryJTGbKQD2mRgLZ3XhqHnN811Qpez8X9kCcGHoa,CkF3AAP28gwzDKwV5TDTiBXCtfu2hoCme4Tg8pq13wr9,459248640,0.45924864,65856
validator_history,HistoryJTGbKQD2mRgLZ3XhqHnN811Qpez8X9kCcGHoa,5mtnE7jqLt5wXFeh43Q4aH2uCzFEAmjZFocm5hwtQggu,459248640,0.45924864,65856
validator_history,HistoryJTGbKQD2mRgLZ3XhqHnN811Qpez8X9kCcGHoa,GX5PjPq4rT75pe52nDuPPBi48usg5Gg54WjVcrvSdwPx,459248640,0.45924864,65856
validator_history,HistoryJTGbKQD2mRgLZ3XhqHnN811Qpez8X9kCcGHoa,GK4Q486TwyRU2oyMeR8CH8SdmuuQAW2Gm3vzac1bjite,459248640,0.45924864,65856
validator_history,HistoryJTGbKQD2mRgLZ3XhqHnN811Qpez8X9kCcGHoa,8NkTHgYeNSpb29j1vKAgtnYQZbSMmGK8BupmZjxXN6f3,459248640,0.45924864,65856
validator_history,HistoryJTGbKQD2mRgLZ3XhqHnN811Qpez8X9kCcGHoa,Hft79JUk5fLNNv2WXG2kcufrNCY9bvXbN3DxNJvQzNoL,459248640,0.45924864,65856
validator_history,HistoryJTGbKQD2mRgLZ3XhqHnN811Qpez8X9kCcGHoa,aT1mF1Hi9b9MRP8XyREa97pMDEDg1sNN5JHKvM4UkUP,459248640,0.45924864,65856
validator_history,HistoryJTGbKQD2mRgLZ3XhqHnN811Qpez8X9kCcGHoa,6QqD7KBSEajaN2KiobtoMmkdERbYZnUZ2N8gBY3zXUEQ,459248640,0.45924864,65856
validator_history,HistoryJTGbKQD2mRgLZ3XhqHnN811Qpez8X9kCcGHoa,JAGH2j7xxa4SATz4gUdsEqW7hzog3YPgpfaTRgHyeDkT,459248640,0.45924864,65856
validator_history,HistoryJTGbKQD2mRgLZ3XhqHnN811Qpez8X9kCcGHoa,3nnBiiM12s58ZNnaQTujaGvun6a26DRANg9J4EmpmbTG,459248640,0.45924864,65856
validator_history,HistoryJTGbKQD2mRgLZ3XhqHnN811Qpez8X9kCcGHoa,3iiTkavhhKLWWKhsq3jYibUSciKggzJC3QBZ9A31vJmZ,459248640,0.45924864,65856
validator_history,HistoryJTGbKQD2mRgLZ3XhqHnN811Qpez8X9kCcGHoa,5gGLnwYKHrq9mK2qjA8rSzXUhF8xxhf7osvtKNNPx3vq,459248640,0.45924864,65856
validator_history,HistoryJTGbKQD2mRgLZ3XhqHnN811Qpez8X9kCcGHoa,G14Z5VivRxRftQfi1i1nnJqMZd7RnZvTP5vJv3itigbB,459248640,0.45924864,65856
validator_history,HistoryJTGbKQD2mRgLZ3XhqHnN811Qpez8X9kCcGHoa,2NcG5318fCKHDoy17iL2JJwsKqw6TeRXMyZheuefYtxh,459248640,0.45924864,65856
validator_history,HistoryJTGbKQD2mRgLZ3XhqHnN811Qpez8X9kCcGHoa,BgZfkBZu1pBpLW79knHvqVvcpRKWsQiZF2D68wz1vr8s,459248640,0.45924864,65856
validator_history,HistoryJTGbKQD2mRgLZ3XhqHnN811Qpez8X9kCcGHoa,AKdj3WvMR63EdH7cRyCzjVvkCxoKF9MB3PrJLYJRoqrY,459248640,0.45924864,65856
validator_history,HistoryJTGbKQD2mRgLZ3XhqHnN811Qpez8X9kCcGHoa,7C8RK5StndXAPCCj5xRvgBAytguh2ZBtchiYaLuuQ4ZA,459248640,0.45924864,65856
validator_history,HistoryJTGbKQD2mRgLZ3XhqHnN811Qpez8X9kCcGHoa,CNEhpd4e5Keq9WKgdhN135uw4kknszGiysdVCFUGMZv7,459248640,0.45924864,65856
validator_history,HistoryJTGbKQD2mRgLZ3XhqHnN811Qpez8X9kCcGHoa,25HRQ1mjnG9eHnnoNdeXriXT9hDRghPaSnmho59wB1kw,459248640,0.45924864,65856
validator_history,HistoryJTGbKQD2mRgLZ3XhqHnN811Qpez8X9kCcGHoa,65KQa76r1hgjFPxDZzgnPuo6L73u6PajKicdnYqSHM9z,459248640,0.45924864,65856
validator_history,HistoryJTGbKQD2mRgLZ3XhqHnN811Qpez8X9kCcGHoa,AshByM6zRFQo41FkJeUGEoHhVn6myu9TbRABDFrNJWiY,459248640,0.45924864,65856
validator_history,HistoryJTGbKQD2mRgLZ3XhqHnN811Qpez8X9kCcGHoa,J8Wv9Q4aYn694Mid7wH5mshcoGAqHLEWpTEHXRDbj9pU,459248640,0.45924864,65856
validator_history,HistoryJTGbKQD2mRgLZ3XhqHnN811Qpez8X9kCcGHoa,6GgK1ndGQpBR88S2R4xMBZznQhAzfnfsKsVXqVegN9jB,459248640,0.45924864,65856
validator_history,HistoryJTGbKQD2mRgLZ3XhqHnN811Qpez8X9kCcGHoa,29ry68Hyto3P7CK9Q5zTKdyeubSFSnkgkjQFz9T8k9Ro,459248640,0.45924864,65856
validator_history,HistoryJTGbKQD2mRgLZ3XhqHnN811Qpez8X9kCcGHoa,FZz3vgSwsVWkecNJ8FkpxRY54XYv7iYN2siFKgqNQqjQ,459248640,0.45924864,65856
validator_history,HistoryJTGbKQD2mRgLZ3XhqHnN811Qpez8X9kCcGHoa,78nzBE4gJDMu5Yu7PoHCAeSA2ZMAtCLUZFC3RgiEeZrV,459248640,0.45924864,65856
validator_history,HistoryJTGbKQD2mRgLZ3XhqHnN811Qpez8X9kCcGHoa,HodLHZVerEFTQaGEf5WcqYvgwUx7ptJN81PDXYNeuQHb,459248640,0.45924864,65856
validator_history,HistoryJTGbKQD2mRgLZ3XhqHnN811Qpez8X9kCcGHoa,6cB4wapSn3fAxiWnPwu2azMbLif4Cf26pzrcivpXRYW,459248640,0.45924864,65856
validator_history,HistoryJTGbKQD2mRgLZ3XhqHnN811Qpez8X9kCcGHoa,Ai2a66TAoahgt1ZPTFxeDFq7hH9rE2DMQN3yMmU2E3EE,459248640,0.45924864,65856
validator_history,HistoryJTGbKQD2mRgLZ3XhqHnN811Qpez8X9kCcGHoa,Bf8vRAVmGdPMS5sVtLS9744cKg57rv9EJbqRBsSBpMbP,459248640,0.45924864,65856
validator_history,HistoryJTGbKQD2mRgLZ3XhqHnN811Qpez8X9kCcGHoa,B9zEUkeBvgSXiqRdC6jD2CJyn5zibD1yEHAxthvyuTaG,459248640,0.45924864,65856
validator_history,HistoryJTGbKQD2mRgLZ3XhqHnN811Qpez8X9kCcGHoa,8rmJXxFizTxNrYzgEJe7dokJVRa7HW7orp9th4atQgqG,459248640,0.45924864,65856
validator_history,HistoryJTGbKQD2mRgLZ3XhqHnN811Qpez8X9kCcGHoa,73gtyzAVBvt6qQ28m6nsorTE3KqZqVSDKgDLL5gFLPiX,459248640,0.45924864,65856
validator_history,HistoryJTGbKQD2mRgLZ3XhqHnN811Qpez8X9kCcGHoa,4VTieJdALo4qspxrzBM5RTkETthpr5PRnaM5Pfe1aLsU,459248640,0.45924864,65856
validator_history,HistoryJTGbKQD2mRgLZ3XhqHnN811Qpez8X9kCcGHoa,98TczRf8zUQdnp8bkhczLqptKpWddiv64XtsvBohTcwz,459248640,0.45924864,65856
validator_history,HistoryJTGbKQD2mRgLZ3XhqHnN811Qpez8X9kCcGHoa,MaFivrMpyz5Poik3ddsJGyguusLdG6DEGmLAbH8G8j2,459248640,0.45924864,65856
validator_history,HistoryJTGbKQD2mRgLZ3XhqHnN811Qpez8X9kCcGHoa,EQLyDbs1auJea5N1fnbHW9b2uGBUhpvrWsUJjBjdvcnJ,459248640,0.45924864,65856
validator_history,HistoryJTGbKQD2mRgLZ3XhqHnN811Qpez8X9kCcGHoa,EL71SKovvrFBusJje8iJJDM9BcXzsjmqnhFPwNczKyqd,459248640,0.45924864,65856
validator_history,HistoryJTGbKQD2mRgLZ3XhqHnN811Qpez8X9kCcGHoa,J8APKMFHqfCkCD1q3ZZDTMTqwQ3zBAocrtmah4M7GvdG,459248640,0.45924864,65856
validator_history,HistoryJTGbKQD2mRgLZ3XhqHnN811Qpez8X9kCcGHoa,QGtTXT1e6GgSbLEp6DB2WYT6YGnYasuQAwtgsxkaLjR,459248640,0.45924864,65856
validator_history,HistoryJTGbKQD2mRgLZ3XhqHnN811Qpez8X9kCcGHoa,Dskwt8X6JTP4VAHBMGZpgm5LbzkyErmJzdyAwjW8DatR,459248640,0.45924864,65856
validator_history,HistoryJTGbKQD2mRgLZ3XhqHnN811Qpez8X9kCcGHoa,6ykMxoWhNtG4h5KShs1BYS8SbLieQjJbdgJypHC2gzMm,459248640,0.45924864,65856
validator_history,HistoryJTGbKQD2mRgLZ3XhqHnN811Qpez8X9kCcGHoa,EuNgaCkPGnYwHeGKWwaJNzGcEiK5kVckRnHBwh8dfc2v,459248640,0.45924864,65856
validator_history,HistoryJTGbKQD2mRgLZ3XhqHnN811Qpez8X9kCcGHoa,BLQKstWTbRwfVQDSRYYFnvqY7eS3Ezc3FkHmDEZfLrdb,459248640,0.45924864,65856
validator_history,HistoryJTGbKQD2mRgLZ3XhqHnN811Qpez8X9kCcGHoa,2fBJkStQY4zEjzXuFgCGhTy8bnziooyM9f9dBuXUzGws,459248640,0.45924864,65856
validator_history,HistoryJTGbKQD2mRgLZ3XhqHnN811Qpez8X9kCcGHoa,nKSj3fXjki8ypHhSFP9sPBhePDYDqadG94xF7qXECxS,459248640,0.45924864,65856
validator_history,HistoryJTGbKQD2mRgLZ3XhqHnN811Qpez8X9kCcGHoa,3JNrY7ndGVCEiWw7VscyXJTTTmE974CaespCddjmYBYC,459248640,0.45924864,65856
validator_history,HistoryJTGbKQD2mRgLZ3XhqHnN811Qpez8X9kCcGHoa,wUtAwyLeSDYRZR7HS9N6t7YGhsnKyJZfKYH9HjwsDt5,459248640,0.45924864,65856
validator_history,HistoryJTGbKQD2mRgLZ3XhqHnN811Qpez8X9kCcGHoa,APMzjUPe93vFMxkadWTH3ZXUUAkDrixXK1fca2RcdrUe,459248640,0.45924864,65856
validator_history,HistoryJTGbKQD2mRgLZ3XhqHnN811Qpez8X9kCcGHoa,935F4W2RHu5PoSJ5CrojG97Bx7GJEZraP4WJy62At6sU,459248640,0.45924864,65856
validator_history,HistoryJTGbKQD2mRgLZ3XhqHnN811Qpez8X9kCcGHoa,78CHc4uEVMC4DF9Uj8G1eDyZzg6abdcKY83ed9YBdPJf,459248640,0.45924864,65856
validator_history,HistoryJTGbKQD2mRgLZ3XhqHnN811Qpez8X9kCcGHoa,89GTZoFNBgmLiJNjgpwF8yMcuq3LrvRMJ4ngAPjsDzaN,459248640,0.45924864,65856
validator_history,HistoryJTGbKQD2mRgLZ3XhqHnN811Qpez8X9kCcGHoa,3YFCahydeGDbTEdEgKML9VDAifgQ7g1fNDCATLxBzz7d,459248640,0.45924864,65856
validator_history,HistoryJTGbKQD2mRgLZ3XhqHnN811Qpez8X9kCcGHoa,85fQapt6zHJ6pJC8pwuiz46BaAsgqLupM216u9fwDKn5,459248640,0.45924864,65856
validator_history,HistoryJTGbKQD2mRgLZ3XhqHnN811Qpez8X9kCcGHoa,2FC547gLsf91DH83Ajs8xU32V18gNz5NEvdkSSptZ7t7,915100800,0.9151008,131352
validator_history,HistoryJTGbKQD2mRgLZ3XhqHnN811Qpez8X9kCcGHoa,2uuacDYMXdXiY7atX1WLhCJBXNo9pZvHDgoNsrC19ssS,459248640,0.45924864,65856
validator_history,HistoryJTGbKQD2mRgLZ3XhqHnN811Qpez8X9kCcGHoa,8Q2SGcsmAjxSeaLAURZkfTu6PSwsbQ8sVfr3NLvW7YpH,459248640,0.45924864,65856
validator_history,HistoryJTGbKQD2mRgLZ3XhqHnN811Qpez8X9kCcGHoa,4xAJ4U73CFHLcJvCF813xtoDDEdGoVEEQxLwquput5x2,459248640,0.45924864,65856
validator_history,HistoryJTGbKQD2mRgLZ3XhqHnN811Qpez8X9kCcGHoa,5JHseyRUL3om25ds9xd4ahuxkXLR6kbWjPxHqyhwcmi9,459248640,0.45924864,65856
validator_history,HistoryJTGbKQD2mRgLZ3XhqHnN811Qpez8X9kCcGHoa,GgY5WbkbyFcLARP1h21ZK3YCUaRMJ5LvhqkfvZWDhN5W,459248640,0.45924864,65856
validator_history,HistoryJTGbKQD2mRgLZ3XhqHnN811Qpez8X9kCcGHoa,6JK7ShcZcStMwbY68hBiL6KtTyooZvLPFEef6brw9c82,459248640,0.45924864,65856
validator_history,HistoryJTGbKQD2mRgLZ3XhqHnN811Qpez8X9kCcGHoa,CFBmz38rznJ9u59fJ1Yg9h1WLJDY3Jf5iRf5Di9UD72d,459248640,0.45924864,65856
validator_history,HistoryJTGbKQD2mRgLZ3XhqHnN811Qpez8X9kCcGHoa,BniPcBWDkqQcBHtYhX1Gq11GpyYV2dNKCMHkTcKnv3hz,459248640,0.45924864,65856
validator_history,HistoryJTGbKQD2mRgLZ3XhqHnN811Qpez8X9kCcGHoa,7P5u9DuN5ztLLczuqZLH9eZW2BCF638NgG29Lf7BAokZ,459248640,0.45924864,65856
validator_history,HistoryJTGbKQD2mRgLZ3XhqHnN811Qpez8X9kCcGHoa,2XVGNzmsuU8LpoukK5bkxNE68fSXCz5ZeftYRQUSqRGW,459248640,0.45924864,65856
validator_history,HistoryJTGbKQD2mRgLZ3XhqHnN811Qpez8X9kCcGHoa,CotS22BuWdDwJdbjMT22JcqRoKdWjjmhiXjN59eBr9LE,459248640,0.45924864,65856
validator_history,HistoryJTGbKQD2mRgLZ3XhqHnN811Qpez8X9kCcGHoa,2LqGNF8jhLuHGCJKqU4iFrHjrYMfDEswrwmqhu6hZ7pm,459248640,0.45924864,65856
validator_history,HistoryJTGbKQD2mRgLZ3XhqHnN811Qpez8X9kCcGHoa,DhsfBtGd33QfrbU17mJLXovBPnYAd8ko29Vbfvk8PQwk,459248640,0.45924864,65856
validator_history,HistoryJTGbKQD2mRgLZ3XhqHnN811Qpez8X9kCcGHoa,Aj81MvaX2vP94dnpJ2oPhwMZ4k9vWL5XYqqktfiqGVXV,459248640,0.45924864,65856
validator_history,HistoryJTGbKQD2mRgLZ3XhqHnN811Qpez8X9kCcGHoa,vefzQJHod5sPjzzjqV1oDgDki7u4LGW53qcBkwmBq5t,459248640,0.45924864,65856
validator_history,HistoryJTGbKQD2mRgLZ3XhqHnN811Qpez8X9kCcGHoa,5Q5yQ25vfWX64xiNw8VJLfywzC1tHTKrQkaAGb7L2T1n,459248640,0.45924864,65856
validator_history,HistoryJTGbKQD2mRgLZ3XhqHnN811Qpez8X9kCcGHoa,3p7HB7NedBUF3c691afP6pPEZC9BdEPhBzSqGXR7zQPB,459248640,0.45924864,65856
validator_history,HistoryJTGbKQD2mRgLZ3XhqHnN811Qpez8X9kCcGHoa,GFAig1sTYfawJXRDZyCfTC7UDwdwCNZGtsSUidNd3C2v,459248640,0.45924864,65856
validator_history,HistoryJTGbKQD2mRgLZ3XhqHnN811Qpez8X9kCcGHoa,6s1BjdUWWE9GZ5M24NBayxhpCk6NR3qxM6iZU3Bnz8fe,459248640,0.45924864,65856
validator_history,HistoryJTGbKQD2mRgLZ3XhqHnN811Qpez8X9kCcGHoa,6QGXX1YPeTwrjPVrDVy2ZjnWjXk2ceVQDfAWrDK47qYb,459248640,0.45924864,65856
validator_history,HistoryJTGbKQD2mRgLZ3XhqHnN811Qpez8X9kCcGHoa,FJMvWtTxDxW7XabMFTAVPkEpYBN9LAZZsbTem7sDT3AP,459248640,0.45924864,65856
validator_history,HistoryJTGbKQD2mRgLZ3XhqHnN811Qpez8X9kCcGHoa,FS3WFm24SB3jCopbaJLYEBXiemHqo1j9xrnegZVZJB4X,459248640,0.45924864,65856
validator_history,HistoryJTGbKQD2mRgLZ3XhqHnN811Qpez8X9kCcGHoa,AKZUBa9xSRjPWtuDvAdoksRZsLzwLy6D4jV4KS155eZE,459248640,0.45924864,65856
validator_history,HistoryJTGbKQD2mRgLZ3XhqHnN811Qpez8X9kCcGHoa,DHth4MkxVTMoSqYVMETNs6c1frdpRV1oWkVQSVdoEYq5,459248640,0.45924864,65856
validator_history,HistoryJTGbKQD2mRgLZ3XhqHnN811Qpez8X9kCcGHoa,4SNCKdHDJFegjnkukLn3KsNsX8VQCLWSJ8BVMSJnyTkb,459248640,0.45924864,65856
validator_history,HistoryJTGbKQD2mRgLZ3XhqHnN811Qpez8X9kCcGHoa,A258ERYD5BYdxDPfVj594MPYPjb9acvemHWwMwwhLfuv,459248640,0.45924864,65856
validator_history,HistoryJTGbKQD2mRgLZ3XhqHnN811Qpez8X9kCcGHoa,9QeM93g1vNGXCs8cRh8WnKY4RP6V7aG8oBX38meeVZ9X,459248640,0.45924864,65856
validator_history,HistoryJTGbKQD2mRgLZ3XhqHnN811Qpez8X9kCcGHoa,DJ6JrTWLpETm7j6oK1Bdqv1LMPbdQaNvTEJ4MtwVPCAK,459248640,0.45924864,65856
validator_history,HistoryJTGbKQD2mRgLZ3XhqHnN811Qpez8X9kCcGHoa,4EKAXSm3UVoAVDGKpzsvG2DV71TpJz1oFzPrGGNL4Myx,459248640,0.45924864,65856
validator_history,HistoryJTGbKQD2mRgLZ3XhqHnN811Qpez8X9kCcGHoa,AWf3zAcgEhfjmxWFdDswRweYojdqgnbb7rk9grVDSrK,459248640,0.45924864,65856
validator_history,HistoryJTGbKQD2mRgLZ3XhqHnN811Qpez8X9kCcGHoa,CJjRFJHhSDA7nyfDY5dQMxNKXgwzsRFxWswmTu7tPX67,459248640,0.45924864,65856
validator_history,HistoryJTGbKQD2mRgLZ3XhqHnN811Qpez8X9kCcGHoa,BQ8C3AFQEgD4aA4zPXdZYV5PgRyxieBU5sVRRh2PEJgv,459248640,0.45924864,65856
validator_history,HistoryJTGbKQD2mRgLZ3XhqHnN811Qpez8X9kCcGHoa,7bnF2FRZpxrMWqLeZLSZJUnBbbdR5LKxHfdqCJ7gGbnu,459248640,0.45924864,65856
validator_history,HistoryJTGbKQD2mRgLZ3XhqHnN811Qpez8X9kCcGHoa,EZ1W19RXEpZieczdW91HQPTnGtxTFcK7ifrEWLVceym1,459248640,0.45924864,65856
validator_history,HistoryJTGbKQD2mRgLZ3XhqHnN811Qpez8X9kCcGHoa,C3vMCoWikWPSpsDTT7R6UaBouUoUs35VkeaWXpTWQZa5,459248640,0.45924864,65856
validator_history,HistoryJTGbKQD2mRgLZ3XhqHnN811Qpez8X9kCcGHoa,EJWnrZDjuaaRj2etgku2MxyjufxN1kgiBCv4h9aEsPKp,459248640,0.45924864,65856
validator_history,HistoryJTGbKQD2mRgLZ3XhqHnN811Qpez8X9kCcGHoa,3Vupq77VHKcMyykuFXZmU7QkeeaTuuPsgFAgoq4dksze,459248640,0.45924864,65856
validator_history,HistoryJTGbKQD2mRgLZ3XhqHnN811Qpez8X9kCcGHoa,Af4KGqNzioghJAdxKL67iZoyaMptJsztbRrpwHcBFDic,459248640,0.45924864,65856
validator_history,HistoryJTGbKQD2mRgLZ3XhqHnN811Qpez8X9kCcGHoa,HtjCw61962MCyaJvbY7gai6YVUasnMquKZGf2rgnBF6m,459248640,0.45924864,65856
validator_history,HistoryJTGbKQD2mRgLZ3XhqHnN811Qpez8X9kCcGHoa,J8Y7XZ9Pkxs2ECnRr9djYwTViQkygZbSMzucWdJYmuaX,459248640,0.45924864,65856
validator_history,HistoryJTGbKQD2mRgLZ3XhqHnN811Qpez8X9kCcGHoa,Hrg6BMxtaYjMrErCT2uLeJN5CHiye2dQF8fuuz4U43Fi,459248640,0.45924864,65856
validator_history,HistoryJTGbKQD2mRgLZ3XhqHnN811Qpez8X9kCcGHoa,3UWa2EUTMcsPRSofRqxxWwwwtPbHFxv1Urg4oMisXwFu,459248640,0.45924864,65856
validator_history,HistoryJTGbKQD2mRgLZ3XhqHnN811Qpez8X9kCcGHoa,DQ3ARubjwmkHJMsx1Y1rJLyGpGBsaBRS6JyD6waFVToX,459248640,0.45924864,65856
validator_history,HistoryJTGbKQD2mRgLZ3XhqHnN811Qpez8X9kCcGHoa,DgauN9SJH8CcCnApvPDUHiwGdhK866m4TipCrVm2yDjz,459248640,0.45924864,65856
validator_history,HistoryJTGbKQD2mRgLZ3XhqHnN811Qpez8X9kCcGHoa,BMFCaqGAcLaZ2bRkDP5Pc9VogE9Pnrd8xeNS3s2259r5,459248640,0.45924864,65856
validator_history,HistoryJTGbKQD2mRgLZ3XhqHnN811Qpez8X9kCcGHoa,GrrdZFhaQGtPLMEG4wUS7vUrg7a5WMfM4D2E6Rgayz5v,459248640,0.45924864,65856
validator_history,HistoryJTGbKQD2mRgLZ3XhqHnN811Qpez8X9kCcGHoa,6DnHYvu91XJFTvefqa6DEZXTaKyHxwZHTkFsQycivLW3,459248640,0.45924864,65856
validator_history,HistoryJTGbKQD2mRgLZ3XhqHnN811Qpez8X9kCcGHoa,ArCcxNZSnibvpqqy1HPdEDHqF9LdHE1R7Me3JGrpLkgQ,459248640,0.45924864,65856
validator_history,HistoryJTGbKQD2mRgLZ3XhqHnN811Qpez8X9kCcGHoa,8odV5cNbk9s56tNhFVGP3toN771Hjks4iyFK11w8Fcep,459248640,0.45924864,65856
validator_history,HistoryJTGbKQD2mRgLZ3XhqHnN811Qpez8X9kCcGHoa,3YDzfzBnrJ3V8nBqKg7tiyoPPixR6UyScbEewTkFjad6,459248640,0.45924864,65856
validator_history,HistoryJTGbKQD2mRgLZ3XhqHnN811Qpez8X9kCcGHoa,FNStw8FTbfYQz5wspoLAMHRhQPwoFemMGBj3SXkKAnGu,459248640,0.45924864,65856
validator_history,HistoryJTGbKQD2mRgLZ3XhqHnN811Qpez8X9kCcGHoa,DvgrYLtsQRNZSaB4AYGM9sh86RYQ4hUApqf1qupVdswT,459248640,0.45924864,65856
validator_history,HistoryJTGbKQD2mRgLZ3XhqHnN811Qpez8X9kCcGHoa,GviugkHb7zHhmDRYVNP1Z2ttxfU4vRNfj6aNQvXLmWYT,459248640,0.45924864,65856
validator_history,HistoryJTGbKQD2mRgLZ3XhqHnN811Qpez8X9kCcGHoa,6U136YNZZjt4Y2UisV5PghTAiyf7uLBcpDoaVkaCpiww,459248640,0.45924864,65856
validator_history,HistoryJTGbKQD2mRgLZ3XhqHnN811Qpez8X9kCcGHoa,JA6317zX6kyfmdGr65GSzftt9nur6LtxxfE2NuWstoNN,459248640,0.45924864,65856
validator_history,HistoryJTGbKQD2mRgLZ3XhqHnN811Qpez8X9kCcGHoa,3LqnW7Az47375ivhozGgpGx7jz9EJUE6VpbecvzHqXQQ,459248640,0.45924864,65856
validator_history,HistoryJTGbKQD2mRgLZ3XhqHnN811Qpez8X9kCcGHoa,34Hi93PJKkC8HcStfaJBi9wgkdyVbMPG4Hg4CP93cAoT,459248640,0.45924864,65856
validator_history,HistoryJTGbKQD2mRgLZ3XhqHnN811Qpez8X9kCcGHoa,HYh4NcGisZs9LeTzY1TmxMU9pfa5T5smqifLo2Jmc2vx,459248640,0.45924864,65856
validator_history,HistoryJTGbKQD2mRgLZ3XhqHnN811Qpez8X9kCcGHoa,9RsXApy5f2vs2iopnSBpUvc72YymhZuhVoE8bkqm1sJR,459248640,0.45924864,65856
validator_history,HistoryJTGbKQD2mRgLZ3XhqHnN811Qpez8X9kCcGHoa,7JRNfhZHNnR6iNTukvfRqsdK8hDfwN7335w9fTQSoPTD,459248640,0.45924864,65856
validator_history,HistoryJTGbKQD2mRgLZ3XhqHnN811Qpez8X9kCcGHoa,9Qomd2BFnDSUzHPvUjxBwtVqB3ErVnzroHynubdJFLyD,459248640,0.45924864,65856
validator_history,HistoryJTGbKQD2mRgLZ3XhqHnN811Qpez8X9kCcGHoa,85ZDZgF3fPRi64iWtVVbro9pVkv73uQZGoSo7kMEGnYW,459248640,0.45924864,65856
validator_history,HistoryJTGbKQD2mRgLZ3XhqHnN811Qpez8X9kCcGHoa,AjxiwTacyMmn6R4Z8TCHytck6neFdsBWxnmi7UGb3AeN,459248640,0.45924864,65856
validator_history,HistoryJTGbKQD2mRgLZ3XhqHnN811Qpez8X9kCcGHoa,BZd5vcmykzwj4k2ZkmbXbAjYg5gJeFkJBQdVQh81p5YK,459248640,0.45924864,65856
validator_history,HistoryJTGbKQD2mRgLZ3XhqHnN811Qpez8X9kCcGHoa,724QZt6zeRWQ1uUSypRJQ5HCjtjyrLCuVm58DNtHwofC,459248640,0.45924864,65856
validator_history,HistoryJTGbKQD2mRgLZ3XhqHnN811Qpez8X9kCcGHoa,Ba66PH73XXVpWRoDGdadpgcECCTKNQP1U17NHDFGRACM,459248640,0.45924864,65856
validator_history,HistoryJTGbKQD2mRgLZ3XhqHnN811Qpez8X9kCcGHoa,Du88MujRwu2MA5tjKZ7S5sSZHJYCn3q9sUTNnpNCX2T3,459248640,0.45924864,65856
validator_history,HistoryJTGbKQD2mRgLZ3XhqHnN811Qpez8X9kCcGHoa,9ggQY4NjTQdzLVKi5up5bgwtxj27ZndSpeeHj7EmvZ8D,459248640,0.45924864,65856
validator_history,HistoryJTGbKQD2mRgLZ3XhqHnN811Qpez8X9kCcGHoa,GKN29u3QokzV8UrzaZospUMdzMRLmwCgm5V7DgeTfkUs,459248640,0.45924864,65856
validator_history,HistoryJTGbKQD2mRgLZ3XhqHnN811Qpez8X9kCcGHoa,3pwACbLM8NiNyEajqwcms9MxV9yAPRGYsQ1hhV7Xy3Yt,459248640,0.45924864,65856
validator_history,HistoryJTGbKQD2mRgLZ3XhqHnN811Qpez8X9kCcGHoa,4DwT52T1145QxtTkFQPHvdqawgzLtLFryjZzpM3GTxhh,459248640,0.45924864,65856
validator_history,HistoryJTGbKQD2mRgLZ3XhqHnN811Qpez8X9kCcGHoa,HzJpVqxmgPmhf9dz5xhWMWM28ZAbwy6JRgZ5XPyzoqoT,459248640,0.45924864,65856
validator_history,HistoryJTGbKQD2mRgLZ3XhqHnN811Qpez8X9kCcGHoa,C7tNZvtawJyxARNBy6Bq2sYempuu9C2V1UDmomRVJ3Ne,459248640,0.45924864,65856
validator_history,HistoryJTGbKQD2mRgLZ3XhqHnN811Qpez8X9kCcGHoa,HCQXvW8P61uX3NvKJ4mu6EGxbTX1EHSkZe2WRfEteNNc,459248640,0.45924864,65856
validator_history,HistoryJTGbKQD2mRgLZ3XhqHnN811Qpez8X9kCcGHoa,94S6U4nzcmhx8rSDkxL9d48Qvnt6vgVqhgrUEXjMff5u,459248640,0.45924864,65856
validator_history,HistoryJTGbKQD2mRgLZ3XhqHnN811Qpez8X9kCcGHoa,Dce3dDBtqmjopCug3Jvk4R2ZUnUmyomQUQchYQHiRjec,459248640,0.45924864,65856
validator_history,HistoryJTGbKQD2mRgLZ3XhqHnN811Qpez8X9kCcGHoa,3LovX9GgPmQp6U699wXEZntMuwDaENSdYSSbcmY8ZFDe,459248640,0.45924864,65856
validator_history,HistoryJTGbKQD2mRgLZ3XhqHnN811Qpez8X9kCcGHoa,6LNskD7ErHHaV22f6YLvDH3oz6bKA2iveq9mQtoMwqbc,459248640,0.45924864,65856
validator_history,HistoryJTGbKQD2mRgLZ3XhqHnN811Qpez8X9kCcGHoa,6UsWtPtKvFQamkKmsbfkQ3q4NgKnJPHnpgLWaEUbUriz,459248640,0.45924864,65856
validator_history,HistoryJTGbKQD2mRgLZ3XhqHnN811Qpez8X9kCcGHoa,HiEettL1ZgjZtKqvyBQJzPJAbwn3yWUFANVASt2fKCgS,459248640,0.45924864,65856
validator_history,HistoryJTGbKQD2mRgLZ3XhqHnN811Qpez8X9kCcGHoa,BLwYpVDRjY3rMzhuc54ZGkyrL7EE5vh46qfghn2XG7Y9,459248640,0.45924864,65856
validator_history,HistoryJTGbKQD2mRgLZ3XhqHnN811Qpez8X9kCcGHoa,3qcM5kHoPv8yk4rNUyHmdMyztXpUXiRs2hthUY4EtEL5,459248640,0.45924864,65856
validator_history,HistoryJTGbKQD2mRgLZ3XhqHnN811Qpez8X9kCcGHoa,DnWbV4UqPVxCovrrSPdDjp2D8VuGnTs5BCsVRUBwah7j,459248640,0.45924864,65856
validator_history,HistoryJTGbKQD2mRgLZ3XhqHnN811Qpez8X9kCcGHoa,4EdDAccaftUN2CH3SBTpK24SvuBuQ4xWFX6U1CSjDj7V,459248640,0.45924864,65856
validator_history,HistoryJTGbKQD2mRgLZ3XhqHnN811Qpez8X9kCcGHoa,7EnuPk3UHD67t72D7vcDG9itJVcbF1wmrt2Vvr7hVEWJ,459248640,0.45924864,65856
validator_history,HistoryJTGbKQD2mRgLZ3XhqHnN811Qpez8X9kCcGHoa,EQLaiUmwACqC7AC7jDxfYfnn3SvJHdxed4EKWvmiUYEQ,459248640,0.45924864,65856
validator_history,HistoryJTGbKQD2mRgLZ3XhqHnN811Qpez8X9kCcGHoa,CQcF89VBWXXUCi7u1B2m6VyQXTJbjmj4USnNuLzu2V2p,459248640,0.45924864,65856
validator_history,HistoryJTGbKQD2mRgLZ3XhqHnN811Qpez8X9kCcGHoa,DewBD6JneWxGowx2kKGsafxquXH5u7ZFtnFjCRJVF3b4,459248640,0.45924864,65856
validator_history,HistoryJTGbKQD2mRgLZ3XhqHnN811Qpez8X9kCcGHoa,HubosniBa7R7NEoH7hkoUBNZvRuyto2SzSML4MAgU2dw,459248640,0.45924864,65856
validator_history,HistoryJTGbKQD2mRgLZ3XhqHnN811Qpez8X9kCcGHoa,2hTbZdynWunmAwXhXBtsDPyU1mazLzGUsoPa9YfnGQRD,459248640,0.45924864,65856
validator_history,HistoryJTGbKQD2mRgLZ3XhqHnN811Qpez8X9kCcGHoa,2yreoxfE36UHH5P2Y8mV9G1pxFo33pAHGeyBnaW1rmXK,459248640,0.45924864,65856
validator_history,HistoryJTGbKQD2mRgLZ3XhqHnN811Qpez8X9kCcGHoa,53EBiYQnVx9369GU3rFDCpDsUWhvnavRR1UPKEFkVagE,459248640,0.45924864,65856
validator_history,HistoryJTGbKQD2mRgLZ3XhqHnN811Qpez8X9kCcGHoa,D6KD6njLTZt6vMS6o6N2zjnQ4XX5ig2WuvmcbTYjshmB,459248640,0.45924864,65856
validator_history,HistoryJTGbKQD2mRgLZ3XhqHnN811Qpez8X9kCcGHoa,GS1W87cNRoEqj6vzSWSMB3fRyGSqX4kpsjoS6X5bVVtr,459248640,0.45924864,65856
validator_history,HistoryJTGbKQD2mRgLZ3XhqHnN811Qpez8X9kCcGHoa,7uyZamYwiiTSv79fzjr5qsgJf8nQqMhrb9FHLKacVWpV,459248640,0.45924864,65856
validator_history,HistoryJTGbKQD2mRgLZ3XhqHnN811Qpez8X9kCcGHoa,CkvgkQDme3Lc3dgvzFs89yeugzC7LdTQe1fVJfGBEAGV,459248640,0.45924864,65856
validator_history,HistoryJTGbKQD2mRgLZ3XhqHnN811Qpez8X9kCcGHoa,8ysVVmqwqLWJfeEohNEY7wcbBAKSDChAsyUo3HqM37ab,459248640,0.45924864,65856
validator_history,HistoryJTGbKQD2mRgLZ3XhqHnN811Qpez8X9kCcGHoa,6LqnErAjit6CHRNiiGYSdDmAbFhymnjSzJqB14HbjaHt,459248640,0.45924864,65856
validator_history,HistoryJTGbKQD2mRgLZ3XhqHnN811Qpez8X9kCcGHoa,7kg5FEPGWvcuWFRUMmupYqxQJRPUFXjGGSxvAPeKamSb,459248640,0.45924864,65856
validator_history,HistoryJTGbKQD2mRgLZ3XhqHnN811Qpez8X9kCcGHoa,GhQ8bTutEiHgzT9MUzq6RZZM6NHy475VFrEwUcanDoZM,459248640,0.45924864,65856
validator_history,HistoryJTGbKQD2mRgLZ3XhqHnN811Qpez8X9kCcGHoa,EzixfJx33Bmaoz6v818aAjhdcYrDV9fm45g8j5fFTFKn,459248640,0.45924864,65856
validator_history,HistoryJTGbKQD2mRgLZ3XhqHnN811Qpez8X9kCcGHoa,38xwHx8XwvkwMP2gaQHZ1tpHXtzAYng1DwxjVFYcMG7x,459248640,0.45924864,65856
validator_history,HistoryJTGbKQD2mRgLZ3XhqHnN811Qpez8X9kCcGHoa,zfHgTQp4kfmXK5VBhuebv5qqvhDcj9bk97DZVALG3qX,459248640,0.45924864,65856
validator_history,HistoryJTGbKQD2mRgLZ3XhqHnN811Qpez8X9kCcGHoa,FriaFwrMPZfbMqMZ5Wia1GW1WLn1RyAQSr2BNiy3TNqf,459248640,0.45924864,65856
validator_history,HistoryJTGbKQD2mRgLZ3XhqHnN811Qpez8X9kCcGHoa,FJwpGkoyBwxdTAqr6NeayGBBuQ245DPqSpykJySvTUpm,459248640,0.45924864,65856
validator_history,HistoryJTGbKQD2mRgLZ3XhqHnN811Qpez8X9kCcGHoa,2sfr2vUPP11P2JVbwTJq5GBPD815fHeEKo6D7pq31bGV,459248640,0.45924864,65856
validator_history,HistoryJTGbKQD2mRgLZ3XhqHnN811Qpez8X9kCcGHoa,AMqcqcQffBjA2pGSnUx2cEk23GWQrnFoh4NgT8a7NSVK,459248640,0.45924864,65856
validator_history,HistoryJTGbKQD2mRgLZ3XhqHnN811Qpez8X9kCcGHoa,F25BrmTixWWuLr6ET715aqEXsomRpQeuiro4qQwFZRto,459248640,0.45924864,65856
validator_history,HistoryJTGbKQD2mRgLZ3XhqHnN811Qpez8X9kCcGHoa,E5VyPyHLBgQxW2bVEiW3PcPC5yxisw1e28LUQsgTPVdG,459248640,0.45924864,65856
validator_history,HistoryJTGbKQD2mRgLZ3XhqHnN811Qpez8X9kCcGHoa,HoxvrfzgP826cyqRfR1RFUU6mq958dn9f8QGUaMry746,459248640,0.45924864,65856
validator_history,HistoryJTGbKQD2mRgLZ3XhqHnN811Qpez8X9kCcGHoa,3BC2B7gpiEYZVipYmNdPpT3QjBa7yXxwTwh3RNxB7xt3,459248640,0.45924864,65856
validator_history,HistoryJTGbKQD2mRgLZ3XhqHnN811Qpez8X9kCcGHoa,AaXEm6s8Hiu3D2FFgajwb8NkdgTY1PVEF9KKKthz4NaQ,459248640,0.45924864,65856
validator_history,HistoryJTGbKQD2mRgLZ3XhqHnN811Qpez8X9kCcGHoa,EhqYM73zaYze2MUqX7X5Yq8rTUdMnQ3GdGgeWkyE16Rz,459248640,0.45924864,65856
validator_history,HistoryJTGbKQD2mRgLZ3XhqHnN811Qpez8X9kCcGHoa,BJoPu5e2gzW7JQ1qiy8WPK1Phe3rACwRoZcLL6a7eaZT,459248640,0.45924864,65856
validator_history,HistoryJTGbKQD2mRgLZ3XhqHnN811Qpez8X9kCcGHoa,F4HYUuz2dgxgzBxuXWmpnSLNdZSVHmwC4MeV3Yt8s7HE,459248640,0.45924864,65856
validator_history,HistoryJTGbKQD2mRgLZ3XhqHnN811Qpez8X9kCcGHoa,93CvJR9YVSRur2b3v4YkJTsYbZbA5zsRW5WBzjHYC55A,459248640,0.45924864,65856
validator_history,HistoryJTGbKQD2mRgLZ3XhqHnN811Qpez8X9kCcGHoa,8FwXng53V2bfEizvjCAJE4x7MkkWANPsTJA7WucLG5Es,459248640,0.45924864,65856
validator_history,HistoryJTGbKQD2mRgLZ3XhqHnN811Qpez8X9kCcGHoa,Bqf5HQqkTfop6MoLc982cNryE78G1SjfZgYkp3DJGX5z,459248640,0.45924864,65856
validator_history,HistoryJTGbKQD2mRgLZ3XhqHnN811Qpez8X9kCcGHoa,BVQpjf4H4KC8NJuJHDniGfr6ByHsEqF2DGM49paT8VU7,459348640,0.45934864,65856
validator_history,HistoryJTGbKQD2mRgLZ3XhqHnN811Qpez8X9kCcGHoa,5gbbkjJT379TP6iFwGdhEntRBdVLHEbqg8hF15edRzAS,459248640,0.45924864,65856
validator_history,HistoryJTGbKQD2mRgLZ3XhqHnN811Qpez8X9kCcGHoa,H7AuNfwdULUQCkNbQCKXnRPTofuKbmHyPBkzvLH8DGNe,459248640,0.45924864,65856
validator_history,HistoryJTGbKQD2mRgLZ3XhqHnN811Qpez8X9kCcGHoa,HrWqVzWA6Hab1uxikhgK4t6AhNxKZfbbQv3TjFoyJCL3,459248640,0.45924864,65856
validator_history,HistoryJTGbKQD2mRgLZ3XhqHnN811Qpez8X9kCcGHoa,8AQZnaGtJ71zn99an2Xkhfaor64gp8nRud9wkG8koGuf,459248640,0.45924864,65856
validator_history,HistoryJTGbKQD2mRgLZ3XhqHnN811Qpez8X9kCcGHoa,2ut9AY2Kg6dVxJx2DL8zGmURJkTN4hFzauAefkAzztmg,459248640,0.45924864,65856
validator_history,HistoryJTGbKQD2mRgLZ3XhqHnN811Qpez8X9kCcGHoa,98uszjyMacvnheXqj2LegLnnCwVnagkjTbCBoxLP75j4,459248640,0.45924864,65856
validator_history,HistoryJTGbKQD2mRgLZ3XhqHnN811Qpez8X9kCcGHoa,AQqQD1TqsfZyNTAQ9aD3QzoHMsRfc1Ua9hDty7bV1y9A,459248640,0.45924864,65856
validator_history,HistoryJTGbKQD2mRgLZ3XhqHnN811Qpez8X9kCcGHoa,AQwzXiqvsdVh7T5yWAWckwfjqnYUaDNo8hk23kbQwPoE,459248640,0.45924864,65856
validator_history,HistoryJTGbKQD2mRgLZ3XhqHnN811Qpez8X9kCcGHoa,HxRFR1rMjzbjoLpJywfzFU8ZZRN8nGdZtmNtuKB89s7s,459248640,0.45924864,65856
validator_history,HistoryJTGbKQD2mRgLZ3XhqHnN811Qpez8X9kCcGHoa,H1rt8FBQtfRtUrP8UXgQPt9oB7jeNTZ5jDMHKoVKwZjE,459248640,0.45924864,65856
validator_history,HistoryJTGbKQD2mRgLZ3XhqHnN811Qpez8X9kCcGHoa,AEwWcDexY6MruDMpvnSmt6o591BWBxJrgBXy6SvEd6v4,459248640,0.45924864,65856
validator_history,HistoryJTGbKQD2mRgLZ3XhqHnN811Qpez8X9kCcGHoa,3CF5qNQnbWHJZyNZ1wG63YMQfa3VgG3CANRhq2hmaX8A,459248640,0.45924864,65856
validator_history,HistoryJTGbKQD2mRgLZ3XhqHnN811Qpez8X9kCcGHoa,9enaiNPZi1Vr9L1FtwF9ayKiAYPqFT6uwCq6pURa3Kc2,459248640,0.45924864,65856
validator_history,HistoryJTGbKQD2mRgLZ3XhqHnN811Qpez8X9kCcGHoa,Ee6As8N1Y2XsZqdzbzJWeJbNrBZUQYMWrph2Rb9jcnEe,459248640,0.45924864,65856
validator_history,HistoryJTGbKQD2mRgLZ3XhqHnN811Qpez8X9kCcGHoa,C1ALmg9R9vFZX5VTdmzu8jgYzL8JnwceKuxcW3L8y18w,459248640,0.45924864,65856
validator_history,HistoryJTGbKQD2mRgLZ3XhqHnN811Qpez8X9kCcGHoa,BwsTtfd6fq8PEtrXDvfPV2AmiRh8Z9ngP6BVuDKg2cx4,459248640,0.45924864,65856
validator_history,HistoryJTGbKQD2mRgLZ3XhqHnN811Qpez8X9kCcGHoa,AgjusJBQL1Tn3CoZBcDGtU3MgRUUqLeWnNYrW4BJsVJi,459248640,0.45924864,65856
validator_history,HistoryJTGbKQD2mRgLZ3XhqHnN811Qpez8X9kCcGHoa,HNE85YhPaK2qrcFTGj6f2UmFXxMutfJEuutrS2eZk5A9,459248640,0.45924864,65856
validator_history,HistoryJTGbKQD2mRgLZ3XhqHnN811Qpez8X9kCcGHoa,Er69x1RxtBwgkyCwPVSeKDRcnSTpfgehNr6jQRfXQyjA,459248640,0.45924864,65856
validator_history,HistoryJTGbKQD2mRgLZ3XhqHnN811Qpez8X9kCcGHoa,AS3pswxNk6bKs4n3Rmf9U4LAXYW2MR1dBiRtVgFyVQj7,459248640,0.45924864,65856
validator_history,HistoryJTGbKQD2mRgLZ3XhqHnN811Qpez8X9kCcGHoa,9Wvhe3xaTeZQ96MM5rfjvTr52r3EtDCHLGMsU483eg8U,459248640,0.45924864,65856
validator_history,HistoryJTGbKQD2mRgLZ3XhqHnN811Qpez8X9kCcGHoa,CupXhqEktGxBxa8JhUcbjUS5wDodQVWdnLUsVWwQd7s6,459248640,0.45924864,65856
validator_history,HistoryJTGbKQD2mRgLZ3XhqHnN811Qpez8X9kCcGHoa,6yoVzQnvezhHT7eekTwHsx2tP6KFageqncFbMYTtp14A,459248640,0.45924864,65856
validator_history,HistoryJTGbKQD2mRgLZ3XhqHnN811Qpez8X9kCcGHoa,4aY3kVJWU6U5ZUojiBYvfTBueLsHWVNY9RtnwFjAiVfV,459248640,0.45924864,65856
validator_history,HistoryJTGbKQD2mRgLZ3XhqHnN811Qpez8X9kCcGHoa,HneBRsheNGe4m1hWgbC7gYt4syD1vGzQFpm4m9tyAuyc,459248640,0.45924864,65856
validator_history,HistoryJTGbKQD2mRgLZ3XhqHnN811Qpez8X9kCcGHoa,91QdMMPVmJWMpZxQpnz3JF998Lfy9ya6DeoPByzD2j1q,459248640,0.45924864,65856
validator_history,HistoryJTGbKQD2mRgLZ3XhqHnN811Qpez8X9kCcGHoa,AcdoHJ3GFESWc1iEG5CLetherUtA2T5mJuTJFX3u13eu,459248640,0.45924864,65856
validator_history,HistoryJTGbKQD2mRgLZ3XhqHnN811Qpez8X9kCcGHoa,GjJYpPYo1APmwwL7gv7vDB6vSKWu5rThymcfwZ2W7MDR,459248640,0.45924864,65856
validator_history,HistoryJTGbKQD2mRgLZ3XhqHnN811Qpez8X9kCcGHoa,C36EVvEiYfzeFNaTNFi3v8vvh53fxCTCFytBMFccCvut,459248640,0.45924864,65856
validator_history,HistoryJTGbKQD2mRgLZ3XhqHnN811Qpez8X9kCcGHoa,GCjo338EWsHdUbEvXRdAugZ3JoVj44D8vk91B8i5gN2s,459248640,0.45924864,65856
validator_history,HistoryJTGbKQD2mRgLZ3XhqHnN811Qpez8X9kCcGHoa,EQ6NPjd1WunaYYSpDoE8XkNroXUZRNtDscwG4UU3E8GN,459248640,0.45924864,65856
validator_history,HistoryJTGbKQD2mRgLZ3XhqHnN811Qpez8X9kCcGHoa,D6k35sfdMwoutW1nv7hevrbvCPCDA4gfrnz2QAuZ5bQc,459248640,0.45924864,65856
validator_history,HistoryJTGbKQD2mRgLZ3XhqHnN811Qpez8X9kCcGHoa,5iaqmUgsiFgRhAxY52WrtJzxmvohfcgqTZvt3DvbWa1C,459248640,0.45924864,65856
validator_history,HistoryJTGbKQD2mRgLZ3XhqHnN811Qpez8X9kCcGHoa,BVZ6PMmYjfKoVVB9wTadyCXZE3HUfTGJENmjLDcRV612,459348640,0.45934864,65856
validator_history,HistoryJTGbKQD2mRgLZ3XhqHnN811Qpez8X9kCcGHoa,DAfJf3UFxNEBFTwFWmP7nXQWP8Wdt5U7GAcA1ypUPtoV,459248640,0.45924864,65856
validator_history,HistoryJTGbKQD2mRgLZ3XhqHnN811Qpez8X9kCcGHoa,Dgw8hVrxXSujpskwG3NwdjygNyQZnhYnMR93XYUri9jn,459248640,0.45924864,65856
validator_history,HistoryJTGbKQD2mRgLZ3XhqHnN811Qpez8X9kCcGHoa,3BvRdaSexUfgXB869szX3Sg8LYi3chFmKh7USDm6KzGN,459248640,0.45924864,65856
validator_history,HistoryJTGbKQD2mRgLZ3XhqHnN811Qpez8X9kCcGHoa,6ztoMmjqKbnwTSamDctZjKPqcDtJ4WLM3BQPdaRUAuqh,459248640,0.45924864,65856
validator_history,HistoryJTGbKQD2mRgLZ3XhqHnN811Qpez8X9kCcGHoa,BB22976bkbxX4uCv7649RzQ9T7Ebi4Fn4PTQjgYNJRtY,459248640,0.45924864,65856
validator_history,HistoryJTGbKQD2mRgLZ3XhqHnN811Qpez8X9kCcGHoa,3BcL1pSWPtC1AQ8szfWFV2KAkekNF9MRXpkTu3MrXzDz,459248640,0.45924864,65856
validator_history,HistoryJTGbKQD2mRgLZ3XhqHnN811Qpez8X9kCcGHoa,8Akq4Q4em4aoSPEHCKvcJ7xLxADAmSLhvHFzP2ayVAy3,459248640,0.45924864,65856
validator_history,HistoryJTGbKQD2mRgLZ3XhqHnN811Qpez8X9kCcGHoa,9K2GrYucinufsmXrvDeKSbt7pLpq9MBSyX2KAKRsW2JY,459248640,0.45924864,65856
validator_history,HistoryJTGbKQD2mRgLZ3XhqHnN811Qpez8X9kCcGHoa,4seRUs7sSR7SAH8pKLBvEvNWwA3BWuVzTbTLn9XcUpCj,459248640,0.45924864,65856
validator_history,HistoryJTGbKQD2mRgLZ3XhqHnN811Qpez8X9kCcGHoa,GqKAcHw1ECoLXMJo8pV1VpNfckZgPhVqaUbKXF7yyyhY,459248640,0.45924864,65856
validator_history,HistoryJTGbKQD2mRgLZ3XhqHnN811Qpez8X9kCcGHoa,X52f7mFw3srCe7nhyZZrQ4aMRyqxXNcpcb41itGG6dp,459248640,0.45924864,65856
validator_history,HistoryJTGbKQD2mRgLZ3XhqHnN811Qpez8X9kCcGHoa,5ghnh7vZSehNmNJ9yrHBSBjFmtR85CpA5mBSARDiUNUd,459248640,0.45924864,65856
validator_history,HistoryJTGbKQD2mRgLZ3XhqHnN811Qpez8X9kCcGHoa,EGoBTnUdWmuMtP2qELNGuL43hdddFU2hQik3NcPm2eK2,459248640,0.45924864,65856
validator_history,HistoryJTGbKQD2mRgLZ3XhqHnN811Qpez8X9kCcGHoa,AZ9HwvdeN3kZjyp7J5kpCQbsd22ophkwbUsDzyr4grtC,459248640,0.45924864,65856
validator_history,HistoryJTGbKQD2mRgLZ3XhqHnN811Qpez8X9kCcGHoa,4cGWJhcJPgiCn5rJ2BQaxcWLQg5enuJ4eRyBU958qASd,459248640,0.45924864,65856
validator_history,HistoryJTGbKQD2mRgLZ3XhqHnN811Qpez8X9kCcGHoa,918p9aKEoTXzru39Wu63ck5PWNEG58aKZFeFCyysWU8A,459248640,0.45924864,65856
validator_history,HistoryJTGbKQD2mRgLZ3XhqHnN811Qpez8X9kCcGHoa,32wEVpQg3Sk6S4vvqzhTHtuZ7HT6CFdjqS6q6nosv267,459248640,0.45924864,65856
validator_history,HistoryJTGbKQD2mRgLZ3XhqHnN811Qpez8X9kCcGHoa,7K7sH8egnudhA9QJJGQV1GJL5CGy7xj38tcyJZs2AmMr,459248640,0.45924864,65856
validator_history,HistoryJTGbKQD2mRgLZ3XhqHnN811Qpez8X9kCcGHoa,GMiQgNR5oJQ3vDZe6zxagQRED1JZs8F25ubuT9ava5RH,459248640,0.45924864,65856
validator_history,HistoryJTGbKQD2mRgLZ3XhqHnN811Qpez8X9kCcGHoa,Gmw3MbwfQgJrkjweHhx918C3B4HY3Pup61sdcwkNQeKw,459248640,0.45924864,65856
validator_history,HistoryJTGbKQD2mRgLZ3XhqHnN811Qpez8X9kCcGHoa,JEFa5ixwqfCs5dMt688Fd5PLw1e8wdyEj8rKFSsn9gpL,459248640,0.45924864,65856
validator_history,HistoryJTGbKQD2mRgLZ3XhqHnN811Qpez8X9kCcGHoa,8CwEPg4y74mEzCzTXhczWq9MB3JNBaPdN4UPE1rptrEm,459248640,0.45924864,65856
validator_history,HistoryJTGbKQD2mRgLZ3XhqHnN811Qpez8X9kCcGHoa,BWHGqTwLtLoV8Ke2s4AdirsPW1tRGG9sFfnbCQBJTT88,459248640,0.45924864,65856
validator_history,HistoryJTGbKQD2mRgLZ3XhqHnN811Qpez8X9kCcGHoa,DdKqTMwZKKme2fNUM66LJ744DizzB2po83pggz8iNRsK,459248640,0.45924864,65856
validator_history,HistoryJTGbKQD2mRgLZ3XhqHnN811Qpez8X9kCcGHoa,9i5jcSCrUVQzuHQebPUs4x3MAaSZfciNCkB6gHv2J2KB,459248640,0.45924864,65856
validator_history,HistoryJTGbKQD2mRgLZ3XhqHnN811Qpez8X9kCcGHoa,7zf5M694o9Qpga1JPdmMkgknphFLVeD8tNZSpvh9g7mL,459248640,0.45924864,65856
validator_history,HistoryJTGbKQD2mRgLZ3XhqHnN811Qpez8X9kCcGHoa,34mKGV8VswmvYq9K8cQJnFPgHJEp4fatuii3Htj1U3ij,459248640,0.45924864,65856
validator_history,HistoryJTGbKQD2mRgLZ3XhqHnN811Qpez8X9kCcGHoa,2KkjWY39hWfiAXjTe3wtMnANVnACGDML4998hNTbNB7A,459248640,0.45924864,65856
validator_history,HistoryJTGbKQD2mRgLZ3XhqHnN811Qpez8X9kCcGHoa,G327kYJ5cD5FaQoYwCCcSbph18uM9L8p6BT9TgCsepcb,459248640,0.45924864,65856
validator_history,HistoryJTGbKQD2mRgLZ3XhqHnN811Qpez8X9kCcGHoa,EFgjqXKMjf1U3wMp2QL4vKynX6ZwBPnw2VArngmEAMqS,459248640,0.45924864,65856
validator_history,HistoryJTGbKQD2mRgLZ3XhqHnN811Qpez8X9kCcGHoa,CFEkueNQKr3ZCWvsSZM9rT2BchSKcJubiujsaAeBqJLs,459248640,0.45924864,65856
validator_history,HistoryJTGbKQD2mRgLZ3XhqHnN811Qpez8X9kCcGHoa,5eNf72ADqauPLRHNGSpUbA1ZePftb3wK1spxyEQpk9Qw,459248640,0.45924864,65856
validator_history,HistoryJTGbKQD2mRgLZ3XhqHnN811Qpez8X9kCcGHoa,Lxy7GTc2953pBTruUnUxMDNoHr2vQno6fxTbziAFsk2,459248640,0.45924864,65856
validator_history,HistoryJTGbKQD2mRgLZ3XhqHnN811Qpez8X9kCcGHoa,FyJmAVz4vYvdycUEd9webmy8VRLyHDz9YSZRVU2jyYCP,459248640,0.45924864,65856
validator_history,HistoryJTGbKQD2mRgLZ3XhqHnN811Qpez8X9kCcGHoa,JBbEA98YBKYmtSdSbLb3vN5a4699GvSHpYZzYiTddbkn,459248640,0.45924864,65856
validator_history,HistoryJTGbKQD2mRgLZ3XhqHnN811Qpez8X9kCcGHoa,5pRxxwWxpuhYF9gNM1JDdHCefYYEBgMhDZGedCwj5bdN,459248640,0.45924864,65856
validator_history,HistoryJTGbKQD2mRgLZ3XhqHnN811Qpez8X9kCcGHoa,CsnnceLbvDy7mdHBzLF23ogFgLgYWSzR4hin6afRf415,459248640,0.45924864,65856
validator_history,HistoryJTGbKQD2mRgLZ3XhqHnN811Qpez8X9kCcGHoa,GHhpG8yxmAfCP5ZVUWQMvL6EUdr2NEbrFSa5XfQUgVjb,459248640,0.45924864,65856
validator_history,HistoryJTGbKQD2mRgLZ3XhqHnN811Qpez8X9kCcGHoa,7cr7ZK6674AbdkKJK8bfs9zMpc3xxAMow6Cnr6ZvaFzw,459248640,0.45924864,65856
validator_history,HistoryJTGbKQD2mRgLZ3XhqHnN811Qpez8X9kCcGHoa,EGL7Qd96o2r5Jg9muFvx7nukS8Kwrn7n3ZPu3i8xL5y3,459248640,0.45924864,65856
validator_history,HistoryJTGbKQD2mRgLZ3XhqHnN811Qpez8X9kCcGHoa,Cpb4gmx52PVKwEMLCUAFLoqGSwPUNTFZm7oK7aUXAVqc,459248640,0.45924864,65856
validator_history,HistoryJTGbKQD2mRgLZ3XhqHnN811Qpez8X9kCcGHoa,Y6MBmBdNrJZkfraLcSeCdYyRZcHa9BxGdvxJZ3RTu2V,459248640,0.45924864,65856
validator_history,HistoryJTGbKQD2mRgLZ3XhqHnN811Qpez8X9kCcGHoa,BV9T1zh9Dvj2e8B3TE78wwqusr28YvuZ28DyueJqoriq,459248640,0.45924864,65856
validator_history,HistoryJTGbKQD2mRgLZ3XhqHnN811Qpez8X9kCcGHoa,EUv5F2WNosTxUqJwv2AUoJv3DK8Avs9xdS1woTeGWMKt,459248640,0.45924864,65856
validator_history,HistoryJTGbKQD2mRgLZ3XhqHnN811Qpez8X9kCcGHoa,Hmk7yDTTSuThTrS18Y2GRvwUudrMa76kppgCBeUxyNiV,459248640,0.45924864,65856
validator_history,HistoryJTGbKQD2mRgLZ3XhqHnN811Qpez8X9kCcGHoa,AsUgTcdtbQYwWmwcNSwSyaJmS9ef8zAqmKbLoEuJw3wX,459248640,0.45924864,65856
validator_history,HistoryJTGbKQD2mRgLZ3XhqHnN811Qpez8X9kCcGHoa,Fc9NWMnRqhDh94sdWqdi2c6RMG9iPDENmVvtUBmom6dC,459248640,0.45924864,65856
validator_history,HistoryJTGbKQD2mRgLZ3XhqHnN811Qpez8X9kCcGHoa,3Xy5vyQbax29sszrxk2kMxUcnDjApZfHZ5PnE6g6yekN,459248640,0.45924864,65856
validator_history,HistoryJTGbKQD2mRgLZ3XhqHnN811Qpez8X9kCcGHoa,C7FHyFPVV2fWEcw8GAZLiqMmu8coSwZCPXQtMNYwJcgB,459248640,0.45924864,65856
validator_history,HistoryJTGbKQD2mRgLZ3XhqHnN811Qpez8X9kCcGHoa,A6JpDtHw9KBwrbEP1gnPRkYcen7gTvhHduuGLGa535pd,459248640,0.45924864,65856
validator_history,HistoryJTGbKQD2mRgLZ3XhqHnN811Qpez8X9kCcGHoa,Dej7gV5yxdbWiXPWW191CHfJB98PqwWB85nyJFqJRFGD,459248640,0.45924864,65856
validator_history,HistoryJTGbKQD2mRgLZ3XhqHnN811Qpez8X9kCcGHoa,E83NhtPew4o52dFYHTZRe6mauUV5cbGJvar3fDCnTWSa,459248640,0.45924864,65856
validator_history,HistoryJTGbKQD2mRgLZ3XhqHnN811Qpez8X9kCcGHoa,7z5TAfnU1vuLw3PsWTWbre36HCvFiE239bRL5hsUZb1u,459248640,0.45924864,65856
validator_history,HistoryJTGbKQD2mRgLZ3XhqHnN811Qpez8X9kCcGHoa,J11jyV21DCwqxNrwrCsk4JbuEz3fe9Uzr9dNHq29yFjD,459248640,0.45924864,65856
validator_history,HistoryJTGbKQD2mRgLZ3XhqHnN811Qpez8X9kCcGHoa,5yFmgdC7LGtpH2ATo7w1REqX31dp9vKKA7cRow64u5Gr,459248640,0.45924864,65856
validator_history,HistoryJTGbKQD2mRgLZ3XhqHnN811Qpez8X9kCcGHoa,Eduxrckd6cYi8skGGj9ojakFYFhJuVmNYRaUxU7WSQeQ,459248640,0.45924864,65856
validator_history,HistoryJTGbKQD2mRgLZ3XhqHnN811Qpez8X9kCcGHoa,5JudSvbP3XHQgZf9X9aws6SzRX7MZtCwxtec5qzTyG5Z,459248640,0.45924864,65856
validator_history,HistoryJTGbKQD2mRgLZ3XhqHnN811Qpez8X9kCcGHoa,4hUBvZFjmyaLDkKNdGemB3dsAkjPsZzZWjFDovF1fvh6,459248640,0.45924864,65856
validator_history,HistoryJTGbKQD2mRgLZ3XhqHnN811Qpez8X9kCcGHoa,8kCbAVwnbPq182uPE1tkCqgwGwZst81a4NPArVjPpdkV,459248640,0.45924864,65856
validator_history,HistoryJTGbKQD2mRgLZ3XhqHnN811Qpez8X9kCcGHoa,ExwmXYuNsKQaiNmkGS3ain4DmLAbYXtPVfxatEpkyZG7,459248640,0.45924864,65856
validator_history,HistoryJTGbKQD2mRgLZ3XhqHnN811Qpez8X9kCcGHoa,BAA5HqkpoLjeDQpj7C39aod2sbJF3sC6KAbCpz47Pk2B,459248640,0.45924864,65856
validator_history,HistoryJTGbKQD2mRgLZ3XhqHnN811Qpez8X9kCcGHoa,E1ue8aDutLMe5vRJGFBV76fvExduT9ueapjPh6KWzNbe,459248640,0.45924864,65856
validator_history,HistoryJTGbKQD2mRgLZ3XhqHnN811Qpez8X9kCcGHoa,7MmSkz58my4nSspYu9ZHdBwu2DPMVe1YzPztXZUwWEdJ,459248640,0.45924864,65856
validator_history,HistoryJTGbKQD2mRgLZ3XhqHnN811Qpez8X9kCcGHoa,4Qjku9sLFZqtvRR1oFAibNbXYGXjinDTtYmZUj7qPyzb,459248640,0.45924864,65856
validator_history,HistoryJTGbKQD2mRgLZ3XhqHnN811Qpez8X9kCcGHoa,JAjfhPQyodKT88QaoDJati6g4HAHXmvt4ZoCVFu5TfHu,459248640,0.45924864,65856
validator_history,HistoryJTGbKQD2mRgLZ3XhqHnN811Qpez8X9kCcGHoa,CZPD2nHgPvyNDGK8rAfhnaxTBost3Ek5imfdE4tiWThR,459248640,0.45924864,65856
validator_history,HistoryJTGbKQD2mRgLZ3XhqHnN811Qpez8X9kCcGHoa,H6G4bL8ArKpB4JonWbPTkd1UYf9dbyQTpGRWbNhPDQeb,459248640,0.45924864,65856
validator_history,HistoryJTGbKQD2mRgLZ3XhqHnN811Qpez8X9kCcGHoa,Gn1LF3kuctYV9r6JWz8v6vaGehJistak12wL5x94UVHe,459248640,0.45924864,65856
validator_history,HistoryJTGbKQD2mRgLZ3XhqHnN811Qpez8X9kCcGHoa,FTvjQWHTFgxwf8Jgjd92dV5Z2y5bX1aQTyzcYXZVi7Nw,459248640,0.45924864,65856
validator_history,HistoryJTGbKQD2mRgLZ3XhqHnN811Qpez8X9kCcGHoa,Dye9CRxGxYFXthcpkTitVbdRHJLbKZXZfcUwGKSsrYws,459248640,0.45924864,65856
validator_history,HistoryJTGbKQD2mRgLZ3XhqHnN811Qpez8X9kCcGHoa,3tnRWZoGDMLR3mspCnLSXVpyUrQwYHup6fPCeUdhFj9E,459248640,0.45924864,65856
validator_history,HistoryJTGbKQD2mRgLZ3XhqHnN811Qpez8X9kCcGHoa,2XXmJMf7R51jjJx1ZQzWSe6wkq8QjuzPcwSS3Kt946tP,459248640,0.45924864,65856
validator_history,HistoryJTGbKQD2mRgLZ3XhqHnN811Qpez8X9kCcGHoa,79abdB8GCXMLLkZqQRXCQ7xTKyhVf293eLHi1fkcEzaW,459248640,0.45924864,65856
validator_history,HistoryJTGbKQD2mRgLZ3XhqHnN811Qpez8X9kCcGHoa,HbPiGm6SaZJxtusFvywqtFK6Egs2wRc8p9JJPQBzJYTp,459248640,0.45924864,65856
validator_history,HistoryJTGbKQD2mRgLZ3XhqHnN811Qpez8X9kCcGHoa,4zxZc3b8hRC8x4eCLg1xqdCFha55TBDK57jXsF4iMYLk,459248640,0.45924864,65856
validator_history,HistoryJTGbKQD2mRgLZ3XhqHnN811Qpez8X9kCcGHoa,Gdky3yqhqikPKq9o7utPGJWQVtLLkkAvViKvhgpPDa8W,459248640,0.45924864,65856
validator_history,HistoryJTGbKQD2mRgLZ3XhqHnN811Qpez8X9kCcGHoa,6A1ro883hUKBLFEaxnnfKZsTFLWPCRpdKhp53y3mFtba,459248640,0.45924864,65856
validator_history,HistoryJTGbKQD2mRgLZ3XhqHnN811Qpez8X9kCcGHoa,BJ52hmmpLt1JkjbVoARrBMzS8iG1F5AsyZ7pucv7mjog,459248640,0.45924864,65856
validator_history,HistoryJTGbKQD2mRgLZ3XhqHnN811Qpez8X9kCcGHoa,8VgNgeQkG9YomUomaqxrozF6VtAqWoqkPc7NvyEGjdBQ,459248640,0.45924864,65856
validator_history,HistoryJTGbKQD2mRgLZ3XhqHnN811Qpez8X9kCcGHoa,8qcKqydLRVMfr8oWsXcFz4qg5XP79W1yaxCmH17oPUdL,459248640,0.45924864,65856
validator_history,HistoryJTGbKQD2mRgLZ3XhqHnN811Qpez8X9kCcGHoa,8HJpkdZD2Zkj4mxxwumPonPYRbBUwjzJw2oDEAryEJTx,459248640,0.45924864,65856
validator_history,HistoryJTGbKQD2mRgLZ3XhqHnN811Qpez8X9kCcGHoa,3BgJCNFWvAVqP3Tt7yQ4r1ALxifqc1RjPNtysgr27qMv,459248640,0.45924864,65856
validator_history,HistoryJTGbKQD2mRgLZ3XhqHnN811Qpez8X9kCcGHoa,6X3vgUWyEcr6i1GaaMcGTwPKYp3XXD3vmCNy4G7gT5ZV,459248640,0.45924864,65856
validator_history,HistoryJTGbKQD2mRgLZ3XhqHnN811Qpez8X9kCcGHoa,BzwknZ1epUofhw85zkEv48LcRhyedUBDCkC2kyKwwXm6,459248640,0.45924864,65856
validator_history,HistoryJTGbKQD2mRgLZ3XhqHnN811Qpez8X9kCcGHoa,6u5QEPE5KSH55oYHDBch6Gp9WnZQ6wPofjkDs67uHHiP,459248640,0.45924864,65856
validator_history,HistoryJTGbKQD2mRgLZ3XhqHnN811Qpez8X9kCcGHoa,4RAKjoZDX9eV3nhtByoUJP7TSgx6SUqojBuP1Sc4S29b,459248640,0.45924864,65856
validator_history,HistoryJTGbKQD2mRgLZ3XhqHnN811Qpez8X9kCcGHoa,3pndAp29f1BW6pcG8mrKLNHp9xBs9TWQDu95NNTvKb84,459248640,0.45924864,65856
validator_history,HistoryJTGbKQD2mRgLZ3XhqHnN811Qpez8X9kCcGHoa,H1dVJHxHzeJPvk1i5Rdia9eAWZoow64cPKDp5S17yqxX,459248640,0.45924864,65856
validator_history,HistoryJTGbKQD2mRgLZ3XhqHnN811Qpez8X9kCcGHoa,EtZy8DXaqPrER3krpuczRTR8PjQjCE9vNboxVFQ9kke4,459248640,0.45924864,65856
validator_history,HistoryJTGbKQD2mRgLZ3XhqHnN811Qpez8X9kCcGHoa,DjCKLeywRL4qTqv4YyDfrved5vCtXQLZEns9mDy4FfeN,459248640,0.45924864,65856
validator_history,HistoryJTGbKQD2mRgLZ3XhqHnN811Qpez8X9kCcGHoa,DZC54GrGeP8r6P8AQqj3aQb9sUXPpxKNVJP3jTh9t8kS,459248640,0.45924864,65856
validator_history,HistoryJTGbKQD2mRgLZ3XhqHnN811Qpez8X9kCcGHoa,HYjBj6Gn2yFc8pHcQurFzZbiYdamVa8b6sXEFVSvVLV2,459248640,0.45924864,65856
validator_history,HistoryJTGbKQD2mRgLZ3XhqHnN811Qpez8X9kCcGHoa,CJ5p6G5eg5xWJWHwNDozU2PFNEMLdS5AzQGSvGZmpfAp,459248640,0.45924864,65856
validator_history,HistoryJTGbKQD2mRgLZ3XhqHnN811Qpez8X9kCcGHoa,iBnQJCwJJN7EP9izeKmi1QKBy1zLsd5xsXoFJ2TVFz6,459248640,0.45924864,65856
validator_history,HistoryJTGbKQD2mRgLZ3XhqHnN811Qpez8X9kCcGHoa,CXuYNhQKnR1R8ST3G6NAkYb9474K2nQW1RmLRLJ2dNmL,459248640,0.45924864,65856
validator_history,HistoryJTGbKQD2mRgLZ3XhqHnN811Qpez8X9kCcGHoa,7uxqZqZLbt228hDWeA83vwFziaAAA3NsUYxPfy2mm5NM,459248640,0.45924864,65856
validator_history,HistoryJTGbKQD2mRgLZ3XhqHnN811Qpez8X9kCcGHoa,8Geasyr3vKPkmLB827FLaQWYEAsyfqV9GJY54GNFeVi5,459248640,0.45924864,65856
validator_history,HistoryJTGbKQD2mRgLZ3XhqHnN811Qpez8X9kCcGHoa,GiRASrrdZRQ1xNc3tLEduSRZR2a5pvRXoNG8DSocBe7K,459248640,0.45924864,65856
validator_history,HistoryJTGbKQD2mRgLZ3XhqHnN811Qpez8X9kCcGHoa,8C1MnkjPLkQSUxtdMTsuw3Jsky35cnxkhAj8Tgu3BRux,459248640,0.45924864,65856
validator_history,HistoryJTGbKQD2mRgLZ3XhqHnN811Qpez8X9kCcGHoa,EyGJBm55K9NE2vH27eEUyXGgAn6XU5e8h1Bgvuak7esN,459248640,0.45924864,65856
validator_history,HistoryJTGbKQD2mRgLZ3XhqHnN811Qpez8X9kCcGHoa,H66Mg8Q5uAHdhDbruqERcAWYWSjuMLk1sw8q3QGdEwdQ,459248640,0.45924864,65856
validator_history,HistoryJTGbKQD2mRgLZ3XhqHnN811Qpez8X9kCcGHoa,5fiShJwBCsuhiyhwpH7BWhYArtUs5JmydaEaLNG7GqQh,459248640,0.45924864,65856
validator_history,HistoryJTGbKQD2mRgLZ3XhqHnN811Qpez8X9kCcGHoa,3keeKM1ZTe1uZFYshE7mu8hxejy1q4tSb9HoD4PqmEhV,459248640,0.45924864,65856
validator_history,HistoryJTGbKQD2mRgLZ3XhqHnN811Qpez8X9kCcGHoa,FAh2W3CGpjQJHaXCYkTxXchDbvxM7hk8nf3RxuXg9SFm,459248640,0.45924864,65856
validator_history,HistoryJTGbKQD2mRgLZ3XhqHnN811Qpez8X9kCcGHoa,71XPUxPSsNqU1SP7ZJ6JnWRK9cHNib7rmHYqvEw413nP,459248640,0.45924864,65856
validator_history,HistoryJTGbKQD2mRgLZ3XhqHnN811Qpez8X9kCcGHoa,DRGsTBwbHKNABC2kQTLnzNwbk3z68C6UssMKEdMSP3DU,459248640,0.45924864,65856
validator_history,HistoryJTGbKQD2mRgLZ3XhqHnN811Qpez8X9kCcGHoa,EfGi8XCP5sh8aohXjWBABSchFdJJnPiGUMBKmAM3Hk1M,459248640,0.45924864,65856
validator_history,HistoryJTGbKQD2mRgLZ3XhqHnN811Qpez8X9kCcGHoa,B5W4xT93LAbMYamAMEoCvjjTMDB3A1ePXTw8yoj4TTaL,459248640,0.45924864,65856
validator_history,HistoryJTGbKQD2mRgLZ3XhqHnN811Qpez8X9kCcGHoa,D6K6XgHjksPNFrT8yL1DM6kNEU5kUmGhmNr6rC4hWKjx,459248640,0.45924864,65856
validator_history,HistoryJTGbKQD2mRgLZ3XhqHnN811Qpez8X9kCcGHoa,ADpmC54DPNZxCzN4Pof2pF8RUF15B5awmDB4gZ6pXZMx,459248640,0.45924864,65856
validator_history,HistoryJTGbKQD2mRgLZ3XhqHnN811Qpez8X9kCcGHoa,46QFXaS7gUKeEgr1UP1rgYdS8PRPfMTt35iiv4YfaEM9,459248640,0.45924864,65856
validator_history,HistoryJTGbKQD2mRgLZ3XhqHnN811Qpez8X9kCcGHoa,EDaoun4szPGHbxLQB64ydwLhDBfnUBRX4YuibUGW2UnY,459248640,0.45924864,65856
validator_history,HistoryJTGbKQD2mRgLZ3XhqHnN811Qpez8X9kCcGHoa,AJdiKjpdrGxy5EuqCtXyyouai9yDVwVS5wSjZq83H8nP,459248640,0.45924864,65856
validator_history,HistoryJTGbKQD2mRgLZ3XhqHnN811Qpez8X9kCcGHoa,AawmERbUhgDNDc9JyxgWVqV6T8ngxbWrYYo3ufgGnNER,459248640,0.45924864,65856
validator_history,HistoryJTGbKQD2mRgLZ3XhqHnN811Qpez8X9kCcGHoa,EEGphjWQ43XVuqmWrQXqCnygCjFoqEhVLWUf6TFM8iRy,459248640,0.45924864,65856
validator_history,HistoryJTGbKQD2mRgLZ3XhqHnN811Qpez8X9kCcGHoa,BZSYFbcpvdkpnGAZQsVSfa4yDquhjw3TWbKKv4PGPBPh,459248640,0.45924864,65856
validator_history,HistoryJTGbKQD2mRgLZ3XhqHnN811Qpez8X9kCcGHoa,7ixbnMRAo2nLmzxADTYopQReuVbnsuhBL9WzCEA6WRgj,459248640,0.45924864,65856
validator_history,HistoryJTGbKQD2mRgLZ3XhqHnN811Qpez8X9kCcGHoa,7VDxp6TjUsM2bcvSdEBAVXUsU3KV393crf6Q1vHjgEDD,459248640,0.45924864,65856
validator_history,HistoryJTGbKQD2mRgLZ3XhqHnN811Qpez8X9kCcGHoa,ETBprCDTuV8mCLbt1kZjU1TRPr3HL4zi7vu7t18GJDu9,459248640,0.45924864,65856
validator_history,HistoryJTGbKQD2mRgLZ3XhqHnN811Qpez8X9kCcGHoa,ErrX22YsUDhQuXuZWV24d1YCcJnKcBFRSqb4yzovv2Pz,459248640,0.45924864,65856
validator_history,HistoryJTGbKQD2mRgLZ3XhqHnN811Qpez8X9kCcGHoa,HGJyFbxvWQwvjSp3YYrpBs9AwPRFgrBj8JHZN1pGrxq2,459248640,0.45924864,65856
validator_history,HistoryJTGbKQD2mRgLZ3XhqHnN811Qpez8X9kCcGHoa,2arXVueTzEkXfViNKXYweYRaZUpjA7cytHU5TLdMXxGy,459248640,0.45924864,65856
validator_history,HistoryJTGbKQD2mRgLZ3XhqHnN811Qpez8X9kCcGHoa,JCcsGATHfdEsMjiGbcdoskzXe8XFgQ13usQ3A6p8Q2sK,459248640,0.45924864,65856
validator_history,HistoryJTGbKQD2mRgLZ3XhqHnN811Qpez8X9kCcGHoa,7jn7zfCbTEEyTQLWPpMhF6m5piDEjirvBJCm1yq5niLo,459248640,0.45924864,65856
validator_history,HistoryJTGbKQD2mRgLZ3XhqHnN811Qpez8X9kCcGHoa,2WZ6eEWmiqtAwCEnbfvktZUjb7qaNUZ6YD5WvTTEGjU4,459248640,0.45924864,65856
validator_history,HistoryJTGbKQD2mRgLZ3XhqHnN811Qpez8X9kCcGHoa,6UQ3mbFz25NKmx93JfRHR3Ve9cq9f2d5hFg9vKq3Hgny,459248640,0.45924864,65856
validator_history,HistoryJTGbKQD2mRgLZ3XhqHnN811Qpez8X9kCcGHoa,DnMEgK95eemESWTRrSXAF6qm6xcUD1YhBLspcVV7dsTo,459248640,0.45924864,65856
validator_history,HistoryJTGbKQD2mRgLZ3XhqHnN811Qpez8X9kCcGHoa,5J4vMN3AhP4TUhD2fzEnq57igFm1M8K2gXcbEp6zYEEA,459248640,0.45924864,65856
validator_history,HistoryJTGbKQD2mRgLZ3XhqHnN811Qpez8X9kCcGHoa,J51oDwD1wPsN9fcy1ozTgXCdQKVF9bb22gQVPM9hoz1f,459248640,0.45924864,65856
validator_history,HistoryJTGbKQD2mRgLZ3XhqHnN811Qpez8X9kCcGHoa,FLK23k47Q88ATy4XLoyRBeS8gCkQpSCuZHhanwvyjrxi,459248640,0.45924864,65856
validator_history,HistoryJTGbKQD2mRgLZ3XhqHnN811Qpez8X9kCcGHoa,Cb6gxXVjAxwUY5eeE5dj359PBhB2M38i1e2FroPGsmgq,459248640,0.45924864,65856
validator_history,HistoryJTGbKQD2mRgLZ3XhqHnN811Qpez8X9kCcGHoa,8LQzj71tUf6KAmESxhGDBX6arV9cPwc2zf5NCZMyHHAY,459248640,0.45924864,65856
validator_history,HistoryJTGbKQD2mRgLZ3XhqHnN811Qpez8X9kCcGHoa,2dyaKfVf8nEPzij3fi6uTFrJ6kLpq4S7CagvyWhnV1wx,459248640,0.45924864,65856
validator_history,HistoryJTGbKQD2mRgLZ3XhqHnN811Qpez8X9kCcGHoa,5WvHUcPHnfWkhMN2XudwEdJtNRbU6wLXnVC2FkknpXtW,459248640,0.45924864,65856
validator_history,HistoryJTGbKQD2mRgLZ3XhqHnN811Qpez8X9kCcGHoa,d9TE2MW6DZLKrTPynDeuB7fHNgTvzNzad7TnNY3todV,459248640,0.45924864,65856
validator_history,HistoryJTGbKQD2mRgLZ3XhqHnN811Qpez8X9kCcGHoa,2uCck42EKFENn8ucWU3kT8DW2efe39dvLsuVPe1avXz9,459248640,0.45924864,65856
validator_history,HistoryJTGbKQD2mRgLZ3XhqHnN811Qpez8X9kCcGHoa,GHdwKWnNXtFdtFmnmWFb1akeFKpKfKPUVKw8ooFptK5V,459248640,0.45924864,65856
validator_history,HistoryJTGbKQD2mRgLZ3XhqHnN811Qpez8X9kCcGHoa,DTXpWYJ9UJDyUGU9ZoVNme3XpDQy437zZV39MB8W6rg8,459248640,0.45924864,65856
validator_history,HistoryJTGbKQD2mRgLZ3XhqHnN811Qpez8X9kCcGHoa,7zEDW15mSS1a1DCGbsJiDFhJ4rTmpmCzPVwd13vXh9BD,459248640,0.45924864,65856
validator_history,HistoryJTGbKQD2mRgLZ3XhqHnN811Qpez8X9kCcGHoa,DSTcAfg8roo6JGkM1ff8GhgpJDw3vmQvmerHvaiSs4PC,459248640,0.45924864,65856
validator_history,HistoryJTGbKQD2mRgLZ3XhqHnN811Qpez8X9kCcGHoa,ExnzcvWToQD94XWar71zqFzvVVDuEDTJRAq7EaojCFCW,459248640,0.45924864,65856
validator_history,HistoryJTGbKQD2mRgLZ3XhqHnN811Qpez8X9kCcGHoa,2KgiP9ft6jh46UFzZM9bnh9pca5YPd1pmtxxCeTKFQ1M,459248640,0.45924864,65856
validator_history,HistoryJTGbKQD2mRgLZ3XhqHnN811Qpez8X9kCcGHoa,542reTs762LPcLaCwa4Zfq4KcN3p5vteDi7MDuUJcViH,459248640,0.45924864,65856
validator_history,HistoryJTGbKQD2mRgLZ3XhqHnN811Qpez8X9kCcGHoa,bTe2f1J8xF8sxh67Zr6aGz1gGJM8JTendCvkgtoSoGs,459248640,0.45924864,65856
validator_history,HistoryJTGbKQD2mRgLZ3XhqHnN811Qpez8X9kCcGHoa,CNcfCVY8EXPtuNu3XaZxBc8Hb22YZuKpb54T3bjoC4kf,459248640,0.45924864,65856
validator_history,HistoryJTGbKQD2mRgLZ3XhqHnN811Qpez8X9kCcGHoa,Atgv2Sf32qDUG9UxFcQrBtqfUrapnH3ujUER2zaLR8jD,459248640,0.45924864,65856
validator_history,HistoryJTGbKQD2mRgLZ3XhqHnN811Qpez8X9kCcGHoa,CL5tAhjcdLhGhf6cMYtrqVRwVAFUiyZKY5CpHfUs1tsZ,459248640,0.45924864,65856
validator_history,HistoryJTGbKQD2mRgLZ3XhqHnN811Qpez8X9kCcGHoa,HUQ9gtZCxkL6Pxn2qHQv4a85JnmyNX1nVHa1Dqvu5RC,459248640,0.45924864,65856
validator_history,HistoryJTGbKQD2mRgLZ3XhqHnN811Qpez8X9kCcGHoa,6ECbG6tqgtZ6W3cbs1j1boppgvLgd7KxfFTfQVJ8WfQM,459248640,0.45924864,65856
validator_history,HistoryJTGbKQD2mRgLZ3XhqHnN811Qpez8X9kCcGHoa,3VuZx7V56TiB9WwhjWfe35yFDwsAFZSAjgpjWA1YQe8R,459248640,0.45924864,65856
validator_history,HistoryJTGbKQD2mRgLZ3XhqHnN811Qpez8X9kCcGHoa,4VVMyfTm9jxRHnSZa4oRkHP6BUrkDHBB9gsRPmccEvCM,459248640,0.45924864,65856
validator_history,HistoryJTGbKQD2mRgLZ3XhqHnN811Qpez8X9kCcGHoa,5EW7U9Sjq8CLDaiJXF4ydE3ddGoXykPwuJPZZW3EdLm3,459248640,0.45924864,65856
validator_history,HistoryJTGbKQD2mRgLZ3XhqHnN811Qpez8X9kCcGHoa,8E5rJjgVg4VdUs2dVibVSYmpBWLEjNoJWZpyUpuTLVJs,459248640,0.45924864,65856
validator_history,HistoryJTGbKQD2mRgLZ3XhqHnN811Qpez8X9kCcGHoa,7SB9DNa9MRBYPudEyFGysHnGs5UshQy89sUTgHA1ygrY,459248640,0.45924864,65856
validator_history,HistoryJTGbKQD2mRgLZ3XhqHnN811Qpez8X9kCcGHoa,HKScLa4WKbi8n9DCKPLc7rbrmSdaQSE134rTSBKXnyu8,459248640,0.45924864,65856
validator_history,HistoryJTGbKQD2mRgLZ3XhqHnN811Qpez8X9kCcGHoa,9vJKFxWnuc7Z9aWmefWxKYsyyNWqehJTUhdxvPbnNA1E,459248640,0.45924864,65856
validator_history,HistoryJTGbKQD2mRgLZ3XhqHnN811Qpez8X9kCcGHoa,GxuDtLVyAJpxQkf2AuxBhMQv2KtA3P8tbGMfWURgHvJs,459248640,0.45924864,65856
validator_history,HistoryJTGbKQD2mRgLZ3XhqHnN811Qpez8X9kCcGHoa,42KmApcAsVr8WzGydBUNxaqmGZisqDrtTUqAod6f2Y9p,459248640,0.45924864,65856
validator_history,HistoryJTGbKQD2mRgLZ3XhqHnN811Qpez8X9kCcGHoa,DprcHkNg25ZevGhpTRkHwEmwdb6awN73EPhNxsznuMCj,459248640,0.45924864,65856
validator_history,HistoryJTGbKQD2mRgLZ3XhqHnN811Qpez8X9kCcGHoa,22HnETUMQfZnq2Zjpz4W4G4BWmWB2mMxhocZ7s7FGR1w,459248640,0.45924864,65856
validator_history,HistoryJTGbKQD2mRgLZ3XhqHnN811Qpez8X9kCcGHoa,HfTdHzKEShKRkaYZaWteu8jYqm5mDCvgovRSgHsLjuHT,459248640,0.45924864,65856
validator_history,HistoryJTGbKQD2mRgLZ3XhqHnN811Qpez8X9kCcGHoa,F9RhFUf1gkBy7L9bzGgRczN7PB8aCfF8Twss1necdktK,459248640,0.45924864,65856
validator_history,HistoryJTGbKQD2mRgLZ3XhqHnN811Qpez8X9kCcGHoa,6AXhTnwdqTGYaZ51bgkhrnay3kf1evaEPCbUftqrLEe4,459248640,0.45924864,65856
validator_history,HistoryJTGbKQD2mRgLZ3XhqHnN811Qpez8X9kCcGHoa,72gTcEb6jFE7t69kbZXdd7v1SnUUphysbHVypQB8jXx1,459248640,0.45924864,65856
validator_history,HistoryJTGbKQD2mRgLZ3XhqHnN811Qpez8X9kCcGHoa,J7UfUyaR8HGaTFEoxhwKJffWb3Mx4eUGpX3WkhUC3Ewe,459248640,0.45924864,65856
validator_history,HistoryJTGbKQD2mRgLZ3XhqHnN811Qpez8X9kCcGHoa,F7K1wZVZAAstyNBsVxSQcstdRPAdzutUtrE4wdMJkCbo,459248640,0.45924864,65856
validator_history,HistoryJTGbKQD2mRgLZ3XhqHnN811Qpez8X9kCcGHoa,AMvDqUBT2aGT2magzcjZjuEAAo3qpy9BNHY1djKQ5CjF,459248640,0.45924864,65856
validator_history,HistoryJTGbKQD2mRgLZ3XhqHnN811Qpez8X9kCcGHoa,BtNyppwzQdKqwkNbGRw1gsQ3bhY1k2Q6JWDXrBUegVgJ,459248640,0.45924864,65856
validator_history,HistoryJTGbKQD2mRgLZ3XhqHnN811Qpez8X9kCcGHoa,2b6xhooNiHMsuXfiHDHWdeCLmmkdPrTeju9gdpfnEH4t,459248640,0.45924864,65856
validator_history,HistoryJTGbKQD2mRgLZ3XhqHnN811Qpez8X9kCcGHoa,J8G9uUJVCdYwEGcXhdMLp83oe32vT1egcEUu4MYTt2dN,459248640,0.45924864,65856
validator_history,HistoryJTGbKQD2mRgLZ3XhqHnN811Qpez8X9kCcGHoa,Dn3aoigi2gHoE1L7FrxaNx483MGC8KRypYP6GmUacNu8,459248640,0.45924864,65856
validator_history,HistoryJTGbKQD2mRgLZ3XhqHnN811Qpez8X9kCcGHoa,VmVQrW7Jj5Jb4SnBi2S1nfZNuMtHKeyyyqPWFG9L6PG,459248640,0.45924864,65856
validator_history,HistoryJTGbKQD2mRgLZ3XhqHnN811Qpez8X9kCcGHoa,GCcskVzrTdWZB4do61GN3mENfVoudEkNqnaNQMPv7jnm,459248640,0.45924864,65856
validator_history,HistoryJTGbKQD2mRgLZ3XhqHnN811Qpez8X9kCcGHoa,BDYveG9muyDmgchncC17XJ6p1psHrcAzU3xYD8LWgicH,459248640,0.45924864,65856
validator_history,HistoryJTGbKQD2mRgLZ3XhqHnN811Qpez8X9kCcGHoa,8HYFvQ8aU8pyxxLsQvw9SB8yGmj7re9rwRNFAEcwJSwT,459248640,0.45924864,65856
validator_history,HistoryJTGbKQD2mRgLZ3XhqHnN811Qpez8X9kCcGHoa,2vNkw5xUMYhTL5FBDksenfyqUMMUiSBfJMFxjbEKacbq,459248640,0.45924864,65856
validator_history,HistoryJTGbKQD2mRgLZ3XhqHnN811Qpez8X9kCcGHoa,Dp4i7p1a6BLFJsHmqM5HqxgyjQCkNDWKuN8rEWagX53E,459248640,0.45924864,65856
validator_history,HistoryJTGbKQD2mRgLZ3XhqHnN811Qpez8X9kCcGHoa,7CqZ227p7qbqKVGEFPXYnjAdSR1qP8ZMDY2awRyAm8Tz,459248640,0.45924864,65856
validator_history,HistoryJTGbKQD2mRgLZ3XhqHnN811Qpez8X9kCcGHoa,Ho4JmrsnzWihRpHehs8VSB1rhRb9dwFQkdKpk4cZvnA2,459248640,0.45924864,65856
validator_history,HistoryJTGbKQD2mRgLZ3XhqHnN811Qpez8X9kCcGHoa,AqUEd6LUPS9dTVXNU1ASJY9YCkPx4s6BM4iDScfVurz2,459248640,0.45924864,65856
validator_history,HistoryJTGbKQD2mRgLZ3XhqHnN811Qpez8X9kCcGHoa,J8uDvMV84DyGeCBx9kHG2UvwAcgnFuGxkzXcWoaa5TTi,459248640,0.45924864,65856
validator_history,HistoryJTGbKQD2mRgLZ3XhqHnN811Qpez8X9kCcGHoa,7DGZnVhKPsoWC9KqaX9DqmFhx1fhqXthYmGL1JBWsBa5,459248640,0.45924864,65856
validator_history,HistoryJTGbKQD2mRgLZ3XhqHnN811Qpez8X9kCcGHoa,DJaNkMp5kSSEBs3zn7FTMYh9Ey9gGDcyGzQPvDwuJpeR,459248640,0.45924864,65856
validator_history,HistoryJTGbKQD2mRgLZ3XhqHnN811Qpez8X9kCcGHoa,G1aqvfNwwFQBPJciqZS1qK9UmaWcLQcMoq3MYKec6WXR,459248640,0.45924864,65856
validator_history,HistoryJTGbKQD2mRgLZ3XhqHnN811Qpez8X9kCcGHoa,FZ1ZkY6uk1HKhc38sHEdrxxBZVuguJpnHgRXGn1VEg8a,459248640,0.45924864,65856
validator_history,HistoryJTGbKQD2mRgLZ3XhqHnN811Qpez8X9kCcGHoa,EgWh3hPHEiaGMDSHseEuMDLsP8Geh1TJSyTw9J33hWbB,459248640,0.45924864,65856
validator_history,HistoryJTGbKQD2mRgLZ3XhqHnN811Qpez8X9kCcGHoa,FbVMhwmmbFJSkoJT7BQocSEryRpKv74kxDM7t81fnV9w,459248640,0.45924864,65856
validator_history,HistoryJTGbKQD2mRgLZ3XhqHnN811Qpez8X9kCcGHoa,WFhfxoF6RoWYt7BLT74Wco8qCEtBAPunZm7hnvY1BTP,459248640,0.45924864,65856
validator_history,HistoryJTGbKQD2mRgLZ3XhqHnN811Qpez8X9kCcGHoa,FrRPBVj6UmnxaNpoduY67Qouz6RstbA8DeLZjbxaT6V4,459248640,0.45924864,65856
validator_history,HistoryJTGbKQD2mRgLZ3XhqHnN811Qpez8X9kCcGHoa,6EZQnFxdpau2eHy6eCeCvncTUJqnM3DMTHyxxY2eEYkd,459248640,0.45924864,65856
validator_history,HistoryJTGbKQD2mRgLZ3XhqHnN811Qpez8X9kCcGHoa,2TjPrevtL149JVRzAbQGwNgFAQEapX1QMTS6e4rYm82A,459248640,0.45924864,65856
validator_history,HistoryJTGbKQD2mRgLZ3XhqHnN811Qpez8X9kCcGHoa,FrQoii4PsVPRfVF2DBghyZm62fQ7kw46yjSt5xzJ7mzT,459248640,0.45924864,65856
validator_history,HistoryJTGbKQD2mRgLZ3XhqHnN811Qpez8X9kCcGHoa,BvbWCpzDC5eaWKp841ZqRjZ7ofWDwyCbSFdBM6FaUfj2,459248640,0.45924864,65856
validator_history,HistoryJTGbKQD2mRgLZ3XhqHnN811Qpez8X9kCcGHoa,6V64H7NECXmmzVhJsXj8j1xmuGXCp85YfXDQiByYoxYL,459248640,0.45924864,65856
validator_history,HistoryJTGbKQD2mRgLZ3XhqHnN811Qpez8X9kCcGHoa,Ki1hjoQz7ypywWA1NCjyZjGruPKNgNWk1EpWHuHn7hf,459248640,0.45924864,65856
validator_history,HistoryJTGbKQD2mRgLZ3XhqHnN811Qpez8X9kCcGHoa,7pLXcm5UmpAgqPD9wu8SgR2FA2QiLRRdgqocTx6Y9qyf,459248640,0.45924864,65856
validator_history,HistoryJTGbKQD2mRgLZ3XhqHnN811Qpez8X9kCcGHoa,2EdYNn6aMkHDv6JCighZ76K4rBtoqBgydn1c93x3iGcw,459248640,0.45924864,65856
validator_history,HistoryJTGbKQD2mRgLZ3XhqHnN811Qpez8X9kCcGHoa,C5ZhfEkuUZb5obT2GhAK9teUMBj8UhGgK73z9fwwXLhw,459248640,0.45924864,65856
validator_history,HistoryJTGbKQD2mRgLZ3XhqHnN811Qpez8X9kCcGHoa,5E2EC2fpS7hwF1CmugnArFJdPwLt1U2S2JUUzRTEGeRT,459248640,0.45924864,65856
validator_history,HistoryJTGbKQD2mRgLZ3XhqHnN811Qpez8X9kCcGHoa,Bqgb8KYz8BWY8hHS46vpYcEDSiiKMNyz99WPgSk1Fs5j,459248640,0.45924864,65856
validator_history,HistoryJTGbKQD2mRgLZ3XhqHnN811Qpez8X9kCcGHoa,9n3jz8pUj9K8aoQoWPeKUw7KUqYsXjFJHffCfpt76hVb,459248640,0.45924864,65856
validator_history,HistoryJTGbKQD2mRgLZ3XhqHnN811Qpez8X9kCcGHoa,59pY5QvqUfEqn9vGefSoyPzACQAAjjoNCSxjipkXUZTP,459248640,0.45924864,65856
validator_history,HistoryJTGbKQD2mRgLZ3XhqHnN811Qpez8X9kCcGHoa,DLjZqBhASgwbuKDTSgikUk33dgeGRTEz9M9AY6aPE9PU,459248640,0.45924864,65856
validator_history,HistoryJTGbKQD2mRgLZ3XhqHnN811Qpez8X9kCcGHoa,ExyUmPAZkoUrg2gJ4pmdNQ9zzwzhorPMQqzfoYCdJtKF,459248640,0.45924864,65856
validator_history,HistoryJTGbKQD2mRgLZ3XhqHnN811Qpez8X9kCcGHoa,CbBmJoBRoVDwseFaZr8qnEkVVsuKUAuhosDvTc7aDF2i,459248640,0.45924864,65856
validator_history,HistoryJTGbKQD2mRgLZ3XhqHnN811Qpez8X9kCcGHoa,F3kseX4pzdonQoR3rscHFBzfPjAsSr97RbXtUh6DFVsT,459248640,0.45924864,65856
validator_history,HistoryJTGbKQD2mRgLZ3XhqHnN811Qpez8X9kCcGHoa,7v71emi11EtmJtRN3Py5JiSLBtR2wcm5UUsNKcLfwS52,459248640,0.45924864,65856
validator_history,HistoryJTGbKQD2mRgLZ3XhqHnN811Qpez8X9kCcGHoa,DEbwq1n8yEqzgmcXS9FVCXEaPXSkjfpRW7BkTcygF5oZ,459248640,0.45924864,65856
validator_history,HistoryJTGbKQD2mRgLZ3XhqHnN811Qpez8X9kCcGHoa,9n37tQQ261vq7g5YYFesLT1ZoxJ9SgCbjSJw36gF9rEK,459248640,0.45924864,65856
validator_history,HistoryJTGbKQD2mRgLZ3XhqHnN811Qpez8X9kCcGHoa,BVy39DGX3kXURkNmZ2pruaCRcuwP4wbiobgRTgRQJgYa,459248640,0.45924864,65856
validator_history,HistoryJTGbKQD2mRgLZ3XhqHnN811Qpez8X9kCcGHoa,8CSosw7Wk5b7HyaLQkyxDMPg3tyTjPFFk7zbCQpABu8,459248640,0.45924864,65856
validator_history,HistoryJTGbKQD2mRgLZ3XhqHnN811Qpez8X9kCcGHoa,3B2v7aKN6YtpLSsRVMnBa9UUZv2L8Hi2PJcZusvTWcQx,459248640,0.45924864,65856
validator_history,HistoryJTGbKQD2mRgLZ3XhqHnN811Qpez8X9kCcGHoa,BvohJvi2iBdxHpr1h7ePiHhedqmw3uE8ES39WGm7mntM,459248640,0.45924864,65856
validator_history,HistoryJTGbKQD2mRgLZ3XhqHnN811Qpez8X9kCcGHoa,AujGGMHx9xpwzkx26wLcZzaYruXfWv6ewdP8qzdbL7jo,459248640,0.45924864,65856
validator_history,HistoryJTGbKQD2mRgLZ3XhqHnN811Qpez8X9kCcGHoa,5YfMQiK9HBN6gDo5amjXg577V4A4ZZcwYnPx8Ytx7rPv,459248640,0.45924864,65856
validator_history,HistoryJTGbKQD2mRgLZ3XhqHnN811Qpez8X9kCcGHoa,BtVYuYmBDFp3hVnUe82XLoDBBccvcDekkFTNdRCmTyT,459248640,0.45924864,65856
validator_history,HistoryJTGbKQD2mRgLZ3XhqHnN811Qpez8X9kCcGHoa,6UA5K5at7qdxsz5YemfAXpSc9Sk3VQJCLvsBF5y16tjC,459248640,0.45924864,65856
validator_history,HistoryJTGbKQD2mRgLZ3XhqHnN811Qpez8X9kCcGHoa,86F2ad1TxtCRxVQNqp42ih2GmTChWaM864MTGKHkjVbG,459248640,0.45924864,65856
validator_history,HistoryJTGbKQD2mRgLZ3XhqHnN811Qpez8X9kCcGHoa,A4qBnsj1JYwmbm3za6hQbkeQQmyGYZHnGAPuu7U16ejT,459248640,0.45924864,65856
validator_history,HistoryJTGbKQD2mRgLZ3XhqHnN811Qpez8X9kCcGHoa,686zAF3MjdD71PqJ6zQohQhFnGKbHGcGjyYVdBJNY73n,459248640,0.45924864,65856
validator_history,HistoryJTGbKQD2mRgLZ3XhqHnN811Qpez8X9kCcGHoa,DLXbLA7nZrpVVpFjsrMKnofZmCmSBr7CJ9PgbQSCw7nY,459248640,0.45924864,65856
validator_history,HistoryJTGbKQD2mRgLZ3XhqHnN811Qpez8X9kCcGHoa,2X1antxJgt7dabP5dstHrvEeMH8mByjAZftRTuhnn8Pp,459248640,0.45924864,65856
validator_history,HistoryJTGbKQD2mRgLZ3XhqHnN811Qpez8X9kCcGHoa,crCFL3scfDZPpEUcpNQbTvY8BSUGrCoVkaByPX8asf5,459248640,0.45924864,65856
validator_history,HistoryJTGbKQD2mRgLZ3XhqHnN811Qpez8X9kCcGHoa,54o5FCbKdy3mfxLWbZ5QcQ54LvFgBJZ7oUJMUBBzhenQ,459248640,0.45924864,65856
validator_history,HistoryJTGbKQD2mRgLZ3XhqHnN811Qpez8X9kCcGHoa,9kijdMTzHME3jWVBxqwNqXRJ1FUcahrL48jTLycLgVJA,459248640,0.45924864,65856
validator_history,HistoryJTGbKQD2mRgLZ3XhqHnN811Qpez8X9kCcGHoa,7EM4ajueFCdyc399RV1Qw21zECdxcoquypsecsQEvivk,459248640,0.45924864,65856
validator_history,HistoryJTGbKQD2mRgLZ3XhqHnN811Qpez8X9kCcGHoa,4N7drerdrkXgYj79ByQ8397eEeJtn9EpgvAijM8syqqx,459248640,0.45924864,65856
validator_history,HistoryJTGbKQD2mRgLZ3XhqHnN811Qpez8X9kCcGHoa,CDnSPCaKYrjKMovMbTRU7JmcWy8BYi6rpikit43ADpZz,459248640,0.45924864,65856
validator_history,HistoryJTGbKQD2mRgLZ3XhqHnN811Qpez8X9kCcGHoa,E2Esmq79tQY7JXRycGj8Y47miP1SRLhrfYPuWRTmscWL,459248640,0.45924864,65856
validator_history,HistoryJTGbKQD2mRgLZ3XhqHnN811Qpez8X9kCcGHoa,Dnm954Ckt1RhR5BdYkTDBxeAp9efk1QX85kgZFXJmBJ,459248640,0.45924864,65856
validator_history,HistoryJTGbKQD2mRgLZ3XhqHnN811Qpez8X9kCcGHoa,2cddsyr4oHtuup2hiNt7Urg3TvDpx6GQ7Wxdsgd1yQts,459248640,0.45924864,65856
validator_history,HistoryJTGbKQD2mRgLZ3XhqHnN811Qpez8X9kCcGHoa,7M5No55XEkCHxci9qPxVjK6EwhxbsWQHzGA2Mef9nrFP,459248640,0.45924864,65856
validator_history,HistoryJTGbKQD2mRgLZ3XhqHnN811Qpez8X9kCcGHoa,A2QNSVs49CASzJEXvYMNduM6Ahc6nicaT1oXJytmj4x1,459248640,0.45924864,65856
validator_history,HistoryJTGbKQD2mRgLZ3XhqHnN811Qpez8X9kCcGHoa,92hLfSrb7S3yYLsjSEQqF3gaP55bjyBFirPNLvEUZR87,459248640,0.45924864,65856
validator_history,HistoryJTGbKQD2mRgLZ3XhqHnN811Qpez8X9kCcGHoa,BXFGFJDaWptwHRvegzqszRGKChr7c6N2ZvpqFzXDnRUW,459248640,0.45924864,65856
validator_history,HistoryJTGbKQD2mRgLZ3XhqHnN811Qpez8X9kCcGHoa,2yoExwF57DGMZGNfjpktRCwCEKjDw9GPcy3o9k4RWtd5,459248640,0.45924864,65856
validator_history,HistoryJTGbKQD2mRgLZ3XhqHnN811Qpez8X9kCcGHoa,4zP4BLmmYMj5UJ8ZrNmgDu2c1s8dKXxKUkywhbe8B5Du,459248640,0.45924864,65856
validator_history,HistoryJTGbKQD2mRgLZ3XhqHnN811Qpez8X9kCcGHoa,HashEHBSCYMQ4sU4txkdujGWK9ovYPmycTxYzbTXPpPH,459248640,0.45924864,65856
validator_history,HistoryJTGbKQD2mRgLZ3XhqHnN811Qpez8X9kCcGHoa,BWy3BAK9aFxzo8FEckNCP3nVX7ands4qZDkM3MFdmyhy,459248640,0.45924864,65856
validator_history,HistoryJTGbKQD2mRgLZ3XhqHnN811Qpez8X9kCcGHoa,2Z1T5MMBqkrcXdWPxaQJmpo5XqYpNBgNmydqHHy3uthM,459248640,0.45924864,65856
validator_history,HistoryJTGbKQD2mRgLZ3XhqHnN811Qpez8X9kCcGHoa,G1A5cCJouDuEvumcdiek9SUPP41o9x3XHyhAkEiuL1o1,459248640,0.45924864,65856
validator_history,HistoryJTGbKQD2mRgLZ3XhqHnN811Qpez8X9kCcGHoa,9HfKYFn9rnFR5uWw2G5V7EmdnZUeN2Z89dZRVkRuEWe9,459248640,0.45924864,65856
validator_history,HistoryJTGbKQD2mRgLZ3XhqHnN811Qpez8X9kCcGHoa,CjQ1oRMXdgZDfdyYEmNtwBQdERN1nZErym6iZopbNsP7,459248640,0.45924864,65856
validator_history,HistoryJTGbKQD2mRgLZ3XhqHnN811Qpez8X9kCcGHoa,FMuAp65J2fzmvbytuW6snRWdktnEVJ6FnZBgSuShJ4w6,459248640,0.45924864,65856
validator_history,HistoryJTGbKQD2mRgLZ3XhqHnN811Qpez8X9kCcGHoa,hsUu5qZoZwVgXiyuxsQCYsqGcA35wbF4b8gK4aXffLi,459248640,0.45924864,65856
validator_history,HistoryJTGbKQD2mRgLZ3XhqHnN811Qpez8X9kCcGHoa,55hxgySWVYmWLW6PPmsPkmhEQ4mwora2ptngjVwEiXu4,459248640,0.45924864,65856
validator_history,HistoryJTGbKQD2mRgLZ3XhqHnN811Qpez8X9kCcGHoa,G1TUDvkyUonscQdZ8LZVAC2Rf1NvXvbYHi8C2h8kn3PB,459248640,0.45924864,65856
validator_history,HistoryJTGbKQD2mRgLZ3XhqHnN811Qpez8X9kCcGHoa,HDTqwHqUYKTEGqdYHyupW3VpHuqUbPUVLN7HKXySf9ZD,459248640,0.45924864,65856
validator_history,HistoryJTGbKQD2mRgLZ3XhqHnN811Qpez8X9kCcGHoa,4wGwKYfK4B1GfQ5qxKP9WywXByVqa6pDXHXcShoT88xG,459248640,0.45924864,65856
validator_history,HistoryJTGbKQD2mRgLZ3XhqHnN811Qpez8X9kCcGHoa,2mbYKfN6KUUAHYuCSzbm8rmEmuSrANnvBcDrsJiTvLj5,459248640,0.45924864,65856
validator_history,HistoryJTGbKQD2mRgLZ3XhqHnN811Qpez8X9kCcGHoa,98X3HBuDd8n9ZVzWdNBwDt2F8z3SQuQ4tN7sM72tSG3Q,459248640,0.45924864,65856
validator_history,HistoryJTGbKQD2mRgLZ3XhqHnN811Qpez8X9kCcGHoa,HCfWkxnswvCJ1SwCpchCsTuuQfaP3mPR2k3TXoQzWp5T,459248640,0.45924864,65856
validator_history,HistoryJTGbKQD2mRgLZ3XhqHnN811Qpez8X9kCcGHoa,6igAwFQQndzSL3xUKAfEhU1WQPJQgdPpstPrnKwuYmkR,459248640,0.45924864,65856
validator_history,HistoryJTGbKQD2mRgLZ3XhqHnN811Qpez8X9kCcGHoa,9y2272pYLChTBQq8DtBE9Tkit9e1U9PvRce6fkVYar4F,459248640,0.45924864,65856
validator_history,HistoryJTGbKQD2mRgLZ3XhqHnN811Qpez8X9kCcGHoa,CWHfH4SS7vktQBAiQg5S5f83Kx3Pa5MUrXfrbrX8w8zy,459248640,0.45924864,65856
validator_history,HistoryJTGbKQD2mRgLZ3XhqHnN811Qpez8X9kCcGHoa,A6ZKtpCnJvzL6sLoSZ19Jq8nfKFgjhKdEGR3sEfkgAxJ,459248640,0.45924864,65856
validator_history,HistoryJTGbKQD2mRgLZ3XhqHnN811Qpez8X9kCcGHoa,3JK3K2d6hJoMf9BwvYmU4bsiggF9UTbKUDyKJvyaTQ3G,459248640,0.45924864,65856
validator_history,HistoryJTGbKQD2mRgLZ3XhqHnN811Qpez8X9kCcGHoa,7N3Zwn3s3kQ6mthiP9VWsZe49A1eazBzdibhmAWp5hqq,459248640,0.45924864,65856
validator_history,HistoryJTGbKQD2mRgLZ3XhqHnN811Qpez8X9kCcGHoa,B396JpnkxhPAfm9uP2wZtNjniGmYz7DEa7VFSRzfm9TG,459248640,0.45924864,65856
validator_history,HistoryJTGbKQD2mRgLZ3XhqHnN811Qpez8X9kCcGHoa,5nEWqFCbx5s2YLPQUeuGHDxsQCdhQqgngiHrrMbzFCK2,459248640,0.45924864,65856
validator_history,HistoryJTGbKQD2mRgLZ3XhqHnN811Qpez8X9kCcGHoa,BSGkL9iLDnKXRGrFa3DjD2u2RVVmibyvcXKzFHwkBRB2,459248640,0.45924864,65856
validator_history,HistoryJTGbKQD2mRgLZ3XhqHnN811Qpez8X9kCcGHoa,3oRXta6Y3y3oKa5Vrqu4QWVNqbCo8VqcSjbKwFtAm2Uv,459248640,0.45924864,65856
validator_history,HistoryJTGbKQD2mRgLZ3XhqHnN811Qpez8X9kCcGHoa,A6Y9dqvVMZ3CrNnYc3ncYttjvAGP48ViK33PyteMh1fy,459248640,0.45924864,65856
validator_history,HistoryJTGbKQD2mRgLZ3XhqHnN811Qpez8X9kCcGHoa,A3EwWhLFRvcqF8fwcxs9x2vmtut7fj7txCZYN4DFo3vi,459248640,0.45924864,65856
validator_history,HistoryJTGbKQD2mRgLZ3XhqHnN811Qpez8X9kCcGHoa,AgjicaVuqQ5rN72kzmGvPrPfX8NEMD5kvmARCmpvLEHo,459248640,0.45924864,65856
validator_history,HistoryJTGbKQD2mRgLZ3XhqHnN811Qpez8X9kCcGHoa,6uRr26MGS7QozJT4Zgt72qxvhCBstEAHVwnL1X9PiPPr,459248640,0.45924864,65856
validator_history,HistoryJTGbKQD2mRgLZ3XhqHnN811Qpez8X9kCcGHoa,3hGmmkiVSqmr5Ejo2Gjqdykn26qw7RrcfGYF36qpfncc,459248640,0.45924864,65856
validator_history,HistoryJTGbKQD2mRgLZ3XhqHnN811Qpez8X9kCcGHoa,8B54o4qPQ8Bx4CvyQzNkVrchMvs9SMrvmEi2fGGJJjrE,459248640,0.45924864,65856
validator_history,HistoryJTGbKQD2mRgLZ3XhqHnN811Qpez8X9kCcGHoa,AK9CzhqWnfUBGnvNMu9nSBGi24kYXSUqfDeHDjrA9vVz,459248640,0.45924864,65856
validator_history,HistoryJTGbKQD2mRgLZ3XhqHnN811Qpez8X9kCcGHoa,GjabtNP2V2TsKCAywvRdQaZfucEtFvjC32LCAe4Gq7B4,459248640,0.45924864,65856
validator_history,HistoryJTGbKQD2mRgLZ3XhqHnN811Qpez8X9kCcGHoa,94JNMXknNnDCMbSjzV171RYLEMwcbxNMRv6ujFfeBghw,459248640,0.45924864,65856
validator_history,HistoryJTGbKQD2mRgLZ3XhqHnN811Qpez8X9kCcGHoa,DPNxSM4Cw4Z49gC6FsQFVmtgN4mV2nNAXjuk5PmGztkw,459248640,0.45924864,65856
validator_history,HistoryJTGbKQD2mRgLZ3XhqHnN811Qpez8X9kCcGHoa,FVw7iJvdcngtF569FkMTCTLv6SK6sPX2YaEmugy3LKAj,459248640,0.45924864,65856
validator_history,HistoryJTGbKQD2mRgLZ3XhqHnN811Qpez8X9kCcGHoa,6fNyd8PvDygefKfH6wqMReXZij6gyV2s5jgxsWBdQdr2,459248640,0.45924864,65856
validator_history,HistoryJTGbKQD2mRgLZ3XhqHnN811Qpez8X9kCcGHoa,AsSvvMo39fz9S7zvioDHSEW8787LFNVmLqe5KYG63qP6,459248640,0.45924864,65856
validator_history,HistoryJTGbKQD2mRgLZ3XhqHnN811Qpez8X9kCcGHoa,5BdGeWZZzz5nn8SyaiaSh6kKQaN6tieTn6aurk7DpFRD,459248640,0.45924864,65856
validator_history,HistoryJTGbKQD2mRgLZ3XhqHnN811Qpez8X9kCcGHoa,9mkKmYZsPsxkvL6Ct15xrbJyvmiPeVn8vVzWj17bULpp,459248640,0.45924864,65856
validator_history,HistoryJTGbKQD2mRgLZ3XhqHnN811Qpez8X9kCcGHoa,2Vnt51Z6rHDg9Duj26DhGuzdS4e8vFYs3X9fLTzgDj5y,459248640,0.45924864,65856
validator_history,HistoryJTGbKQD2mRgLZ3XhqHnN811Qpez8X9kCcGHoa,8cPxECnvTQzeZPexNnxUZ98qPNazw4jskNkAoQn8arc7,459248640,0.45924864,65856
validator_history,HistoryJTGbKQD2mRgLZ3XhqHnN811Qpez8X9kCcGHoa,6zNvZFJSjarRkMKN6mdcJtDzcEgFYdWVh78twUcShpcH,459248640,0.45924864,65856
validator_history,HistoryJTGbKQD2mRgLZ3XhqHnN811Qpez8X9kCcGHoa,DSgzmmEg61ugnndTZa9EfVUjrDQDLWsVUEFy3bRcJHVN,459248640,0.45924864,65856
validator_history,HistoryJTGbKQD2mRgLZ3XhqHnN811Qpez8X9kCcGHoa,9tzkCAJ53vVjPHvTJdPHz5VN7MPbCn7jQ2Pj3rX59LLh,459248640,0.45924864,65856
validator_history,HistoryJTGbKQD2mRgLZ3XhqHnN811Qpez8X9kCcGHoa,DxMrsGBkQno8i3WtDMPVNf2hn3DudiNcS4ib3U7SdbKk,459248640,0.45924864,65856
validator_history,HistoryJTGbKQD2mRgLZ3XhqHnN811Qpez8X9kCcGHoa,GS2im8RztRhTWcJqYrPwBcGVLLLEoGJqbvxCai84TnwG,459248640,0.45924864,65856
validator_history,HistoryJTGbKQD2mRgLZ3XhqHnN811Qpez8X9kCcGHoa,DairdAtpx2VuXqUjNHNCYH79yxdJgA5hVyuo4xuPJwCc,459248640,0.45924864,65856
validator_history,HistoryJTGbKQD2mRgLZ3XhqHnN811Qpez8X9kCcGHoa,BrJcXS5CWgtcxEysUN25RtnHZmRNrnPG6uiSeJJ4A2Xa,459248640,0.45924864,65856
validator_history,HistoryJTGbKQD2mRgLZ3XhqHnN811Qpez8X9kCcGHoa,8eFkYAm59CNKFZngKiLS4srkrutBzYdA4yXnAFnLaVi2,459248640,0.45924864,65856
validator_history,HistoryJTGbKQD2mRgLZ3XhqHnN811Qpez8X9kCcGHoa,HuiFMvCzVqt6iRuXNFZfhs7TsHHP2k1LgFtRZtLxXGEg,459248640,0.45924864,65856
validator_history,HistoryJTGbKQD2mRgLZ3XhqHnN811Qpez8X9kCcGHoa,AyEDM9KrbQD4jtBQ2YnzuQ4uy99eZEJGyRz1aUAHfsT1,459248640,0.45924864,65856
validator_history,HistoryJTGbKQD2mRgLZ3XhqHnN811Qpez8X9kCcGHoa,2yVJ6u6UWwtpBawHkux6KDd8JkqG3gpjppqkvzBUNZUP,459248640,0.45924864,65856
validator_history,HistoryJTGbKQD2mRgLZ3XhqHnN811Qpez8X9kCcGHoa,87aFKLqPSLTciNCJzaX7Ksm9zhaXPUV3YFfemmyPGcYe,459248640,0.45924864,65856
validator_history,HistoryJTGbKQD2mRgLZ3XhqHnN811Qpez8X9kCcGHoa,F3t2CKbheU7bwaeemmBBq16xVaCvH594AYbTBGVSTdd,459248640,0.45924864,65856
validator_history,HistoryJTGbKQD2mRgLZ3XhqHnN811Qpez8X9kCcGHoa,HvdfJaH2XPJJsBZMkSKYx6innY6tnTLnv9iWFCU4tAsi,459248640,0.45924864,65856
validator_history,HistoryJTGbKQD2mRgLZ3XhqHnN811Qpez8X9kCcGHoa,99ZtHV7rvMbEUtJdQzcRJj7xniALudPuSVMnVNL2U38b,459248640,0.45924864,65856
validator_history,HistoryJTGbKQD2mRgLZ3XhqHnN811Qpez8X9kCcGHoa,D9mvrs1gmDbZsvmPtVN55Hu81E895CLLNgouLN7uhFDa,459248640,0.45924864,65856
validator_history,HistoryJTGbKQD2mRgLZ3XhqHnN811Qpez8X9kCcGHoa,6vtRa2LhzYzL6xoUF5hMw2tAnQWP1PiK23GNhLW25o25,459248640,0.45924864,65856
validator_history,HistoryJTGbKQD2mRgLZ3XhqHnN811Qpez8X9kCcGHoa,AB3wm8vbQzhaXCdTnJLkNVamw29P3CCeGsmDYkXty79E,459248640,0.45924864,65856
validator_history,HistoryJTGbKQD2mRgLZ3XhqHnN811Qpez8X9kCcGHoa,AZby2e9SHw9viRHHzcuS4foxmJtPQHCm7sXTjDLAsWsA,459248640,0.45924864,65856
validator_history,HistoryJTGbKQD2mRgLZ3XhqHnN811Qpez8X9kCcGHoa,93QNfyZQgTJ97v46dM5R3x1XR63BD77B1yd2bhm55Gr9,459248640,0.45924864,65856
validator_history,HistoryJTGbKQD2mRgLZ3XhqHnN811Qpez8X9kCcGHoa,AAYeP1CDEsD4vx7fDhUVxtw4kF1RdteWsw4Q9f1m2FP9,459248640,0.45924864,65856
validator_history,HistoryJTGbKQD2mRgLZ3XhqHnN811Qpez8X9kCcGHoa,9JjiupytK65QicPPifTUSfYTU8pxCvfXdsENirFChXbp,459248640,0.45924864,65856
validator_history,HistoryJTGbKQD2mRgLZ3XhqHnN811Qpez8X9kCcGHoa,FAxDsjYFj9Fr7DYHCABAZz6JnJbL8VSB2KBxydjbgJov,459248640,0.45924864,65856
validator_history,HistoryJTGbKQD2mRgLZ3XhqHnN811Qpez8X9kCcGHoa,2xRuHPvpkiimHCS2DKm2TJvBKH7YYCmPT5Yn9u6LgnxF,459248640,0.45924864,65856
validator_history,HistoryJTGbKQD2mRgLZ3XhqHnN811Qpez8X9kCcGHoa,6eGo3QsRPEqUGoU7b45M7irihbsFHRh16EwtS8QPdVSh,459248640,0.45924864,65856
validator_history,HistoryJTGbKQD2mRgLZ3XhqHnN811Qpez8X9kCcGHoa,DFjEnn6cqxNFoyb2K6j33JeXDTMojGj98BLZEfnVHJq4,459248640,0.45924864,65856
validator_history,HistoryJTGbKQD2mRgLZ3XhqHnN811Qpez8X9kCcGHoa,EGfBBmK8Td3hs782ZtsUqm8uhFiXmoZRJCLtaNf2U73K,459248640,0.45924864,65856
validator_history,HistoryJTGbKQD2mRgLZ3XhqHnN811Qpez8X9kCcGHoa,7Wios4AqRZs86VzUAGtcRWXnXQ2Y1Zog4yiup3x4vCgK,459248640,0.45924864,65856
validator_history,HistoryJTGbKQD2mRgLZ3XhqHnN811Qpez8X9kCcGHoa,GKAUAB875dFL2auvQMpSiQvxxyjm5STaDv3cnzxJKGvG,459248640,0.45924864,65856
validator_history,HistoryJTGbKQD2mRgLZ3XhqHnN811Qpez8X9kCcGHoa,MkDyBQS8CYNoKaV6ghoEpBbFFpfj9Qq5uXXu9vbwYJ2,459248640,0.45924864,65856
validator_history,HistoryJTGbKQD2mRgLZ3XhqHnN811Qpez8X9kCcGHoa,855EKQvq76eMZ5tDdUehb7Rar6WhNzuM6TycUV69SXtd,459248640,0.45924864,65856
validator_history,HistoryJTGbKQD2mRgLZ3XhqHnN811Qpez8X9kCcGHoa,GMrzy7d4nJheoy8yhcRUGTwKVAbPnuXiTEhTMfp9KkYY,459248640,0.45924864,65856
validator_history,HistoryJTGbKQD2mRgLZ3XhqHnN811Qpez8X9kCcGHoa,kjFKoZrd4XGW8wFz689Y3TLMyAJVHEV5aSf8t9x6EUE,459248640,0.45924864,65856
validator_history,HistoryJTGbKQD2mRgLZ3XhqHnN811Qpez8X9kCcGHoa,HqDePPGUL4FkDqovRbhiKbbQQg7LcFv4bcAxMfa9JTgq,459248640,0.45924864,65856
validator_history,HistoryJTGbKQD2mRgLZ3XhqHnN811Qpez8X9kCcGHoa,4mZzvEnUGySefTFDU9mqSzP885HWQn5d7XRiR64RQTD7,459248640,0.45924864,65856
validator_history,HistoryJTGbKQD2mRgLZ3XhqHnN811Qpez8X9kCcGHoa,8m5HDsAix3Qa6MC5Cm2HKhnHbED9SKQAgmcSBvJmoiXK,459248640,0.45924864,65856
validator_history,HistoryJTGbKQD2mRgLZ3XhqHnN811Qpez8X9kCcGHoa,32hJRkND1NS3Z8rpxTwF4sp2KSiv9uLkM9AzwirZP2nB,459248640,0.45924864,65856
validator_history,HistoryJTGbKQD2mRgLZ3XhqHnN811Qpez8X9kCcGHoa,Cwvh4PpBJggmW5HgtRcmr4ik6FHTjjmXXfcJepEtz7Nb,459248640,0.45924864,65856
validator_history,HistoryJTGbKQD2mRgLZ3XhqHnN811Qpez8X9kCcGHoa,FqVgcLhNqDLmWzR5jUVLminPxah9h5GdYyxtCivaf5Xp,459248640,0.45924864,65856
validator_history,HistoryJTGbKQD2mRgLZ3XhqHnN811Qpez8X9kCcGHoa,2KgvTAviJPwNJRRds6st3owz7SCr3TRTEyfruQCangYp,459248640,0.45924864,65856
validator_history,HistoryJTGbKQD2mRgLZ3XhqHnN811Qpez8X9kCcGHoa,CwC6yNjW2ZiexpburqJi5NxeouamZz1HY9dhAin5xL2Y,459248640,0.45924864,65856
validator_history,HistoryJTGbKQD2mRgLZ3XhqHnN811Qpez8X9kCcGHoa,2ZVwJQjQKG5CpfjQkXsCic3jWU8poq4ifYThWoDD7pg8,459248640,0.45924864,65856
validator_history,HistoryJTGbKQD2mRgLZ3XhqHnN811Qpez8X9kCcGHoa,ET3gZWPyPAE4dCLKyMWo7Ayfn5HEyuD5GAoZCpZowkF4,459248640,0.45924864,65856
validator_history,HistoryJTGbKQD2mRgLZ3XhqHnN811Qpez8X9kCcGHoa,FSGhK8sqMJPumVVd7z3euxTK1WFQnKyzxPUXDmn7xNc,459248640,0.45924864,65856
validator_history,HistoryJTGbKQD2mRgLZ3XhqHnN811Qpez8X9kCcGHoa,HXjDB17coogpUviehZddKon2RndcZgQfi3ECb6gg9b3L,459248640,0.45924864,65856
validator_history,HistoryJTGbKQD2mRgLZ3XhqHnN811Qpez8X9kCcGHoa,CZcGQCsxw1i9jFah8j455NBYZjM8JLVoBtwMnrrEoUG3,459248640,0.45924864,65856
validator_history,HistoryJTGbKQD2mRgLZ3XhqHnN811Qpez8X9kCcGHoa,6iffe6aZo3y7GdoEHiifcNvFf5oZhn9BBrVUNLZ1we8,459248640,0.45924864,65856
validator_history,HistoryJTGbKQD2mRgLZ3XhqHnN811Qpez8X9kCcGHoa,5rHia1YgPLbWp3fMQgM5uZ3VHaoHy7bWJioY9iz72XEf,459248640,0.45924864,65856
validator_history,HistoryJTGbKQD2mRgLZ3XhqHnN811Qpez8X9kCcGHoa,BmJ64mVP3LhNBNud9CSDEqLmZirMk4bGDBuwJNKrwYWX,459248640,0.45924864,65856
validator_history,HistoryJTGbKQD2mRgLZ3XhqHnN811Qpez8X9kCcGHoa,4QEAoyXAuoivE9w9v3gYm1Kcp8XKDwfFsbtHSvAu6ntv,459248640,0.45924864,65856
validator_history,HistoryJTGbKQD2mRgLZ3XhqHnN811Qpez8X9kCcGHoa,J7tupUfjvUHkq1wjZJAocgpSXzmFzj2J9pMq7XaRwP7d,459248640,0.45924864,65856
validator_history,HistoryJTGbKQD2mRgLZ3XhqHnN811Qpez8X9kCcGHoa,CBw99uZwcJavrNDL1tBUjDimM33sJxbHzVGPFf5TbRnH,459248640,0.45924864,65856
validator_history,HistoryJTGbKQD2mRgLZ3XhqHnN811Qpez8X9kCcGHoa,GKJKdCCDc4FamMdnH94FHAaDAtjvN1PEda9TotQJ5dui,459248640,0.45924864,65856
validator_history,HistoryJTGbKQD2mRgLZ3XhqHnN811Qpez8X9kCcGHoa,Hnd4kTVmSghn6D8anukRdUgjibETXJMvCDhjgZRqBbEq,459248640,0.45924864,65856
validator_history,HistoryJTGbKQD2mRgLZ3XhqHnN811Qpez8X9kCcGHoa,A9Q3AVSao923286WdzWdoPYPddKz3D3QzGS1CKBnd8J1,459248640,0.45924864,65856
validator_history,HistoryJTGbKQD2mRgLZ3XhqHnN811Qpez8X9kCcGHoa,Ddd2nyzoCFFYgje1jnfit5qmXP4hYbACuTDUgE3SBKw6,459248640,0.45924864,65856
validator_history,HistoryJTGbKQD2mRgLZ3XhqHnN811Qpez8X9kCcGHoa,2RW7rjx3jGWrY9qkkJ6VBvyyCPYAdk8dg5SbVALcxntT,459248640,0.45924864,65856
validator_history,HistoryJTGbKQD2mRgLZ3XhqHnN811Qpez8X9kCcGHoa,FqkWiuZuc6gJw1HdYDLU5LUnyM98To3KDbNgpDSetzFg,459348640,0.45934864,65856
validator_history,HistoryJTGbKQD2mRgLZ3XhqHnN811Qpez8X9kCcGHoa,Hm5VqaTVX9WSHBNJC9vDjt5fpnuteWBCAxcFkrDCdgU8,459248640,0.45924864,65856
validator_history,HistoryJTGbKQD2mRgLZ3XhqHnN811Qpez8X9kCcGHoa,FKU3u5pHPKBoqYHcg9oDdTGxvpjqddatVjvovLm4Ef3,459248640,0.45924864,65856
validator_history,HistoryJTGbKQD2mRgLZ3XhqHnN811Qpez8X9kCcGHoa,J9AjVaXNvCrqEs4BYaCbNXmoA63Yt1a9DAFZCLMMqVex,459248640,0.45924864,65856
validator_history,HistoryJTGbKQD2mRgLZ3XhqHnN811Qpez8X9kCcGHoa,FHJJ5ZdqNXbxxLzNa7rxxiLQd45kPAB4Bgk6QvmHE9cK,459248640,0.45924864,65856
validator_history,HistoryJTGbKQD2mRgLZ3XhqHnN811Qpez8X9kCcGHoa,8oz9k6b6VA3R6DRnjoXgGMK299Kkso1ZjTzVGGRPxBJE,459248640,0.45924864,65856
validator_history,HistoryJTGbKQD2mRgLZ3XhqHnN811Qpez8X9kCcGHoa,jsxoLC6RvC9Yb5BUkxs7QkvNHjVWTXJQZhhV1RfKTeP,459248640,0.45924864,65856
validator_history,HistoryJTGbKQD2mRgLZ3XhqHnN811Qpez8X9kCcGHoa,DwYmRGKaGE3TfmzbXVZraGaXBoTqeRsMZYhDQSFpKVKX,459248640,0.45924864,65856
validator_history,HistoryJTGbKQD2mRgLZ3XhqHnN811Qpez8X9kCcGHoa,99ss3r5ETRaeYaGjXqteNiJyudr6AkYqdYXf5gmPqdVT,459248640,0.45924864,65856
validator_history,HistoryJTGbKQD2mRgLZ3XhqHnN811Qpez8X9kCcGHoa,DPs6fPoWMEHuE6K72sz29iQHN9TMeqAmdaXRmFaj1vyh,459248640,0.45924864,65856
validator_history,HistoryJTGbKQD2mRgLZ3XhqHnN811Qpez8X9kCcGHoa,4H6aWB7C9RKRG355MS7J9DgNtqWoHbG9ccozVkNSbpwZ,459248640,0.45924864,65856
validator_history,HistoryJTGbKQD2mRgLZ3XhqHnN811Qpez8X9kCcGHoa,BUcRCLDuxDwN6AQb3oFsFNXLZNhvcYednGaotpg8bKY3,459248640,0.45924864,65856
validator_history,HistoryJTGbKQD2mRgLZ3XhqHnN811Qpez8X9kCcGHoa,58iCZsTsiUD6PoZfBLV8Yv3KM3aC4Qdcaw3F32yGxGvr,459248640,0.45924864,65856
validator_history,HistoryJTGbKQD2mRgLZ3XhqHnN811Qpez8X9kCcGHoa,66ifjF8hPZ8akDyD3B2qJeyG9pJWcsQ3RHgM99cs4t4N,459248640,0.45924864,65856
validator_history,HistoryJTGbKQD2mRgLZ3XhqHnN811Qpez8X9kCcGHoa,AW7azWaTboXHrYLy9P9yGsKRbSecuRkAbFB77Z7PA4yh,459248640,0.45924864,65856
validator_history,HistoryJTGbKQD2mRgLZ3XhqHnN811Qpez8X9kCcGHoa,FkmiadSDBSwYYbcLVg3Nra8ba33oEDsk9wqZ4zoT4NKw,459248640,0.45924864,65856
validator_history,HistoryJTGbKQD2mRgLZ3XhqHnN811Qpez8X9kCcGHoa,3pEWKf8sLF4LK1toZ7jq4BfKCrn2c2T3nw2VBxtFj48K,459248640,0.45924864,65856
validator_history,HistoryJTGbKQD2mRgLZ3XhqHnN811Qpez8X9kCcGHoa,HeuCbnNEntVDfVoLGcbmyj5KxDTzhABimhwXPXtWuyY1,459248640,0.45924864,65856
validator_history,HistoryJTGbKQD2mRgLZ3XhqHnN811Qpez8X9kCcGHoa,H2jE8Uu1CWNk9YuPpZ4r9Uk9k7csWJNgYHm4Y3FhQrJm,459248640,0.45924864,65856
validator_history,HistoryJTGbKQD2mRgLZ3XhqHnN811Qpez8X9kCcGHoa,ChtsE59nGcDawbfV51pdq8kCyrtD3J1dxmmoch4msxau,459248640,0.45924864,65856
validator_history,HistoryJTGbKQD2mRgLZ3XhqHnN811Qpez8X9kCcGHoa,6LH26LZ3NJoJ8NaNZxvcNM95j6aaPKuPpdPEJKLSCUm,459248640,0.45924864,65856
validator_history,HistoryJTGbKQD2mRgLZ3XhqHnN811Qpez8X9kCcGHoa,2avMcduZNGd1Q48Kw2ogdStRXxFwxsoRcbRFWFGFpxib,459248640,0.45924864,65856
validator_history,HistoryJTGbKQD2mRgLZ3XhqHnN811Qpez8X9kCcGHoa,Gnhr4LPTvhbm2zrybz9XJuNZhq9magD9akrTczbkN2X7,459248640,0.45924864,65856
validator_history,HistoryJTGbKQD2mRgLZ3XhqHnN811Qpez8X9kCcGHoa,B95JUWVAMsTpFZkKxzFM9Wq25xSJVrdu5tmz3uFKv5oU,459248640,0.45924864,65856
validator_history,HistoryJTGbKQD2mRgLZ3XhqHnN811Qpez8X9kCcGHoa,9hWk8BDEiieufBWnd81BZodWYxsk6jTgFGhxSjP3UJhS,13857360,0.01385736,1863
validator_history,HistoryJTGbKQD2mRgLZ3XhqHnN811Qpez8X9kCcGHoa,5Vy4C6PR4HcerQzRTKdsJB2f3QDNZJ5YY1MUt9e9yuwR,459248640,0.45924864,65856
validator_history,HistoryJTGbKQD2mRgLZ3XhqHnN811Qpez8X9kCcGHoa,DtxbzEQGgz8qNAcgWw2RrSTBFSKw7knA3Mibwg4aPA2z,459248640,0.45924864,65856
validator_history,HistoryJTGbKQD2mRgLZ3XhqHnN811Qpez8X9kCcGHoa,DPJLNDWbcuoqocpZ5uG26rKrpXT9CvL1WKD4UobpZFZR,459248640,0.45924864,65856
validator_history,HistoryJTGbKQD2mRgLZ3XhqHnN811Qpez8X9kCcGHoa,2bYqCXtMZ3zbibqinsNANPbCerAhu3Re33BjjLEy7Cg1,459248640,0.45924864,65856
validator_history,HistoryJTGbKQD2mRgLZ3XhqHnN811Qpez8X9kCcGHoa,2tByrfDovkZeYdXChH5HS4MxfZCRZPtR8JgoyEqYnXxQ,459248640,0.45924864,65856
validator_history,HistoryJTGbKQD2mRgLZ3XhqHnN811Qpez8X9kCcGHoa,9s7DRje5ZbK7XkCdwRPM9GjwvEboo6nTz4cTfyMfePu3,459248640,0.45924864,65856
validator_history,HistoryJTGbKQD2mRgLZ3XhqHnN811Qpez8X9kCcGHoa,37oidgvwY5BodT36w3ewKTAA4Ur1wLBvEGmmsP3Ertqc,459248640,0.45924864,65856
validator_history,HistoryJTGbKQD2mRgLZ3XhqHnN811Qpez8X9kCcGHoa,B6JW9HGqPShtsigT9gecpBmppKTQKHyfVuRrJ3HsPxvq,459248640,0.45924864,65856
validator_history,HistoryJTGbKQD2mRgLZ3XhqHnN811Qpez8X9kCcGHoa,FRLN4NQ29w2SnGtgRBiUXZSQoxmS7k8DsgXpL5ZDBdCh,459248640,0.45924864,65856
validator_history,HistoryJTGbKQD2mRgLZ3XhqHnN811Qpez8X9kCcGHoa,CthmE21kpgNU5P6Tc8AZdw9ze9RaDmHjv8gZ6BJKQ42p,459248640,0.45924864,65856
validator_history,HistoryJTGbKQD2mRgLZ3XhqHnN811Qpez8X9kCcGHoa,QuwNaqHCLFDcWdiNA8eDYGRwJFG5hBpFuAqMH5QUWz2,459248640,0.45924864,65856
validator_history,HistoryJTGbKQD2mRgLZ3XhqHnN811Qpez8X9kCcGHoa,EtM2EAThLhBnZjyXB6QxZJEbXVtcfRFQ7VSAYtWBcL7r,459248640,0.45924864,65856
validator_history,HistoryJTGbKQD2mRgLZ3XhqHnN811Qpez8X9kCcGHoa,AfBNfda2MhCcAN2tYbempaBei9n1BhLiBst4oqGivmNA,459248640,0.45924864,65856
validator_history,HistoryJTGbKQD2mRgLZ3XhqHnN811Qpez8X9kCcGHoa,8SHQDExH8UMwGvJ6uJmmsspqdMzZxwxEzcvu9M9T5Kvt,459248640,0.45924864,65856
validator_history,HistoryJTGbKQD2mRgLZ3XhqHnN811Qpez8X9kCcGHoa,ATirD7XuPr3fLmBEcyDBQJXzHNdiTquRZu2fDmDbQ9Ds,459248640,0.45924864,65856
validator_history,HistoryJTGbKQD2mRgLZ3XhqHnN811Qpez8X9kCcGHoa,8LuFJfG4qt35J4ybuaSTAuEmkMZBNeNcn4vj7yqfE5Zx,459248640,0.45924864,65856
validator_history,HistoryJTGbKQD2mRgLZ3XhqHnN811Qpez8X9kCcGHoa,5pwFpcjc2CjF5zKcqbxScivVKVPieTWXh113T9pF6s49,459248640,0.45924864,65856
validator_history,HistoryJTGbKQD2mRgLZ3XhqHnN811Qpez8X9kCcGHoa,Fr6AckUArDKh4SXnbXiVeG55EFS4PRbESUwfVDgCjcLC,459248640,0.45924864,65856
validator_history,HistoryJTGbKQD2mRgLZ3XhqHnN811Qpez8X9kCcGHoa,UWhmkdsNkRSp77XCriPCG8q9NDGSHoAcb8QjbXwYMuA,459248640,0.45924864,65856
validator_history,HistoryJTGbKQD2mRgLZ3XhqHnN811Qpez8X9kCcGHoa,JC6UgBvJYRo3z91bLyGHdNe49ipyPofq6C3Gnka2UUsR,459248640,0.45924864,65856
validator_history,HistoryJTGbKQD2mRgLZ3XhqHnN811Qpez8X9kCcGHoa,D3nMWFHF3ZqdDKoENUiWseCKb2iVa6KrS21GaujSznte,459248640,0.45924864,65856
validator_history,HistoryJTGbKQD2mRgLZ3XhqHnN811Qpez8X9kCcGHoa,B635kLqL894z11Z5pPs2Mxd2BQKaJTFTesrep888LFig,459248640,0.45924864,65856
validator_history,HistoryJTGbKQD2mRgLZ3XhqHnN811Qpez8X9kCcGHoa,9FnqRxgjQygjDuudeu7jz4wDjqQrTPtfSSP5WSTzixGo,459248640,0.45924864,65856
validator_history,HistoryJTGbKQD2mRgLZ3XhqHnN811Qpez8X9kCcGHoa,GgR4hTRtvdAWdsvsUcXa6wbqv9gu8wH2KN95aqefZxvr,459248640,0.45924864,65856
validator_history,HistoryJTGbKQD2mRgLZ3XhqHnN811Qpez8X9kCcGHoa,WFDnDGdzJ7ik9fCXkU93STq3k8ytMQgjoEcMGPF8ZqT,459248640,0.45924864,65856
validator_history,HistoryJTGbKQD2mRgLZ3XhqHnN811Qpez8X9kCcGHoa,7cXLpbewuDLFSDPAjkLtMcHmUTXrgnqwoNDrxqi31aaz,459248640,0.45924864,65856
validator_history,HistoryJTGbKQD2mRgLZ3XhqHnN811Qpez8X9kCcGHoa,FUkZXN31DobHrhXVbcKEE9Vv9w1FhCqjN11n3YXwBfWo,459248640,0.45924864,65856
validator_history,HistoryJTGbKQD2mRgLZ3XhqHnN811Qpez8X9kCcGHoa,4f6HwrV87o3MvTNWde1ex54FYEEtFrgN5HLKCevb8fEM,459248640,0.45924864,65856
validator_history,HistoryJTGbKQD2mRgLZ3XhqHnN811Qpez8X9kCcGHoa,79RCSA6XZKmiAAB7Zk3eHJs5ehD8UMMErHd6GfAa36ah,459248640,0.45924864,65856
validator_history,HistoryJTGbKQD2mRgLZ3XhqHnN811Qpez8X9kCcGHoa,6hXR84YqTSYmuAEWnA4yrBkVA6SbfQBp17Wm3yw3yXwS,459248640,0.45924864,65856
validator_history,HistoryJTGbKQD2mRgLZ3XhqHnN811Qpez8X9kCcGHoa,4kig3qyoP4SF5vMv665Q2xP3TaggtPDsjukPVst7Q676,459248640,0.45924864,65856
validator_history,HistoryJTGbKQD2mRgLZ3XhqHnN811Qpez8X9kCcGHoa,7yMsLxEdFa5gYhe7vgBrU4ZjXNEJFL93a3UgoNubmpKk,459248640,0.45924864,65856
validator_history,HistoryJTGbKQD2mRgLZ3XhqHnN811Qpez8X9kCcGHoa,6ddkFx6wJ2Egvcd9KrThucyuKR1ifDXzu1cAX949cQv6,459248640,0.45924864,65856
validator_history,HistoryJTGbKQD2mRgLZ3XhqHnN811Qpez8X9kCcGHoa,D6xuqC516NmbULhKHHkN7JPBBtfnCAB1sh2h12KATXz5,459248640,0.45924864,65856
validator_history,HistoryJTGbKQD2mRgLZ3XhqHnN811Qpez8X9kCcGHoa,9o5b4YJJzNX24wpNAwegyoDdiwkq7aKuCbg4kQrp1BeP,459248640,0.45924864,65856
validator_history,HistoryJTGbKQD2mRgLZ3XhqHnN811Qpez8X9kCcGHoa,C6LwS4VwApfPTPgJYn6LVqg3JmzVJfuyVvNjWHeorTzc,459248640,0.45924864,65856
validator_history,HistoryJTGbKQD2mRgLZ3XhqHnN811Qpez8X9kCcGHoa,ExLDhgtxQCVfurEjbtaYHsPZKexXEAyezKiXSXbUsGLS,459248640,0.45924864,65856
validator_history,HistoryJTGbKQD2mRgLZ3XhqHnN811Qpez8X9kCcGHoa,9HvU7zGzXHM2qcrs5kekWDVm5HAV5o5SjESJQcjTY5ss,459248640,0.45924864,65856
validator_history,HistoryJTGbKQD2mRgLZ3XhqHnN811Qpez8X9kCcGHoa,8Wb8Tap9hd692bK8attUuz9eMZonVQ2Ybs3t53BqCrQY,459248640,0.45924864,65856
validator_history,HistoryJTGbKQD2mRgLZ3XhqHnN811Qpez8X9kCcGHoa,71PYiiUQcpr4EhTfiuRxvyKxEcr1dN8M3CCZF3N57EpR,459248640,0.45924864,65856
validator_history,HistoryJTGbKQD2mRgLZ3XhqHnN811Qpez8X9kCcGHoa,6G5a5xYqRo5Un2UAvDExtvqYbKnoQzb98cqtN9suYg71,459248640,0.45924864,65856
validator_history,HistoryJTGbKQD2mRgLZ3XhqHnN811Qpez8X9kCcGHoa,H7sTMGjs7E6q8cDoFjTWYNeCh1VhnsJMsZ99BzndeBSD,459248640,0.45924864,65856
validator_history,HistoryJTGbKQD2mRgLZ3XhqHnN811Qpez8X9kCcGHoa,72CahWYt3VBHRc28y8NS29sNjE54Equxc1BE5NYzv8LX,459248640,0.45924864,65856
validator_history,HistoryJTGbKQD2mRgLZ3XhqHnN811Qpez8X9kCcGHoa,F8SzyVsFvFGDDwesq7u5SSpZnZGbtEWjRnMdwifZfPip,459248640,0.45924864,65856
validator_history,HistoryJTGbKQD2mRgLZ3XhqHnN811Qpez8X9kCcGHoa,9xXrpfbdvvG8fzg1k9c5BkqT759HrdjNzBvsSvLiosUA,459248640,0.45924864,65856
validator_history,HistoryJTGbKQD2mRgLZ3XhqHnN811Qpez8X9kCcGHoa,CW4njHwZad6TL51v8tY11cbEN4hpHGWc2JC75UoADVE7,459248640,0.45924864,65856
validator_history,HistoryJTGbKQD2mRgLZ3XhqHnN811Qpez8X9kCcGHoa,C8xfKgAg4s1yCYEPsBWvwNs7QC6p6dFKnAB6vaaTNmXx,459248640,0.45924864,65856
validator_history,HistoryJTGbKQD2mRgLZ3XhqHnN811Qpez8X9kCcGHoa,2yvmfaCx2LoBEXPqrGABknDQYN15RS6Ejnwm2CcZveqw,459248640,0.45924864,65856
validator_history,HistoryJTGbKQD2mRgLZ3XhqHnN811Qpez8X9kCcGHoa,5zvMYGjpmD6by2FPYQSWseUFsUr6QxLsEU3Jfusfii1f,459248640,0.45924864,65856
validator_history,HistoryJTGbKQD2mRgLZ3XhqHnN811Qpez8X9kCcGHoa,9c4VUKUYLXCXAWYMQtR7pLMTKKY3LwvnyiY3AfW4X3w8,459248640,0.45924864,65856
validator_history,HistoryJTGbKQD2mRgLZ3XhqHnN811Qpez8X9kCcGHoa,2cj3bRK8mDRQtY7RUbUTUj4dQJGETtKwU6uHpcppmzUo,459248640,0.45924864,65856
validator_history,HistoryJTGbKQD2mRgLZ3XhqHnN811Qpez8X9kCcGHoa,4xV2agjiNpYjebitbjiQDFpqsKnPFsD8NJV3onvC5WxE,459248640,0.45924864,65856
validator_history,HistoryJTGbKQD2mRgLZ3XhqHnN811Qpez8X9kCcGHoa,8ZC6S7wNWovwC3CratHHf72hWQXxJpiqhmSrFo56VCN6,459248640,0.45924864,65856
validator_history,HistoryJTGbKQD2mRgLZ3XhqHnN811Qpez8X9kCcGHoa,J54L6FbW3cqEZqaiijj9Uc2ZE5ESZuB2c6X4hQKfJPsE,459248640,0.45924864,65856
validator_history,HistoryJTGbKQD2mRgLZ3XhqHnN811Qpez8X9kCcGHoa,8XdvbEigjRxNRQyqxgoayHdejSnNGRtTt2DMbKiYtjZR,459248640,0.45924864,65856
validator_history,HistoryJTGbKQD2mRgLZ3XhqHnN811Qpez8X9kCcGHoa,B4y4x1WDY9rEcQ57qFd3ERdAwdkYVT575BgXV5XekEMm,459248640,0.45924864,65856
validator_history,HistoryJTGbKQD2mRgLZ3XhqHnN811Qpez8X9kCcGHoa,CaSa72LMq7SzeeH2h2awAJNEuG6AyiAofNQNNvtgnFcz,459248640,0.45924864,65856
validator_history,HistoryJTGbKQD2mRgLZ3XhqHnN811Qpez8X9kCcGHoa,6CNDt6QQdp9LWp5JJrDkKez1rNAuD8QHoWp539aErYWy,459248640,0.45924864,65856
validator_history,HistoryJTGbKQD2mRgLZ3XhqHnN811Qpez8X9kCcGHoa,DfEc9H9y9fqGm6aKZyve82zTd5Z3brTni5q1jTreD2fS,459248640,0.45924864,65856
validator_history,HistoryJTGbKQD2mRgLZ3XhqHnN811Qpez8X9kCcGHoa,4t6Us99cXyXH4iFAc6HJ7iHBpx7ahTNBKvpMm2u1BWJr,459248640,0.45924864,65856
validator_history,HistoryJTGbKQD2mRgLZ3XhqHnN811Qpez8X9kCcGHoa,Brmx16pMm8EJ9mwtAp3U48zi9tdgHetxeCVi8ZMeNvwx,459248640,0.45924864,65856
validator_history,HistoryJTGbKQD2mRgLZ3XhqHnN811Qpez8X9kCcGHoa,endYECGtr3PG8Q6pJHpDDVmQ8tY8T5nk58LU2L1W5Sm,459248640,0.45924864,65856
validator_history,HistoryJTGbKQD2mRgLZ3XhqHnN811Qpez8X9kCcGHoa,2zEqzGKJo4mvTKv5tbF6TXrodztFXXH3dkJfootLPC2Z,459248640,0.45924864,65856
validator_history,HistoryJTGbKQD2mRgLZ3XhqHnN811Qpez8X9kCcGHoa,GrSpgUK7F1imm5T3sAfiwkJDfDRRLEZqLQNz73okacjN,459248640,0.45924864,65856
validator_history,HistoryJTGbKQD2mRgLZ3XhqHnN811Qpez8X9kCcGHoa,7Xd7f2M6ABwCButgXQS7Duw12zT4uDoXso6u8qCJdub7,459248640,0.45924864,65856
validator_history,HistoryJTGbKQD2mRgLZ3XhqHnN811Qpez8X9kCcGHoa,6QkND3XP6HuPeKqkGfjXpYKK99py2W6z1oiGBGH2ovaL,459248640,0.45924864,65856
validator_history,HistoryJTGbKQD2mRgLZ3XhqHnN811Qpez8X9kCcGHoa,4L2SjrYzGW7TAVLVtASCMiSyj8C3Mh8rtWXh1BBcCnHk,459248640,0.45924864,65856
validator_history,HistoryJTGbKQD2mRgLZ3XhqHnN811Qpez8X9kCcGHoa,EimvkTUD2PM7Pa2kyaxS4Fu1opctfjejrvdmdJS7UpUv,459248640,0.45924864,65856
validator_history,HistoryJTGbKQD2mRgLZ3XhqHnN811Qpez8X9kCcGHoa,DiCY6gjEdQsq5XiRU9M2ipxdMoWDxoAFpTPg8Q2rxSYu,459248640,0.45924864,65856
validator_history,HistoryJTGbKQD2mRgLZ3XhqHnN811Qpez8X9kCcGHoa,6KJW8j4aN7UZPocZ1oFTGBfEkxASUtZEopQU5LxGYF94,459248640,0.45924864,65856
validator_history,HistoryJTGbKQD2mRgLZ3XhqHnN811Qpez8X9kCcGHoa,BDq2TPZ5zwaTc7M2gR8JnPot11sj2mNFaZDExJydG3i,459248640,0.45924864,65856
validator_history,HistoryJTGbKQD2mRgLZ3XhqHnN811Qpez8X9kCcGHoa,A9HuLY7GK2cDiKZgfE1TtuQ6rHFTe8rHW4skkBriF4cL,459248640,0.45924864,65856
validator_history,HistoryJTGbKQD2mRgLZ3XhqHnN811Qpez8X9kCcGHoa,2sbtALwdNCamY2SKu1TxMYcxjbGQUeEMvbw396cx9Jj9,459248640,0.45924864,65856
validator_history,HistoryJTGbKQD2mRgLZ3XhqHnN811Qpez8X9kCcGHoa,6cKVv3BFqtfWqWhHw9FQQvUdEJpy5bDREvMKqzyeo7hy,459248640,0.45924864,65856
validator_history,HistoryJTGbKQD2mRgLZ3XhqHnN811Qpez8X9kCcGHoa,GwWRgC71WdAhEzFUsgcrnfHVkgAQchpee96pBeKMPaSR,459248640,0.45924864,65856
validator_history,HistoryJTGbKQD2mRgLZ3XhqHnN811Qpez8X9kCcGHoa,A4QdSBxnvPgZ9iULmC7iMUBdeFjxUGAeo4Fa4k8xU9MB,459248640,0.45924864,65856
validator_history,HistoryJTGbKQD2mRgLZ3XhqHnN811Qpez8X9kCcGHoa,4UUZTseK3X8QBJia2RDaT94uvyKN4by7oJNAz7sn7nYE,459248640,0.45924864,65856
validator_history,HistoryJTGbKQD2mRgLZ3XhqHnN811Qpez8X9kCcGHoa,5GrmDr6mp8mWRaisTKJRyESdxZ9nbR9wBqL5M9LGCgXZ,459248640,0.45924864,65856
validator_history,HistoryJTGbKQD2mRgLZ3XhqHnN811Qpez8X9kCcGHoa,CWCXFEW7UU9RM74zFfZQQWtUVpH5hiBopQj95wQUoxdZ,459248640,0.45924864,65856
validator_history,HistoryJTGbKQD2mRgLZ3XhqHnN811Qpez8X9kCcGHoa,ZpahGBndkz63CkHFHo5KscZwkuzxWP3HZ2dYKkq2onT,459248640,0.45924864,65856
validator_history,HistoryJTGbKQD2mRgLZ3XhqHnN811Qpez8X9kCcGHoa,5tYVZvm3SUr2rVyqvjoG88TjAwLYdVVgKg2btwqXwThg,459248640,0.45924864,65856
validator_history,HistoryJTGbKQD2mRgLZ3XhqHnN811Qpez8X9kCcGHoa,7aVnTQpkYQg8R1WSXcge48sxBzbp3sKiSsMQXdzCUWod,459248640,0.45924864,65856
validator_history,HistoryJTGbKQD2mRgLZ3XhqHnN811Qpez8X9kCcGHoa,3NfRDNbiGmkDy47VRFD71kgGUBYL5dUTJE6m4K9NKsi1,459248640,0.45924864,65856
validator_history,HistoryJTGbKQD2mRgLZ3XhqHnN811Qpez8X9kCcGHoa,8KaNWKF2tPSmPq62sKTgFrEKDyLhsuRnHiTHzDchrgkm,459248640,0.45924864,65856
validator_history,HistoryJTGbKQD2mRgLZ3XhqHnN811Qpez8X9kCcGHoa,EDCpJa7ERBHvPFJgsbKTx4mYM9GerQbqdWAGGbHsdkbS,459248640,0.45924864,65856
validator_history,HistoryJTGbKQD2mRgLZ3XhqHnN811Qpez8X9kCcGHoa,BY3cqJa8EV4d47f7741xHX4APiw1TsYf4XaGtYUxS3DX,459248640,0.45924864,65856
validator_history,HistoryJTGbKQD2mRgLZ3XhqHnN811Qpez8X9kCcGHoa,ERGGpaBaRmZVcWGxeZARBUKLju6WUAdw8jsWraD8aqwZ,459248640,0.45924864,65856
validator_history,HistoryJTGbKQD2mRgLZ3XhqHnN811Qpez8X9kCcGHoa,Hstr9aPaDfXxrPiMGgBEXV7ZMFt3BAmJrZzJ5aPGfXkJ,459248640,0.45924864,65856
validator_history,HistoryJTGbKQD2mRgLZ3XhqHnN811Qpez8X9kCcGHoa,CWJNK7djBjKjiGkDdzQ6KpxZAPWT13mEQ251dCs2trqZ,459248640,0.45924864,65856
validator_history,HistoryJTGbKQD2mRgLZ3XhqHnN811Qpez8X9kCcGHoa,AN83K1yCgRDpq496TFePBDSPcSV1oU5BUXwLz9UGzpz9,459248640,0.45924864,65856
validator_history,HistoryJTGbKQD2mRgLZ3XhqHnN811Qpez8X9kCcGHoa,7u9DMWsycYbEaDuNqSPAtiex2EmzAjs4VGF2nYUpaGao,459248640,0.45924864,65856
validator_history,HistoryJTGbKQD2mRgLZ3XhqHnN811Qpez8X9kCcGHoa,66FjRENcCeWjYtxri9J2R1aVGLoFokr7T5ijU2d2o2G,459248640,0.45924864,65856
validator_history,HistoryJTGbKQD2mRgLZ3XhqHnN811Qpez8X9kCcGHoa,4g7jv3b1uGwR9r8MishxPgDDwXzdfTHm91CC2T5MATLz,459248640,0.45924864,65856
validator_history,HistoryJTGbKQD2mRgLZ3XhqHnN811Qpez8X9kCcGHoa,oW96YwjyRG1gax3EPz2Vkh1XwfCqN62vXGh8TSidGbp,459248640,0.45924864,65856
validator_history,HistoryJTGbKQD2mRgLZ3XhqHnN811Qpez8X9kCcGHoa,DhhnKnyqz4ET6hCbncqDdxiuDAr56bfNMyUU1RUMVpe8,459248640,0.45924864,65856
validator_history,HistoryJTGbKQD2mRgLZ3XhqHnN811Qpez8X9kCcGHoa,BqcVZV1TViEyqYCa9hPJHzB6KeuGJ2CCJcZczXmYe8xa,459248640,0.45924864,65856
validator_history,HistoryJTGbKQD2mRgLZ3XhqHnN811Qpez8X9kCcGHoa,hNK3iteSzB6MRopYmoJ9qGN9PbiKpfvnLxUhDqc2Z16,459248640,0.45924864,65856
validator_history,HistoryJTGbKQD2mRgLZ3XhqHnN811Qpez8X9kCcGHoa,AVjkkrXRvZJsFkNK9BF2sJVQzGL7TszHHK3EWmHVVGWm,459248640,0.45924864,65856
validator_history,HistoryJTGbKQD2mRgLZ3XhqHnN811Qpez8X9kCcGHoa,BPetqb1Fe29tfsMHWT7UCizThTfSTfN8kiRCfVLtzxmC,459248640,0.45924864,65856
validator_history,HistoryJTGbKQD2mRgLZ3XhqHnN811Qpez8X9kCcGHoa,3ERXmGcZPduShYvbbGEV4JxEjyPythgNV9nJPa6DmCbc,459248640,0.45924864,65856
validator_history,HistoryJTGbKQD2mRgLZ3XhqHnN811Qpez8X9kCcGHoa,3gPmJiKtiDWEE9sj5pF5qCMbLBGgveW4AWKGzwEkyvqH,459248640,0.45924864,65856
validator_history,HistoryJTGbKQD2mRgLZ3XhqHnN811Qpez8X9kCcGHoa,TD6zWUsDKMEFhiZUkWySjR9peydftnHrNYgjYkgmNvm,459248640,0.45924864,65856
validator_history,HistoryJTGbKQD2mRgLZ3XhqHnN811Qpez8X9kCcGHoa,H2FuojBJSWBXLJ468Cc6oS86CCyD9C5s6ExHY5U9P2GK,459248640,0.45924864,65856
validator_history,HistoryJTGbKQD2mRgLZ3XhqHnN811Qpez8X9kCcGHoa,2a9CRu5DmGS9YxepW2XMpu6Bb4EEizUQAhpF6MSAkvfR,459248640,0.45924864,65856
validator_history,HistoryJTGbKQD2mRgLZ3XhqHnN811Qpez8X9kCcGHoa,3YmzU4pezYXRcumzCiwKQM6Vcgc3n9C3wtSNSiE4JSw6,459248640,0.45924864,65856
validator_history,HistoryJTGbKQD2mRgLZ3XhqHnN811Qpez8X9kCcGHoa,BZeFCQkpb98n6psM8VKekbyhsD8EGhxWejDGd2JrX2mx,459248640,0.45924864,65856
validator_history,HistoryJTGbKQD2mRgLZ3XhqHnN811Qpez8X9kCcGHoa,ExVfmTdBXnNfg23T8iHTkGXcSt2NFWTGAXDHDC7wZ2hW,459248640,0.45924864,65856
validator_history,HistoryJTGbKQD2mRgLZ3XhqHnN811Qpez8X9kCcGHoa,C7Dn66xCLTgoqXkrUJTToAQNPNKg7jK7kaZAPuLBzJQD,459248640,0.45924864,65856
validator_history,HistoryJTGbKQD2mRgLZ3XhqHnN811Qpez8X9kCcGHoa,ydP96EdAkp52KvLNsRU24PcvVSs6baXw1VXhu8H56KH,459248640,0.45924864,65856
validator_history,HistoryJTGbKQD2mRgLZ3XhqHnN811Qpez8X9kCcGHoa,EcZKRmjNfEUsDPAS1GAkssQHtfnwJzFHVZwrRTP3Hxzm,459248640,0.45924864,65856
validator_history,HistoryJTGbKQD2mRgLZ3XhqHnN811Qpez8X9kCcGHoa,FJvjZcNFxHXuKrR98YsRgxHehJrvzfvPjzpfo3h3UNaA,459248640,0.45924864,65856
validator_history,HistoryJTGbKQD2mRgLZ3XhqHnN811Qpez8X9kCcGHoa,EEA2BDSi7McyTCjVPa9BnCWhpwFq3WN16ee67zj2WZNm,459248640,0.45924864,65856
validator_history,HistoryJTGbKQD2mRgLZ3XhqHnN811Qpez8X9kCcGHoa,F54H2TKhaE2DpoXHooAmcpyeieh8gRD95RcYXPUtXWEj,459248640,0.45924864,65856
validator_history,HistoryJTGbKQD2mRgLZ3XhqHnN811Qpez8X9kCcGHoa,54asSjJinZdZn2vyNsu5V4Cq2AUEj6KcNoxQGKk1TC3B,459248640,0.45924864,65856
validator_history,HistoryJTGbKQD2mRgLZ3XhqHnN811Qpez8X9kCcGHoa,HnbwiE6PMxuCWKnFyEoentgvrxEMrteDAB2M4AZHRrGt,459248640,0.45924864,65856
validator_history,HistoryJTGbKQD2mRgLZ3XhqHnN811Qpez8X9kCcGHoa,2kffUcr784pvJ4tzHLE75tBEi7cLKECQh6HE6HrkUN86,459248640,0.45924864,65856
validator_history,HistoryJTGbKQD2mRgLZ3XhqHnN811Qpez8X9kCcGHoa,79fEaEiMDVbjdGT6cke9JCYf7QrysG28gHLMzd6RansB,459248640,0.45924864,65856
validator_history,HistoryJTGbKQD2mRgLZ3XhqHnN811Qpez8X9kCcGHoa,Cb2nJ4jaMtG138EN4pPKXhe7V5y4PM1qE8viAZ7pZ98y,459248640,0.45924864,65856
validator_history,HistoryJTGbKQD2mRgLZ3XhqHnN811Qpez8X9kCcGHoa,Eia3VJER4dfjSLCW7KdKqYa7nR7YNMk38xpHrx6Ycz5d,459248640,0.45924864,65856
validator_history,HistoryJTGbKQD2mRgLZ3XhqHnN811Qpez8X9kCcGHoa,9ACu4nCGpxUy1jsHNH5bkMKqWD2pCJGx8TyJodfP1rgm,459248640,0.45924864,65856
validator_history,HistoryJTGbKQD2mRgLZ3XhqHnN811Qpez8X9kCcGHoa,EJhfMuFMUzXisMPftAb3XaZ3yZbrxDEtJL515p9zsHdr,459248640,0.45924864,65856
validator_history,HistoryJTGbKQD2mRgLZ3XhqHnN811Qpez8X9kCcGHoa,CeW1dGFc9KwVok1fLnCJzZdpQC8SEo8MPi5ikrAC4gh1,459248640,0.45924864,65856
validator_history,HistoryJTGbKQD2mRgLZ3XhqHnN811Qpez8X9kCcGHoa,BU41F1Sxw85W22Bmjjk2LhBnk1M1saYTqCvYUJWQc47X,459248640,0.45924864,65856
validator_history,HistoryJTGbKQD2mRgLZ3XhqHnN811Qpez8X9kCcGHoa,CrJo8QX9zYv7g6mkWXciMU2rEqftyDMSiX9Lmfymbcmb,459248640,0.45924864,65856
validator_history,HistoryJTGbKQD2mRgLZ3XhqHnN811Qpez8X9kCcGHoa,3cqDf61jNjb6Rm7VBb3pWvWAnbaoTCifZSWqpSJywzzN,459248640,0.45924864,65856
validator_history,HistoryJTGbKQD2mRgLZ3XhqHnN811Qpez8X9kCcGHoa,7DKZjfo2UpFiR1GSQJqz7WLTXJzDN2psEu9nB6sp5yNv,459248640,0.45924864,65856
validator_history,HistoryJTGbKQD2mRgLZ3XhqHnN811Qpez8X9kCcGHoa,E6UMTZJiFk1oXiKBNBbh49Fre6dFfd4zojbsSHYyMzFp,459248640,0.45924864,65856
validator_history,HistoryJTGbKQD2mRgLZ3XhqHnN811Qpez8X9kCcGHoa,Atf7sQ4gywad7Wr73tZCjXWPDe2avKjTZMqR7vGsEsrU,459248640,0.45924864,65856
validator_history,HistoryJTGbKQD2mRgLZ3XhqHnN811Qpez8X9kCcGHoa,D5oDGU2ENsS4sYAcM1NgTLvQxrY7DbSiUzZEfLcGK9DG,459248640,0.45924864,65856
validator_history,HistoryJTGbKQD2mRgLZ3XhqHnN811Qpez8X9kCcGHoa,FawwSFBuvsbGdyRTYXtggw3mo8aCBsRaDT8nhANKyN5h,459248640,0.45924864,65856
validator_history,HistoryJTGbKQD2mRgLZ3XhqHnN811Qpez8X9kCcGHoa,43jzQXbrsVNRZ54m5V5NhPRhmq49r1Qfai5ZmtxWrMMZ,459248640,0.45924864,65856
validator_history,HistoryJTGbKQD2mRgLZ3XhqHnN811Qpez8X9kCcGHoa,9Qd35ACjxaXRCBdCUv1GvoGcbox5aqXxj1k538ii8wqb,459248640,0.45924864,65856
validator_history,HistoryJTGbKQD2mRgLZ3XhqHnN811Qpez8X9kCcGHoa,3xhpWG3h54DvF11DXLUEbZevhvXToJVPabGrs7ZhHDvR,459248640,0.45924864,65856
validator_history,HistoryJTGbKQD2mRgLZ3XhqHnN811Qpez8X9kCcGHoa,APK4fgR6bhwt2UQmF6MgpZaQFEUkNg6qa3pNSeeWuWmE,459248640,0.45924864,65856
validator_history,HistoryJTGbKQD2mRgLZ3XhqHnN811Qpez8X9kCcGHoa,LPJXFT3ERagNABSvJdcrDqxZM7FG13D3fDNHXFg18CP,459248640,0.45924864,65856
validator_history,HistoryJTGbKQD2mRgLZ3XhqHnN811Qpez8X9kCcGHoa,AXwWwtQrS1Z91LS3iG9WbZsRYLHP3d3xwtdxsk6msUZ2,459248640,0.45924864,65856
validator_history,HistoryJTGbKQD2mRgLZ3XhqHnN811Qpez8X9kCcGHoa,BFQayqAHRXjRbBEePTYamEgBSj5bqHtFn9T2vd9PijK5,459248640,0.45924864,65856
validator_history,HistoryJTGbKQD2mRgLZ3XhqHnN811Qpez8X9kCcGHoa,92P3hS9Sg2k3Py7N6VaWkTBXYK9pF1xBDmQEdcTEueP2,459248640,0.45924864,65856
validator_history,HistoryJTGbKQD2mRgLZ3XhqHnN811Qpez8X9kCcGHoa,6rBx47otJac7f2Xftj6yhbh8ivpZUz9NNhQaZ5hpQxgK,459248640,0.45924864,65856
validator_history,HistoryJTGbKQD2mRgLZ3XhqHnN811Qpez8X9kCcGHoa,BwzpAnHkhhkqNVXRQt6GX4vtYsefjZ4L3rwLYJJkGQQa,459248640,0.45924864,65856
validator_history,HistoryJTGbKQD2mRgLZ3XhqHnN811Qpez8X9kCcGHoa,HNvE67X7ki9c75Ge3e4NG9mskc8fjqZCpwRuxRNbFpag,459248640,0.45924864,65856
validator_history,HistoryJTGbKQD2mRgLZ3XhqHnN811Qpez8X9kCcGHoa,HkApxnQ7xYaSp73oz7B818fWT8AbhjWbegSTQjYVzDqd,459248640,0.45924864,65856
validator_history,HistoryJTGbKQD2mRgLZ3XhqHnN811Qpez8X9kCcGHoa,DMmvdReS39GRmjgE41ZLKpC21VHqUAB7WNyvecgeFbox,459248640,0.45924864,65856
validator_history,HistoryJTGbKQD2mRgLZ3XhqHnN811Qpez8X9kCcGHoa,ASpTWhTSitv3nwCg6XtVETmo1ndDr4qvnoeiUwS2Toe9,459248640,0.45924864,65856
validator_history,HistoryJTGbKQD2mRgLZ3XhqHnN811Qpez8X9kCcGHoa,H4gLF9LMcZnSkrq5nmNBMTRr1Fu14cFnctzvpQv24jqV,459248640,0.45924864,65856
validator_history,HistoryJTGbKQD2mRgLZ3XhqHnN811Qpez8X9kCcGHoa,3Zg7vFiXUPbZVTLkEi23Nn9rsiNY7y8PTU3eXqm592fq,459248640,0.45924864,65856
validator_history,HistoryJTGbKQD2mRgLZ3XhqHnN811Qpez8X9kCcGHoa,29SasTbtNTg9rXJAoMe4bJU4mckJ91mXbszU7Zmm9VDF,459248640,0.45924864,65856
validator_history,HistoryJTGbKQD2mRgLZ3XhqHnN811Qpez8X9kCcGHoa,2LqT5JXshY9qWqvecwLQrcvpQ13NkboHnrBQKyFyxeCj,459248640,0.45924864,65856
validator_history,HistoryJTGbKQD2mRgLZ3XhqHnN811Qpez8X9kCcGHoa,ioFiHpQ4yJaCQK33YZBUaod3zPvEDNsoCk1bM1A3DRB,459248640,0.45924864,65856
validator_history,HistoryJTGbKQD2mRgLZ3XhqHnN811Qpez8X9kCcGHoa,GcVz5GEXzhJtijJid3SQ4Z3C2zyVJgdn72LYKHygNqnY,459248640,0.45924864,65856
validator_history,HistoryJTGbKQD2mRgLZ3XhqHnN811Qpez8X9kCcGHoa,8mbd4UX4MxV7XUPKqcMSQC4wUnMkUZu5JJRt8miz2y9y,459248640,0.45924864,65856
validator_history,HistoryJTGbKQD2mRgLZ3XhqHnN811Qpez8X9kCcGHoa,71LXbMQBgszPjuKJJBuDZDB78XrSzbvW32vr6X3FRjWk,459248640,0.45924864,65856
validator_history,HistoryJTGbKQD2mRgLZ3XhqHnN811Qpez8X9kCcGHoa,8EPN2vk7CMFqw8NWF2D3swu7ts9eHXXZQgqxJ14jx6AH,459248640,0.45924864,65856
validator_history,HistoryJTGbKQD2mRgLZ3XhqHnN811Qpez8X9kCcGHoa,3ptw2gLDgfwXfJt37hvTjPQLMhpHqCepgfcJRDw4GKBS,459248640,0.45924864,65856
validator_history,HistoryJTGbKQD2mRgLZ3XhqHnN811Qpez8X9kCcGHoa,2VnJgrcw8u9KdQmF2ce14yhBNULVeWP32UAXUhBc5T5j,459248640,0.45924864,65856
validator_history,HistoryJTGbKQD2mRgLZ3XhqHnN811Qpez8X9kCcGHoa,FPtm8fBZTC92uLfohcwPRfdG2FD4frY8k38avtQdthco,459248640,0.45924864,65856
validator_history,HistoryJTGbKQD2mRgLZ3XhqHnN811Qpez8X9kCcGHoa,AaroXUXMmHwtoXbM96yaowanTQMrQ3ELLt7MFKsqNLdr,459248640,0.45924864,65856
validator_history,HistoryJTGbKQD2mRgLZ3XhqHnN811Qpez8X9kCcGHoa,4AqkrDZzkUYe3GD2qBMsVgHF8jYKMRkLb1oXmhpwQQ8y,459248640,0.45924864,65856
validator_history,HistoryJTGbKQD2mRgLZ3XhqHnN811Qpez8X9kCcGHoa,B3idNgkXW6nLAkZpyMhTCH8QMx4uBQxWy9k7R4ZnJEvL,459248640,0.45924864,65856
validator_history,HistoryJTGbKQD2mRgLZ3XhqHnN811Qpez8X9kCcGHoa,gpdd5DpgLmRk6hDtU9pZbj3CnmTBxdgt9FPgnCun5zx,459248640,0.45924864,65856
validator_history,HistoryJTGbKQD2mRgLZ3XhqHnN811Qpez8X9kCcGHoa,6awifGpKFUbPQKvxqMapnAbL9u85BRpKLubcgkBYyBNH,459248640,0.45924864,65856
validator_history,HistoryJTGbKQD2mRgLZ3XhqHnN811Qpez8X9kCcGHoa,4hzaejR3LoaVmugGLPMp2B4SnNhKpUSRPkRyeEx417g4,459248640,0.45924864,65856
validator_history,HistoryJTGbKQD2mRgLZ3XhqHnN811Qpez8X9kCcGHoa,FszqezDTa7YqzAYzPox4gK35Y8UXCWEUjK6PeDnKwDGW,459248640,0.45924864,65856
validator_history,HistoryJTGbKQD2mRgLZ3XhqHnN811Qpez8X9kCcGHoa,6tofRvrP9bfWPbLGLBaLYMkkrR5nfTGCRYCsJnTHueke,459248640,0.45924864,65856
validator_history,HistoryJTGbKQD2mRgLZ3XhqHnN811Qpez8X9kCcGHoa,5pjvx3kPAR6PcaDoDc9aK12p6PYEbFUpBs334qGsFNEB,459248640,0.45924864,65856
validator_history,HistoryJTGbKQD2mRgLZ3XhqHnN811Qpez8X9kCcGHoa,EJSJeREQdiScDzhA5y5BTCswhNbAr5sSwomddjxS1UdJ,459248640,0.45924864,65856
validator_history,HistoryJTGbKQD2mRgLZ3XhqHnN811Qpez8X9kCcGHoa,3aFJ8eN42SC6zPryfFHAKJg4ma5VfbzXy8q36npYL3he,459248640,0.45924864,65856
validator_history,HistoryJTGbKQD2mRgLZ3XhqHnN811Qpez8X9kCcGHoa,HSuc1ycjejFrwRio9y3Tgxo7mGEhGciSSCTXz2kM2mdb,459248640,0.45924864,65856
validator_history,HistoryJTGbKQD2mRgLZ3XhqHnN811Qpez8X9kCcGHoa,gA6pDYJ1maFuYHhpqSCGJADmiTFwxfBwxi9ugNwgCLy,459248640,0.45924864,65856
validator_history,HistoryJTGbKQD2mRgLZ3XhqHnN811Qpez8X9kCcGHoa,3dEK8sdebxJ5bdvnBuMoMM6pG6xvvGM5aX1iBhR8m4L8,459248640,0.45924864,65856
validator_history,HistoryJTGbKQD2mRgLZ3XhqHnN811Qpez8X9kCcGHoa,AjfUkdgrwZwsTGm4kNH1SPYiz3c1CwSLiccwG64MCu9r,459248640,0.45924864,65856
validator_history,HistoryJTGbKQD2mRgLZ3XhqHnN811Qpez8X9kCcGHoa,3GcEPhwM3EgDj7zGLZFmKL2s7L3xKB6yP86hyUCmFp6B,459248640,0.45924864,65856
validator_history,HistoryJTGbKQD2mRgLZ3XhqHnN811Qpez8X9kCcGHoa,EKzozLfeFRza4iow7jqhHnrA8mN3nui92HLE2c2BZJ6g,459248640,0.45924864,65856
validator_history,HistoryJTGbKQD2mRgLZ3XhqHnN811Qpez8X9kCcGHoa,2kcnjiwMYu8Z9CRASC66GSCxtyKbDckUqx4P2ndaNSvq,459248640,0.45924864,65856
validator_history,HistoryJTGbKQD2mRgLZ3XhqHnN811Qpez8X9kCcGHoa,4wMrjjPX65bGFJuEfjea1tSkRnvNjCvHfFqC5Cw6vvH1,459248640,0.45924864,65856
validator_history,HistoryJTGbKQD2mRgLZ3XhqHnN811Qpez8X9kCcGHoa,4yL54jn3i5mj5iKiSkR6LNfAPZaWDbdPHNPbWi1UTeZH,459248640,0.45924864,65856
validator_history,HistoryJTGbKQD2mRgLZ3XhqHnN811Qpez8X9kCcGHoa,AA6ema4go2SLVzGi1oxjrkd57PKkaqPFRFCsdiLXbbbv,459248640,0.45924864,65856
validator_history,HistoryJTGbKQD2mRgLZ3XhqHnN811Qpez8X9kCcGHoa,3n6P8UfsH2RmiY4Xf4LfTnwtZbTtjXoHD1kCpy28AeKe,459248640,0.45924864,65856
validator_history,HistoryJTGbKQD2mRgLZ3XhqHnN811Qpez8X9kCcGHoa,B38vaAzRiMVgCig5eWfRwyXmLK1UT3X2UJiRVq9t7eVB,459248640,0.45924864,65856
validator_history,HistoryJTGbKQD2mRgLZ3XhqHnN811Qpez8X9kCcGHoa,CBuTbzRBQJzcHaPg9orBp5R336riosFiUPsctEk8XfKH,459248640,0.45924864,65856
validator_history,HistoryJTGbKQD2mRgLZ3XhqHnN811Qpez8X9kCcGHoa,7szHYhGAWwYTxppUSraME5JP21p3YxN5CHxUaH8aW4Qo,459248640,0.45924864,65856
validator_history,HistoryJTGbKQD2mRgLZ3XhqHnN811Qpez8X9kCcGHoa,Gt8dTyv5tSUAuwHmPwMhKDBJEYGTFGZZSehE9HJuTp5c,459248640,0.45924864,65856
validator_history,HistoryJTGbKQD2mRgLZ3XhqHnN811Qpez8X9kCcGHoa,4HMkJtMhCJxdDB1cthCDeniHqCkeA5E2NGxw6vDDxoQw,459249389,0.459249389,65856
validator_history,HistoryJTGbKQD2mRgLZ3XhqHnN811Qpez8X9kCcGHoa,6z5Wzi93eBGrZ1qajvpcBUgrTSkvH5rpRmFuCzuVvXB8,459248640,0.45924864,65856
validator_history,HistoryJTGbKQD2mRgLZ3XhqHnN811Qpez8X9kCcGHoa,52UYny69whabwozPszo32ufsHiBoJonaUzWmUjfkFFgv,459248640,0.45924864,65856
validator_history,HistoryJTGbKQD2mRgLZ3XhqHnN811Qpez8X9kCcGHoa,QG3r8vvM277n51mj6LLEkZZmtkuvmbYPQiyCcfKsV3d,459248640,0.45924864,65856
validator_history,HistoryJTGbKQD2mRgLZ3XhqHnN811Qpez8X9kCcGHoa,FSFXm9coVXvfcHHH4MdFzbbNnkS99wHZBRFvEvDJcf99,459248640,0.45924864,65856
validator_history,HistoryJTGbKQD2mRgLZ3XhqHnN811Qpez8X9kCcGHoa,AnJSTsaZtNhxqwvFc7fX2zuop9qTWVXe5pnyVT1yWmeu,459248640,0.45924864,65856
validator_history,HistoryJTGbKQD2mRgLZ3XhqHnN811Qpez8X9kCcGHoa,88HV9sgVuRKJeiAw8Uq2C4i8JfR9iWJaMa6n1zg39Bfx,459248640,0.45924864,65856
validator_history,HistoryJTGbKQD2mRgLZ3XhqHnN811Qpez8X9kCcGHoa,FCJUpWurU1x78YuTXhBPzQXkbdkHMc2XunfpJz2wMAAV,459248640,0.45924864,65856
validator_history,HistoryJTGbKQD2mRgLZ3XhqHnN811Qpez8X9kCcGHoa,HCXZpjzkUgXbbi7KnMys96ZNsDmLE2p4XyLLQZ7JNuvL,459248640,0.45924864,65856
validator_history,HistoryJTGbKQD2mRgLZ3XhqHnN811Qpez8X9kCcGHoa,F8AnbfaXaQBgUXLquin1ukTzg66eDTx48WgS9KvZ66Dt,459248640,0.45924864,65856
validator_history,HistoryJTGbKQD2mRgLZ3XhqHnN811Qpez8X9kCcGHoa,ATbKZiVMoEXdPCpjnv6cy6DsvAYwFUcsxPHtgdGJuGUK,459248640,0.45924864,65856
validator_history,HistoryJTGbKQD2mRgLZ3XhqHnN811Qpez8X9kCcGHoa,7ZeCnb7FpB9DAccY2P7jPJBtWFnsAyrPtsXW4xep2bV9,459248640,0.45924864,65856
validator_history,HistoryJTGbKQD2mRgLZ3XhqHnN811Qpez8X9kCcGHoa,Ei2RUdQBUxhQGfLzr478hEXYpK5mKZHqKpUyT4d1RzrP,459248640,0.45924864,65856
validator_history,HistoryJTGbKQD2mRgLZ3XhqHnN811Qpez8X9kCcGHoa,CkuR3ZRBRzmvQJcLJxp8tBRshP2eiAPef674AidaKKWv,459248640,0.45924864,65856
validator_history,HistoryJTGbKQD2mRgLZ3XhqHnN811Qpez8X9kCcGHoa,EHriNuZFCEcBoJfccS1ftYYzDsJj1VYGtt5kmz85YFDY,459248640,0.45924864,65856
validator_history,HistoryJTGbKQD2mRgLZ3XhqHnN811Qpez8X9kCcGHoa,AunmUoj7amHdrP6YERrNyNqPdAioqbVhadVfG2vhPfMn,459248640,0.45924864,65856
validator_history,HistoryJTGbKQD2mRgLZ3XhqHnN811Qpez8X9kCcGHoa,DsRVuKuXGwK22dAjfLbGdZJVpK1CETJkrvt94vNSbFdu,459248640,0.45924864,65856
validator_history,HistoryJTGbKQD2mRgLZ3XhqHnN811Qpez8X9kCcGHoa,9ckvUw3hP3Zfta8W2yYwd9FiKwMvML5AhKKEWZwpf9v9,459248640,0.45924864,65856
validator_history,HistoryJTGbKQD2mRgLZ3XhqHnN811Qpez8X9kCcGHoa,EAVDmsin7suLq1e3z1dqRM12pNri5mjQZtNrKWecSYMW,459248640,0.45924864,65856
validator_history,HistoryJTGbKQD2mRgLZ3XhqHnN811Qpez8X9kCcGHoa,GhCLuSayWHygPRFSvzmfuLu6ahgpXyLQm4pGJ4R4nkvN,459248640,0.45924864,65856
validator_history,HistoryJTGbKQD2mRgLZ3XhqHnN811Qpez8X9kCcGHoa,F6QgGrz3g8Pq9mpgZfEYQnU2AU8svuLUYjNwPEQKBoQL,459248640,0.45924864,65856
validator_history,HistoryJTGbKQD2mRgLZ3XhqHnN811Qpez8X9kCcGHoa,9gtUcr9obeJ6whFZ5DSPRzhEQxPReimZzjVhu4E5FNHB,459248640,0.45924864,65856
validator_history,HistoryJTGbKQD2mRgLZ3XhqHnN811Qpez8X9kCcGHoa,BnGrn51FENedLgcdEn7B6Mvwn4Rc7n9VmxAHEyRmzK3n,459248640,0.45924864,65856
validator_history,HistoryJTGbKQD2mRgLZ3XhqHnN811Qpez8X9kCcGHoa,AWGXTheRt2QoG8MpRYoLCRuU1QT4LFsNSJHBg2FncHQk,459248640,0.45924864,65856
validator_history,HistoryJTGbKQD2mRgLZ3XhqHnN811Qpez8X9kCcGHoa,CBPSgzTD95GfBLW7v9tjhS52ULEJcLB2iZg1yExJRHQr,459248640,0.45924864,65856
validator_history,HistoryJTGbKQD2mRgLZ3XhqHnN811Qpez8X9kCcGHoa,9ozANSFAfVWfuFX6L8bw1MwRDpoNMyMngc6Qss7EzG4Z,459248640,0.45924864,65856
validator_history,HistoryJTGbKQD2mRgLZ3XhqHnN811Qpez8X9kCcGHoa,8rojh8tA9XNvKq2wTGsyY1UgvJC2ZsEe7R4T7aLSG3y9,459248640,0.45924864,65856
validator_history,HistoryJTGbKQD2mRgLZ3XhqHnN811Qpez8X9kCcGHoa,D7YWj9kVGhaSWoxJvLDDCu2wYgDMAiLWGYxMQWm3Trat,459248640,0.45924864,65856
validator_history,HistoryJTGbKQD2mRgLZ3XhqHnN811Qpez8X9kCcGHoa,7mzLcnsKx4GDKDGiK4SWSv17fBE1Ns3UeHjpos4TBH56,459248640,0.45924864,65856
validator_history,HistoryJTGbKQD2mRgLZ3XhqHnN811Qpez8X9kCcGHoa,5EV9EQDnStmQYCt4Pcex8H4qGMFVkz4fLvNntpjyY9H6,459248640,0.45924864,65856
validator_history,HistoryJTGbKQD2mRgLZ3XhqHnN811Qpez8X9kCcGHoa,4SwKP99gxwdcDVUNv2uJm8ZKudHYYToNpKxWvQjwqYz6,459248640,0.45924864,65856
validator_history,HistoryJTGbKQD2mRgLZ3XhqHnN811Qpez8X9kCcGHoa,4tfEaQ6vCihhiV36JUBmGo5EdTHSQrfvmzg6EyTUgFPG,459248640,0.45924864,65856
validator_history,HistoryJTGbKQD2mRgLZ3XhqHnN811Qpez8X9kCcGHoa,EyE6p1meaTdjnUPdGYteB74rWdtpZswVqEGjkEVZaFqD,459248640,0.45924864,65856
validator_history,HistoryJTGbKQD2mRgLZ3XhqHnN811Qpez8X9kCcGHoa,3mu1qkHzeKZ21tb2cXsjA6c2VUW9wVMyjLo5cR81HajY,459248640,0.45924864,65856
validator_history,HistoryJTGbKQD2mRgLZ3XhqHnN811Qpez8X9kCcGHoa,5AwQ47K3tWg7gHjjvNgo1aHFiTTefSyufuKQL1MjuJDC,459248640,0.45924864,65856
validator_history,HistoryJTGbKQD2mRgLZ3XhqHnN811Qpez8X9kCcGHoa,CmSmb24WFpX4VquxvaSCMs8E6qprgnxjyFA4BApWpLhV,459248640,0.45924864,65856
validator_history,HistoryJTGbKQD2mRgLZ3XhqHnN811Qpez8X9kCcGHoa,2zqAEEZZ8JWwWRDAdbZTrtxnDcd6NEdLsRNDnfbcsxFJ,459248640,0.45924864,65856
validator_history,HistoryJTGbKQD2mRgLZ3XhqHnN811Qpez8X9kCcGHoa,CzHPGV5YrB8meYWihrWBZGgSDH88nuL3BeQMyghD6BbM,459248640,0.45924864,65856
validator_history,HistoryJTGbKQD2mRgLZ3XhqHnN811Qpez8X9kCcGHoa,4Zfpb5zq9jZvpuG9s8sioc3xB1iZsx1NqZQS7aNfXqrg,459248640,0.45924864,65856
validator_history,HistoryJTGbKQD2mRgLZ3XhqHnN811Qpez8X9kCcGHoa,DoojEZqQKE3qopi3DPy2keZ1rTLYXUjTDmCMLY6uToxy,459248640,0.45924864,65856
validator_history,HistoryJTGbKQD2mRgLZ3XhqHnN811Qpez8X9kCcGHoa,3cuVLEYu7ai3yPy1GHFentLkx6ttLGc9R5WisP3DSbCr,459248640,0.45924864,65856
validator_history,HistoryJTGbKQD2mRgLZ3XhqHnN811Qpez8X9kCcGHoa,FjRStCQ3irsPehB4LioAAWFMaai3E8zhZPXztXo8wgSW,459248640,0.45924864,65856
validator_history,HistoryJTGbKQD2mRgLZ3XhqHnN811Qpez8X9kCcGHoa,5zq9URdz4z1VmP7YMCpdo8ZuHe61Jx2Xn5hgLcV4aMe4,459248640,0.45924864,65856
validator_history,HistoryJTGbKQD2mRgLZ3XhqHnN811Qpez8X9kCcGHoa,6F3JsRx2KcoMvdThg8LFk9S7m9iJ7yVX3JEiFNNUKwuX,459248640,0.45924864,65856
validator_history,HistoryJTGbKQD2mRgLZ3XhqHnN811Qpez8X9kCcGHoa,BKS6uM2dmJao7e2yjmgUbFNrFpxr6jbsCSytxvQWJ8RX,459248640,0.45924864,65856
validator_history,HistoryJTGbKQD2mRgLZ3XhqHnN811Qpez8X9kCcGHoa,8jDmmbkjJFAufR92gBeyX5tS1QJREAXJXNqZ2yZqQjfD,459248640,0.45924864,65856
validator_history,HistoryJTGbKQD2mRgLZ3XhqHnN811Qpez8X9kCcGHoa,69wXGgwz94bKAdCtH6LTFe3pZxBa4Q1AtybTLVYtcs4A,459248640,0.45924864,65856
validator_history,HistoryJTGbKQD2mRgLZ3XhqHnN811Qpez8X9kCcGHoa,EJNUhbcR467kQgW98yBeRBQw1ALZpz3gdmnUfsA5PYYM,459248640,0.45924864,65856
validator_history,HistoryJTGbKQD2mRgLZ3XhqHnN811Qpez8X9kCcGHoa,9GnqWXaXYS1XznbFb1Bir7AjRxkkKY1fiudGkGqRDmjD,459248640,0.45924864,65856
validator_history,HistoryJTGbKQD2mRgLZ3XhqHnN811Qpez8X9kCcGHoa,2SxmyQTXwdVekX2zhtJbpxPLsockw4vhb8Ku6CzouBu2,459248640,0.45924864,65856
validator_history,HistoryJTGbKQD2mRgLZ3XhqHnN811Qpez8X9kCcGHoa,4CsWzF11hTyw99qK5V86qsxvxUqQg1SHjT9xw73pVHdV,459248640,0.45924864,65856
validator_history,HistoryJTGbKQD2mRgLZ3XhqHnN811Qpez8X9kCcGHoa,98NWQYytr1rhQCAC1NhyqDfKbsfQB4kPyyebJ5PRCBRs,459248640,0.45924864,65856
validator_history,HistoryJTGbKQD2mRgLZ3XhqHnN811Qpez8X9kCcGHoa,6pCqfpNDz9YWGEch5wktoG5TR3dzwopvVjmfnDPoExTv,459248640,0.45924864,65856
validator_history,HistoryJTGbKQD2mRgLZ3XhqHnN811Qpez8X9kCcGHoa,2yTTc7WaxyKXoWV3hKch4STVhYUpXFnzeKeUJJurTGgq,459248640,0.45924864,65856
validator_history,HistoryJTGbKQD2mRgLZ3XhqHnN811Qpez8X9kCcGHoa,7QXZdpb8a2LHVExxhTPGhBFC6NGiy5EqVMAo7PA7F26T,459248640,0.45924864,65856
validator_history,HistoryJTGbKQD2mRgLZ3XhqHnN811Qpez8X9kCcGHoa,4Qqmjz5dz1D2K4i4b6ezLtWPH4JoRtbV9nu7dczrxH62,459248640,0.45924864,65856
validator_history,HistoryJTGbKQD2mRgLZ3XhqHnN811Qpez8X9kCcGHoa,Ec7jGDcT81zRoYdDPogPF3BnKf3ufDnoMusZESErCHag,459248640,0.45924864,65856
validator_history,HistoryJTGbKQD2mRgLZ3XhqHnN811Qpez8X9kCcGHoa,Ckr9VabuG6k9EwfnUsjkNEFLGfzoSNRnidGrDUz21z9A,459248640,0.45924864,65856
validator_history,HistoryJTGbKQD2mRgLZ3XhqHnN811Qpez8X9kCcGHoa,28TGJPHQQrZt4eJz9ZSyp4yGidzNB4ZbpHYVLRFdEH8t,459248640,0.45924864,65856
validator_history,HistoryJTGbKQD2mRgLZ3XhqHnN811Qpez8X9kCcGHoa,DUi9w726PLDYmjSmDtGP8xPbg8cp41PqEgd2JLqnCpHJ,459248640,0.45924864,65856
validator_history,HistoryJTGbKQD2mRgLZ3XhqHnN811Qpez8X9kCcGHoa,6HSsyFffqDYn7ZXqx3qFDzZK9Smkt78j7b9i339PMA91,459248640,0.45924864,65856
validator_history,HistoryJTGbKQD2mRgLZ3XhqHnN811Qpez8X9kCcGHoa,HqzgNBhcP7dHr9utrhFKXetHRFFQ1HKhdZtT4D7jkYCY,459248640,0.45924864,65856
validator_history,HistoryJTGbKQD2mRgLZ3XhqHnN811Qpez8X9kCcGHoa,CsP2c7YPM2sGSZrvk87WfsbpsHACMrsKMPBwmJMZWoWt,459248640,0.45924864,65856
validator_history,HistoryJTGbKQD2mRgLZ3XhqHnN811Qpez8X9kCcGHoa,54BsUJbux3Nv4jGWC33qAHwoUG99R5Qr8f4dDd21ckY5,459248640,0.45924864,65856
validator_history,HistoryJTGbKQD2mRgLZ3XhqHnN811Qpez8X9kCcGHoa,7Hfk9aWW72pCb3WiogY3aYbgyji3NR7NaBUiVmXu9UCc,459248640,0.45924864,65856
validator_history,HistoryJTGbKQD2mRgLZ3XhqHnN811Qpez8X9kCcGHoa,7MotLUjg99Gx1kpxXBA5aJhGjWmEJufmvYRnLBorsCvp,459248640,0.45924864,65856
validator_history,HistoryJTGbKQD2mRgLZ3XhqHnN811Qpez8X9kCcGHoa,BNCeBLCcufYiGpcU7pEnghcURUVun2vCWBtKs6NXjYqM,459248640,0.45924864,65856
validator_history,HistoryJTGbKQD2mRgLZ3XhqHnN811Qpez8X9kCcGHoa,A7rHDK7b16n2vbL72b246VCdT1yDLq34DJwao8w55vCv,459248640,0.45924864,65856
validator_history,HistoryJTGbKQD2mRgLZ3XhqHnN811Qpez8X9kCcGHoa,3vChDAio8wrNiWjPJ4z35CQZVefs1yMwrkmyqaphQvGL,459248640,0.45924864,65856
validator_history,HistoryJTGbKQD2mRgLZ3XhqHnN811Qpez8X9kCcGHoa,J1yj9rQGUBEcxyPayKF76knXxZ8gnStXkrUbK4RdBySy,459248640,0.45924864,65856
validator_history,HistoryJTGbKQD2mRgLZ3XhqHnN811Qpez8X9kCcGHoa,Hd2ZvhmZaNfD5wdphiAVZGLcaATAJVXTSDZom2eWjb2h,459248640,0.45924864,65856
validator_history,HistoryJTGbKQD2mRgLZ3XhqHnN811Qpez8X9kCcGHoa,H6tzyZy7rhA1BmBH9VsMuUx9GUxu1ThQZbXMcGV1WJ6R,459248640,0.45924864,65856
validator_history,HistoryJTGbKQD2mRgLZ3XhqHnN811Qpez8X9kCcGHoa,AePuz7srp4oydQnCDQ1wRSMNDt6PXg8Gx3d8oU2U3EAC,459248640,0.45924864,65856
validator_history,HistoryJTGbKQD2mRgLZ3XhqHnN811Qpez8X9kCcGHoa,DW86RjgNSraC7gS3tRGhQukxp9qYLnXgbn7VBBw52nBq,459248640,0.45924864,65856
validator_history,HistoryJTGbKQD2mRgLZ3XhqHnN811Qpez8X9kCcGHoa,Exzsrt5q4DsERPY6b81f765Qf3Xg5c5zz7q79MMuui3b,459248640,0.45924864,65856
validator_history,HistoryJTGbKQD2mRgLZ3XhqHnN811Qpez8X9kCcGHoa,9qJA2c7jr8whWtWgz2RFsSdcdWa6A9iPV1ihkHfNPZdM,459248640,0.45924864,65856
validator_history,HistoryJTGbKQD2mRgLZ3XhqHnN811Qpez8X9kCcGHoa,5V5d6ewGxgRfoe2yThZ3fb1EESyMnhPc4sT85LfDMXaA,459248640,0.45924864,65856
validator_history,HistoryJTGbKQD2mRgLZ3XhqHnN811Qpez8X9kCcGHoa,5qMEU8MhcamXqV1Hf9RW8W2mFNX3VYTgcETCPLvwHZyn,459248640,0.45924864,65856
validator_history,HistoryJTGbKQD2mRgLZ3XhqHnN811Qpez8X9kCcGHoa,DhGZaK6FiJTzJpvDFhcMhWM3z5bpqPNMQZotqQkaLNNS,459248640,0.45924864,65856
validator_history,HistoryJTGbKQD2mRgLZ3XhqHnN811Qpez8X9kCcGHoa,97bbbakGofg5TpjqSLxjovYPcbzYVteXmQ3KwBeW4XTV,459248640,0.45924864,65856
validator_history,HistoryJTGbKQD2mRgLZ3XhqHnN811Qpez8X9kCcGHoa,emFX9F42ncZmEgdTYkYgmzwvmaMbzW8hoMsRSRFv26C,459248640,0.45924864,65856
validator_history,HistoryJTGbKQD2mRgLZ3XhqHnN811Qpez8X9kCcGHoa,BEPPafE1s79WM4sFu1HRVwzMV96sg1zkxzbr6vKvtaSn,459248640,0.45924864,65856
validator_history,HistoryJTGbKQD2mRgLZ3XhqHnN811Qpez8X9kCcGHoa,7bht8Nq9MPoprNYxy9dfRejhXXYTQvU5Z5TzUuxXXm3V,459248640,0.45924864,65856
validator_history,HistoryJTGbKQD2mRgLZ3XhqHnN811Qpez8X9kCcGHoa,3RfHQ5RojJbiXCgJURQZPfkjvGYjqLHk3r5LZGYebNCy,459248640,0.45924864,65856
validator_history,HistoryJTGbKQD2mRgLZ3XhqHnN811Qpez8X9kCcGHoa,FpRfxvRKKQjnRrRNrN5YCXx2NLAF8EEadGMjCsCpPVwm,459248640,0.45924864,65856
validator_history,HistoryJTGbKQD2mRgLZ3XhqHnN811Qpez8X9kCcGHoa,2XNNtS6UnH41yZZs6JRPJhQq8xpFq7VcCmk4aVGhCYHn,459248640,0.45924864,65856
validator_history,HistoryJTGbKQD2mRgLZ3XhqHnN811Qpez8X9kCcGHoa,ASWFiR5Zv12ZpRazSbcPnCL88o7aVUuHha46BpuLHG8w,459248640,0.45924864,65856
validator_history,HistoryJTGbKQD2mRgLZ3XhqHnN811Qpez8X9kCcGHoa,DL4kAnpKiWiDnAFhm8S8rw9cK8DmZft76ew9yrWfMfKy,459248640,0.45924864,65856
validator_history,HistoryJTGbKQD2mRgLZ3XhqHnN811Qpez8X9kCcGHoa,J2pbnhv1azfVFHXe4Aw3arZWo84HJvzsuxpJZXwBqrs8,459248640,0.45924864,65856
validator_history,HistoryJTGbKQD2mRgLZ3XhqHnN811Qpez8X9kCcGHoa,6v78Cm9AfbPwfSrzHFYZgoqZrLfcFUhrDt12NfTATQw1,459248640,0.45924864,65856
validator_history,HistoryJTGbKQD2mRgLZ3XhqHnN811Qpez8X9kCcGHoa,4z5cFGZGw7fizHRKfCUWEvbTFiDyYow1XaMM2eNx2RUn,459248640,0.45924864,65856
validator_history,HistoryJTGbKQD2mRgLZ3XhqHnN811Qpez8X9kCcGHoa,9XHjFyfvV9Pe5jQDKu1fQGfPJ2Xoz5L4sY7AM79Tfpof,459248640,0.45924864,65856
validator_history,HistoryJTGbKQD2mRgLZ3XhqHnN811Qpez8X9kCcGHoa,Gfd8nbs5oRMhy1Q7sGExWoDXjKq1EHEZurv8T2iMXpDi,459248640,0.45924864,65856
validator_history,HistoryJTGbKQD2mRgLZ3XhqHnN811Qpez8X9kCcGHoa,5ejng8ic4nEFrBLDF1Dex6EkFPJKKxXHnuJ4e1g9URVT,459248640,0.45924864,65856
validator_history,HistoryJTGbKQD2mRgLZ3XhqHnN811Qpez8X9kCcGHoa,87Xt9YaesN2kYnZoaXFC54xfyqeXnXy2fiZNdw2eEhdZ,459248640,0.45924864,65856
validator_history,HistoryJTGbKQD2mRgLZ3XhqHnN811Qpez8X9kCcGHoa,7VyiRpkB71xnJ9btLz69gwPT4spwfpGYHgho6k5WJzRd,459248640,0.45924864,65856
validator_history,HistoryJTGbKQD2mRgLZ3XhqHnN811Qpez8X9kCcGHoa,3KKZJapjJX4SCg3ruAXbuwMAf9UBzxeQT9zd6F86Dc1J,459248640,0.45924864,65856
validator_history,HistoryJTGbKQD2mRgLZ3XhqHnN811Qpez8X9kCcGHoa,FU5D2qqB99w39tRV9Y31BPCXGSiy3VvmxKuks8WQ5gjk,459248640,0.45924864,65856
validator_history,HistoryJTGbKQD2mRgLZ3XhqHnN811Qpez8X9kCcGHoa,xtMXWgZdyNzFygcEbBVcoVZN1YPPxqT3hJo12xYYCEw,459248640,0.45924864,65856
validator_history,HistoryJTGbKQD2mRgLZ3XhqHnN811Qpez8X9kCcGHoa,2yUzXmtQ49bSKA2SKfRfLdnHJ4kTTHkrHnqyMWrdtYtf,459248640,0.45924864,65856
validator_history,HistoryJTGbKQD2mRgLZ3XhqHnN811Qpez8X9kCcGHoa,BdN4RmxnU2MgsD7SfoS7ub8uw1zDNAto9rpDex8ypzCT,459248640,0.45924864,65856
validator_history,HistoryJTGbKQD2mRgLZ3XhqHnN811Qpez8X9kCcGHoa,EhwdUxhuSh7WJT36stKCNTUj417GMzrJ3LJ8YyqoKagg,459248640,0.45924864,65856
validator_history,HistoryJTGbKQD2mRgLZ3XhqHnN811Qpez8X9kCcGHoa,D1hKf26vz5huiGS82yvjfzsEFVAvuPD4gAsWvEowvZJe,459248640,0.45924864,65856
validator_history,HistoryJTGbKQD2mRgLZ3XhqHnN811Qpez8X9kCcGHoa,6Yk2uyXWtmsQUn3bKb9rMYK8EZEowUZc6V5EB66q9ppt,459248640,0.45924864,65856
validator_history,HistoryJTGbKQD2mRgLZ3XhqHnN811Qpez8X9kCcGHoa,EA9SxqhB71SdQ5yTEsvhJuFCbG2tqHd5rnMp8wuuQiBk,459248640,0.45924864,65856
validator_history,HistoryJTGbKQD2mRgLZ3XhqHnN811Qpez8X9kCcGHoa,6jPCuaQjf8Qaker9iK5FSnttJsZTiiYZpzrf8gyZVcFF,459248640,0.45924864,65856
validator_history,HistoryJTGbKQD2mRgLZ3XhqHnN811Qpez8X9kCcGHoa,G5QkLDyt8q5xqCjUd91EtpQJdLmSc6qKfBruDgJuLzw4,459248640,0.45924864,65856
validator_history,HistoryJTGbKQD2mRgLZ3XhqHnN811Qpez8X9kCcGHoa,28k43kiXxzf7M91gkqzD8jcjQZrPZ6yd8hjVX86gTqYr,459248640,0.45924864,65856
validator_history,HistoryJTGbKQD2mRgLZ3XhqHnN811Qpez8X9kCcGHoa,FZBQnp5VjeWWG72m6UzF2Rw4qRadWS5RvnDyJQc4bSXu,459248640,0.45924864,65856
validator_history,HistoryJTGbKQD2mRgLZ3XhqHnN811Qpez8X9kCcGHoa,GY3royUFstwG9xsn5xMbmUbXATLcpyJYbwxtc5Jh7JwB,459248640,0.45924864,65856
validator_history,HistoryJTGbKQD2mRgLZ3XhqHnN811Qpez8X9kCcGHoa,2yr9fHUsDypCkAZaqUyEnmCzy49XxXRWGxYiPkmUhuoh,459248640,0.45924864,65856
validator_history,HistoryJTGbKQD2mRgLZ3XhqHnN811Qpez8X9kCcGHoa,HmemdWG1Uf6RdSqUhQYk5H43mcerZUCMFBuVX6ZJXGWz,459248640,0.45924864,65856
validator_history,HistoryJTGbKQD2mRgLZ3XhqHnN811Qpez8X9kCcGHoa,6EwDoETZWZFWfYwzX4dLAR4LnDhLPZ3P6UsZQwfzCaeg,459248640,0.45924864,65856
validator_history,HistoryJTGbKQD2mRgLZ3XhqHnN811Qpez8X9kCcGHoa,2Bygiy5USmBaqKj5nvkKJfd118DdfTMqZrsgmHgNUUH4,459248640,0.45924864,65856
validator_history,HistoryJTGbKQD2mRgLZ3XhqHnN811Qpez8X9kCcGHoa,9LffYr6mpAao1MiBBph7V3xC8qHaf9gANirNankFaztL,459248640,0.45924864,65856
validator_history,HistoryJTGbKQD2mRgLZ3XhqHnN811Qpez8X9kCcGHoa,BYptfmEXrucbroJEBpGUKUL8wnKXWHrXyo4r9dtUE4zC,459248640,0.45924864,65856
validator_history,HistoryJTGbKQD2mRgLZ3XhqHnN811Qpez8X9kCcGHoa,2g8SaskkmLvActsDPHr6f1fjjZA5FL3xSbgRSoXWVGaP,459248640,0.45924864,65856
validator_history,HistoryJTGbKQD2mRgLZ3XhqHnN811Qpez8X9kCcGHoa,DbpchLTVmUF4yQKYfkAnAUgNGNC5wUNbnzhrYiyUvL2a,459248640,0.45924864,65856
validator_history,HistoryJTGbKQD2mRgLZ3XhqHnN811Qpez8X9kCcGHoa,8wCARq3UrZ1YgvMv6cYBSbboDfuhMsjyDGmFkc75tgEW,459248640,0.45924864,65856
validator_history,HistoryJTGbKQD2mRgLZ3XhqHnN811Qpez8X9kCcGHoa,2dk5xfhbavyY4rJDJckxgHEzY48wmXpPFcPpU5VtDLwN,459248640,0.45924864,65856
validator_history,HistoryJTGbKQD2mRgLZ3XhqHnN811Qpez8X9kCcGHoa,7txNds85vjRfKHbKheRha5sDeTbNdvb16AEhoZUKcHTq,459248640,0.45924864,65856
validator_history,HistoryJTGbKQD2mRgLZ3XhqHnN811Qpez8X9kCcGHoa,F4UKJScbA4FJntu2pPcjhuH3buVoEL7j1ST7uNUwwUXV,459248640,0.45924864,65856
validator_history,HistoryJTGbKQD2mRgLZ3XhqHnN811Qpez8X9kCcGHoa,AiJZKuZAorkTSm5uFwmRA9HxBfNidBboKh8doHAPvsct,459248640,0.45924864,65856
validator_history,HistoryJTGbKQD2mRgLZ3XhqHnN811Qpez8X9kCcGHoa,55jLubN8iFEeZLch6TC1YFizoJ3dFoVcmkCKmsuRjsRS,459248640,0.45924864,65856
validator_history,HistoryJTGbKQD2mRgLZ3XhqHnN811Qpez8X9kCcGHoa,8qKFArD3vCeEkVrzcZcSdeHwb4qjsE4Szm9bRxgtePZr,459248640,0.45924864,65856
validator_history,HistoryJTGbKQD2mRgLZ3XhqHnN811Qpez8X9kCcGHoa,8HWSuFAGMh7s5pnCt5pSzJcahaX5wv7m4Sc8Y913P9HN,459248640,0.45924864,65856
validator_history,HistoryJTGbKQD2mRgLZ3XhqHnN811Qpez8X9kCcGHoa,6rFtoikcpPQwNnvdrZ5ZsrnBrT5QAVy9Q2jeA5UMTpUZ,459248640,0.45924864,65856
validator_history,HistoryJTGbKQD2mRgLZ3XhqHnN811Qpez8X9kCcGHoa,T7jLPntTmvxZEiUdnKJG3AASjKm1PPS3r2pgoRs2wYD,459248640,0.45924864,65856
validator_history,HistoryJTGbKQD2mRgLZ3XhqHnN811Qpez8X9kCcGHoa,7eqpq2R61NGif1u2ztLshccs1CCRQVX6XGfUyUpzRgGk,459248640,0.45924864,65856
validator_history,HistoryJTGbKQD2mRgLZ3XhqHnN811Qpez8X9kCcGHoa,6QF2VLHs3itCFnv4QjtboWz6NEC1VLusrV1YX81MePQn,459248640,0.45924864,65856
validator_history,HistoryJTGbKQD2mRgLZ3XhqHnN811Qpez8X9kCcGHoa,DDLfwuALNgh3SGKwtEmqCBHRg4W9WZKMDcEbEghK1WtD,459248640,0.45924864,65856
validator_history,HistoryJTGbKQD2mRgLZ3XhqHnN811Qpez8X9kCcGHoa,3rF7cAJFF9YYPHkwXjPvDsafLVGbQXYcpjkb2Y1JnuNX,459248640,0.45924864,65856
validator_history,HistoryJTGbKQD2mRgLZ3XhqHnN811Qpez8X9kCcGHoa,8jgdzikmS2XoxAjodcBvmJXNdRmxF6Gew9zsvYG7fzvv,459248640,0.45924864,65856
validator_history,HistoryJTGbKQD2mRgLZ3XhqHnN811Qpez8X9kCcGHoa,66diQ9uhfnFukqPBq2HKVKkUjt16Vhq34u6JLJrdmbHy,459248640,0.45924864,65856
validator_history,HistoryJTGbKQD2mRgLZ3XhqHnN811Qpez8X9kCcGHoa,7TFrkAZB6L18fmiMf8XBw4re1d17mi3nnGvCw2HXfxcC,459248640,0.45924864,65856
validator_history,HistoryJTGbKQD2mRgLZ3XhqHnN811Qpez8X9kCcGHoa,6VCWda7QeysQcsTW4T8wqVusnYGzjcAf83JHSoo9Z4uA,459248640,0.45924864,65856
validator_history,HistoryJTGbKQD2mRgLZ3XhqHnN811Qpez8X9kCcGHoa,41w27zgUtUV9U2G8Li8gDxA7frmAd7KMihh8fXruR1fN,459248640,0.45924864,65856
validator_history,HistoryJTGbKQD2mRgLZ3XhqHnN811Qpez8X9kCcGHoa,2EKKaLbQvPGz3ud2f3zh95NFpBbvDR1uonkt4bgKTruU,459248640,0.45924864,65856
validator_history,HistoryJTGbKQD2mRgLZ3XhqHnN811Qpez8X9kCcGHoa,HiYCa4gNjHKF6dNLzxT49kaRVHgTjbX1czwVnRSnZbxU,459248640,0.45924864,65856
validator_history,HistoryJTGbKQD2mRgLZ3XhqHnN811Qpez8X9kCcGHoa,GSoY2k9bEmtJF1kvCZ8HLmv8V4p3f624pw1YR8L32LCj,459248640,0.45924864,65856
validator_history,HistoryJTGbKQD2mRgLZ3XhqHnN811Qpez8X9kCcGHoa,95qm7y2NaXaFLYZJbb8Vd9WLmvqp6HPXMvtsffvAK7Me,459248640,0.45924864,65856
validator_history,HistoryJTGbKQD2mRgLZ3XhqHnN811Qpez8X9kCcGHoa,H6xRfL3fF5jPun5VPZijWPWonZZpkoBbgda1j1us5aut,459248640,0.45924864,65856
validator_history,HistoryJTGbKQD2mRgLZ3XhqHnN811Qpez8X9kCcGHoa,HkorxVzV25zNtkekU9kX4C266U8BXq8PXjESifWSqVr3,459248640,0.45924864,65856
validator_history,HistoryJTGbKQD2mRgLZ3XhqHnN811Qpez8X9kCcGHoa,5vT1wBZHahgJhkmnK5rAHJ4iRjprQD86xujNkTgDMRry,459248640,0.45924864,65856
validator_history,HistoryJTGbKQD2mRgLZ3XhqHnN811Qpez8X9kCcGHoa,ESM4G8aFxvjHRt4GsWAKjp85AXz7zTrjwFJ2rTLcDaZK,459248640,0.45924864,65856
validator_history,HistoryJTGbKQD2mRgLZ3XhqHnN811Qpez8X9kCcGHoa,7gnc3fjsQM5ED6UDS4cGBSjJcCAg2SNJYUUpT6Rk85nc,459248640,0.45924864,65856
validator_history,HistoryJTGbKQD2mRgLZ3XhqHnN811Qpez8X9kCcGHoa,65aaUFL1oCBXi3yWvDLjtL7Hb1S5Sn55Azqt4vhw88wV,459248640,0.45924864,65856
validator_history,HistoryJTGbKQD2mRgLZ3XhqHnN811Qpez8X9kCcGHoa,3F2Y1yAVhDHAXFCxXdCwaR6jbADYN141bWnnSCfNRbq2,459248640,0.45924864,65856
validator_history,HistoryJTGbKQD2mRgLZ3XhqHnN811Qpez8X9kCcGHoa,9sb1yJWzvGBdnq3dBzjfCgaR45PL2ZxUwqXxCn3pkrvN,459248640,0.45924864,65856
validator_history,HistoryJTGbKQD2mRgLZ3XhqHnN811Qpez8X9kCcGHoa,9HWqpYu3zZ1eZRDUykYmMAh6V4dULsyAexD6domfNo3y,459248640,0.45924864,65856
validator_history,HistoryJTGbKQD2mRgLZ3XhqHnN811Qpez8X9kCcGHoa,5ddMdM3JHXYqUnzAiuXZyqGKbkDPaqzf6c3mdP6GsVRa,459248640,0.45924864,65856
validator_history,HistoryJTGbKQD2mRgLZ3XhqHnN811Qpez8X9kCcGHoa,G3Xc5MZxqnjDJsRziTCVGUfKR7AdbE5N6WwsdwF4XQxE,459248640,0.45924864,65856
validator_history,HistoryJTGbKQD2mRgLZ3XhqHnN811Qpez8X9kCcGHoa,2DVSzpJJQ5YqThoe84PYyiwBqhDcaGyLPgPpXpodQTHx,459248640,0.45924864,65856
validator_history,HistoryJTGbKQD2mRgLZ3XhqHnN811Qpez8X9kCcGHoa,7JoRdcrWB5fFaPCzqypV4YvKzdxy5MpJVxsF9NHCz7w7,459248640,0.45924864,65856
validator_history,HistoryJTGbKQD2mRgLZ3XhqHnN811Qpez8X9kCcGHoa,J4Cr7UD7bs2441W9gSETBpsYJAwXEpVBkyR7DUQdX1s4,459248640,0.45924864,65856
validator_history,HistoryJTGbKQD2mRgLZ3XhqHnN811Qpez8X9kCcGHoa,cHsoT8jrqtLB43K3y2sKtRRgEPr8BA59HqRjxXK1gR9,459248640,0.45924864,65856
validator_history,HistoryJTGbKQD2mRgLZ3XhqHnN811Qpez8X9kCcGHoa,EdzMZuQdM1gC1zudfrq3gXYQsKNwkZJ3nsD7fTUs8LYQ,459248640,0.45924864,65856
validator_history,HistoryJTGbKQD2mRgLZ3XhqHnN811Qpez8X9kCcGHoa,CuES3dFYYzVvkNuPs2K6EQ6Wcr48MGEeTPwgFr7vCw4b,459248640,0.45924864,65856
validator_history,HistoryJTGbKQD2mRgLZ3XhqHnN811Qpez8X9kCcGHoa,9NP3PdxgdkB99WbvNL1fvDx8d5i92QkdHUmsJr5beK5o,459248640,0.45924864,65856
validator_history,HistoryJTGbKQD2mRgLZ3XhqHnN811Qpez8X9kCcGHoa,2hi1fxrV4w1w1vh88zXJCQPG3zkW645q9Y5UCv2DvgXt,459248640,0.45924864,65856
validator_history,HistoryJTGbKQD2mRgLZ3XhqHnN811Qpez8X9kCcGHoa,AYd2S5YkGgbVyfFB9JMErssiSvDzGLnmKvtEkoDZ6WJZ,459248640,0.45924864,65856
validator_history,HistoryJTGbKQD2mRgLZ3XhqHnN811Qpez8X9kCcGHoa,BNhMxEGaK5kkjgMbmiZquAR4ZdttWJieKNXscLJAH14F,459248640,0.45924864,65856
validator_history,HistoryJTGbKQD2mRgLZ3XhqHnN811Qpez8X9kCcGHoa,2xVLvjiEWRS7HFPSaAGN8hJbbanGGcEq7Kpv6HAk951S,459248640,0.45924864,65856
validator_history,HistoryJTGbKQD2mRgLZ3XhqHnN811Qpez8X9kCcGHoa,23Lf9AnM8x8rjnwTqwNNmJVgGjkZBRGDCbU2fEjvgP95,459248640,0.45924864,65856
validator_history,HistoryJTGbKQD2mRgLZ3XhqHnN811Qpez8X9kCcGHoa,CH2NmASrZ346zDu511XadHCWk56RBKV2H8ahL9TK7UoL,459248640,0.45924864,65856
validator_history,HistoryJTGbKQD2mRgLZ3XhqHnN811Qpez8X9kCcGHoa,6MoL6khVDduocRYiEVA54MFtDtw24hnQvDwm2G7pf1Wz,459248640,0.45924864,65856
validator_history,HistoryJTGbKQD2mRgLZ3XhqHnN811Qpez8X9kCcGHoa,4YRYCLJAGkGZ1WMHpMc1hkLQGZ3kq89mnX2F2qqWurwk,459248640,0.45924864,65856
validator_history,HistoryJTGbKQD2mRgLZ3XhqHnN811Qpez8X9kCcGHoa,887b2JQuNRwMCBCxbmR3gPnc31sgrk6q7Z5LXS2XfAsy,459248640,0.45924864,65856
validator_history,HistoryJTGbKQD2mRgLZ3XhqHnN811Qpez8X9kCcGHoa,9s5G9sCu3Wm1NADVaq2VTzuRrBJBnGT1mv1UnsxBDxC5,459248640,0.45924864,65856
validator_history,HistoryJTGbKQD2mRgLZ3XhqHnN811Qpez8X9kCcGHoa,2B9iXLjX6o5mNc9TAx4FrioMZTvqU4i6n68vsTCt8svi,459248640,0.45924864,65856
validator_history,HistoryJTGbKQD2mRgLZ3XhqHnN811Qpez8X9kCcGHoa,4eGPEQvp3F9EEaaSQjsCyQkSi79Hd1fDjgco5kRS1q39,459248640,0.45924864,65856
validator_history,HistoryJTGbKQD2mRgLZ3XhqHnN811Qpez8X9kCcGHoa,8xx5bMsMM3aXD8T3ZZFQuJN2E1hox6mTL1TV2FyRBjUS,459248640,0.45924864,65856
validator_history,HistoryJTGbKQD2mRgLZ3XhqHnN811Qpez8X9kCcGHoa,3puEXAz4bC2TsbJ6Wc4JxaFBBUtv6HW4L7xcnh7XyS7U,459248640,0.45924864,65856
validator_history,HistoryJTGbKQD2mRgLZ3XhqHnN811Qpez8X9kCcGHoa,LT96XipBsQ8nE47yvznytzEmahEQpbUqDLop43pASCw,459248640,0.45924864,65856
validator_history,HistoryJTGbKQD2mRgLZ3XhqHnN811Qpez8X9kCcGHoa,3neBegHQgNuVp4ZHeZr6BHeCK8tHTyLGhHbhN7oy7tEM,459248640,0.45924864,65856
validator_history,HistoryJTGbKQD2mRgLZ3XhqHnN811Qpez8X9kCcGHoa,BVQYdUYPiuRnecQpqnM6yRPmcEiq22EVmhmcjtyChKrS,459248640,0.45924864,65856
validator_history,HistoryJTGbKQD2mRgLZ3XhqHnN811Qpez8X9kCcGHoa,EMjZd5XQZxPfjZLwDotFBAxSpChscUqae7HqApFp5jGW,459248640,0.45924864,65856
validator_history,HistoryJTGbKQD2mRgLZ3XhqHnN811Qpez8X9kCcGHoa,7m7zmBnexKqn5EHoBbjzCydvRwkvpwJY7zT1L39vFkn2,459248640,0.45924864,65856
validator_history,HistoryJTGbKQD2mRgLZ3XhqHnN811Qpez8X9kCcGHoa,7YNPW7PNXjcWAgeeAHZx8FvpnfAhygL9eAZ58UxVb7te,459248640,0.45924864,65856
validator_history,HistoryJTGbKQD2mRgLZ3XhqHnN811Qpez8X9kCcGHoa,EakXJ2USnTibRbqt7MaYnoonN1Ze3j9o9nxE1tCLtA6Z,459248640,0.45924864,65856
validator_history,HistoryJTGbKQD2mRgLZ3XhqHnN811Qpez8X9kCcGHoa,5YQhRL9RrEuvgSWEZ4rvkdQ8VCTYNbgwrVCnTpHWg8Zg,459248640,0.45924864,65856
validator_history,HistoryJTGbKQD2mRgLZ3XhqHnN811Qpez8X9kCcGHoa,CuRZqjeTpBmLD26CfSukXbdpJBJ1CFufSHsGh3yzvnqM,459248640,0.45924864,65856
validator_history,HistoryJTGbKQD2mRgLZ3XhqHnN811Qpez8X9kCcGHoa,Hv2pAGSn9aBoHg4GwQkEAzgCVRPeQWGBKCEKyQCuniw6,459248640,0.45924864,65856
validator_history,HistoryJTGbKQD2mRgLZ3XhqHnN811Qpez8X9kCcGHoa,AkJXHAPzmkLUvnsBAjga1hmYSoypQvGaMc8ezxrGVq63,459248640,0.45924864,65856
validator_history,HistoryJTGbKQD2mRgLZ3XhqHnN811Qpez8X9kCcGHoa,FbXyEGQoc3kkpHUYsPvtdrLofdyuFd3YtwYpXhZfJMLa,459248640,0.45924864,65856
validator_history,HistoryJTGbKQD2mRgLZ3XhqHnN811Qpez8X9kCcGHoa,HMbtFpQg6hTK7HSivDwRXm2dJL1i4T9ghKa98NGbe9XX,459248640,0.45924864,65856
validator_history,HistoryJTGbKQD2mRgLZ3XhqHnN811Qpez8X9kCcGHoa,66aMbTJGUz7CLWTYd1hLCHLS58bsiCjZm66aWxKsrA4J,459248640,0.45924864,65856
validator_history,HistoryJTGbKQD2mRgLZ3XhqHnN811Qpez8X9kCcGHoa,9RWdPgDEM7AriF8a3mpejTZnodXPq8QignQTXi4Dkktb,459248640,0.45924864,65856
validator_history,HistoryJTGbKQD2mRgLZ3XhqHnN811Qpez8X9kCcGHoa,HHTHNazu6Cbb92e7hED1ZnENTV2ZGLxXgKU7Cf8jzMw5,459248640,0.45924864,65856
validator_history,HistoryJTGbKQD2mRgLZ3XhqHnN811Qpez8X9kCcGHoa,9PXHFEgXbn62nzoxFBnCT2mzuCzeEb8vv569rkmSbXLr,459248640,0.45924864,65856
validator_history,HistoryJTGbKQD2mRgLZ3XhqHnN811Qpez8X9kCcGHoa,3wo4psrHAvdVQM6LdKUgXNeTEDamzBzYqxbhweMnPEia,459248640,0.45924864,65856
validator_history,HistoryJTGbKQD2mRgLZ3XhqHnN811Qpez8X9kCcGHoa,GZRZSk66aDK3iAhFzT5wuxZ9HDHJA7nuNiNzrGbHD69q,459248640,0.45924864,65856
validator_history,HistoryJTGbKQD2mRgLZ3XhqHnN811Qpez8X9kCcGHoa,5KZGdhc1j2CAfAEmWbiiZjJfzGcXwn9AWZWJWdJLvTge,459248640,0.45924864,65856
validator_history,HistoryJTGbKQD2mRgLZ3XhqHnN811Qpez8X9kCcGHoa,pKr4grLHTFw139GwPLyLz8VUajDmjSiz3qcs3ghDALb,459248640,0.45924864,65856
validator_history,HistoryJTGbKQD2mRgLZ3XhqHnN811Qpez8X9kCcGHoa,9AccQdTAfmWYAEMdGA6NgncB9doaS3ND73FCoL8kXF3V,459248640,0.45924864,65856
validator_history,HistoryJTGbKQD2mRgLZ3XhqHnN811Qpez8X9kCcGHoa,HWeJh2J3Vg9R7cXqyyhR9KiuD5QiqexovrsceqCdPhqF,459248640,0.45924864,65856
validator_history,HistoryJTGbKQD2mRgLZ3XhqHnN811Qpez8X9kCcGHoa,9rwnur4Dqqnnc2pJbeFnDWHPC1Yc8kCBbBATAV4pthp6,459248640,0.45924864,65856
validator_history,HistoryJTGbKQD2mRgLZ3XhqHnN811Qpez8X9kCcGHoa,CQK2ktDJDA6ii74KBVEr7QN95dw4P5jeNESjVXZXeFjz,459248640,0.45924864,65856
validator_history,HistoryJTGbKQD2mRgLZ3XhqHnN811Qpez8X9kCcGHoa,G6Uqg84LoDN8HH7n2syuAUus3BDy8RpTAhix21SPaxxq,459248640,0.45924864,65856
validator_history,HistoryJTGbKQD2mRgLZ3XhqHnN811Qpez8X9kCcGHoa,7yBHu5SpxexsM4VJKpbZzaLU1W68UhhZZXu7kAp3phQi,459248640,0.45924864,65856
validator_history,HistoryJTGbKQD2mRgLZ3XhqHnN811Qpez8X9kCcGHoa,54AvgZMNrXVdcHpdY13HPvgFaTuabkMc97biJK3WQQkX,459248640,0.45924864,65856
validator_history,HistoryJTGbKQD2mRgLZ3XhqHnN811Qpez8X9kCcGHoa,8rUntAS1CrJhi2pgjACSnNSqLWPcTi8i9QvVosFRDakj,459248640,0.45924864,65856
validator_history,HistoryJTGbKQD2mRgLZ3XhqHnN811Qpez8X9kCcGHoa,2gFZyUq3tayuLMFdALkrcbavFrvNeMHdBNbxmQuUrKhs,459248640,0.45924864,65856
validator_history,HistoryJTGbKQD2mRgLZ3XhqHnN811Qpez8X9kCcGHoa,2aCbM9oYP7g9CsbEuiJYbPBYDaBkZojZNXExS7z5hETc,459248640,0.45924864,65856
validator_history,HistoryJTGbKQD2mRgLZ3XhqHnN811Qpez8X9kCcGHoa,7PBSWtM2jfg4W16SrGrZ9YJSoxXrLK97JYSpobCkGeeV,459248640,0.45924864,65856
validator_history,HistoryJTGbKQD2mRgLZ3XhqHnN811Qpez8X9kCcGHoa,Gap4Nz8Sk7py6R6z8xBmzbsi6MFgMyg86sX9JiFS8aGv,459248640,0.45924864,65856
validator_history,HistoryJTGbKQD2mRgLZ3XhqHnN811Qpez8X9kCcGHoa,HbGvt2EoYggstzhsABuaH1ycTN18ep3MSS5oyEKSGqss,459248640,0.45924864,65856
validator_history,HistoryJTGbKQD2mRgLZ3XhqHnN811Qpez8X9kCcGHoa,BBf2xEfQddhALhjTBKo53Sgyuk28FQH8vkjg8AiLhzRo,459248640,0.45924864,65856
validator_history,HistoryJTGbKQD2mRgLZ3XhqHnN811Qpez8X9kCcGHoa,EfA1c8x6PqQnip7iqmWirNUCmvtn7YjStfzoZM9jxP9x,459248640,0.45924864,65856
validator_history,HistoryJTGbKQD2mRgLZ3XhqHnN811Qpez8X9kCcGHoa,82eVvo8YHeE3kLCXapJuHGCnUo1gQo93Bf93h5q63oxH,459248640,0.45924864,65856
validator_history,HistoryJTGbKQD2mRgLZ3XhqHnN811Qpez8X9kCcGHoa,5SvtkvdbjzAxqrJUC4ENuuKc6pYS3MSUCjstPozKVmdn,459248640,0.45924864,65856
validator_history,HistoryJTGbKQD2mRgLZ3XhqHnN811Qpez8X9kCcGHoa,94NN22srXEwdwcFDsC3ykkRNbSmnnH7JGCS9NgbkZ2Us,459248640,0.45924864,65856
validator_history,HistoryJTGbKQD2mRgLZ3XhqHnN811Qpez8X9kCcGHoa,28zwG4dJX1QLWxhtC3QCf8Kn9evYgsw7gB69r3y863xA,459248640,0.45924864,65856
validator_history,HistoryJTGbKQD2mRgLZ3XhqHnN811Qpez8X9kCcGHoa,9XEMiUBFJYV6bVF8SfxY1FZJfydMjYBFMgoxjtDkTMR3,459248640,0.45924864,65856
validator_history,HistoryJTGbKQD2mRgLZ3XhqHnN811Qpez8X9kCcGHoa,F67xx6ZC5FEUSD1y5vKxFwrCvP9iwVEXF2mghsW19v75,459248640,0.45924864,65856
validator_history,HistoryJTGbKQD2mRgLZ3XhqHnN811Qpez8X9kCcGHoa,H7RcK8oBzY3ZPZtPy2ebM3NFFdb7C6rCSSSu5636FRxh,459248640,0.45924864,65856
validator_history,HistoryJTGbKQD2mRgLZ3XhqHnN811Qpez8X9kCcGHoa,CjpPA5Gv2P2jGtRpgdGpM2qcXYPrVWcq2gkXSHHrh92Z,459248640,0.45924864,65856
validator_history,HistoryJTGbKQD2mRgLZ3XhqHnN811Qpez8X9kCcGHoa,FK9k7aJsFwnLJtuZGRA1XU8eo2PgNA7paMTcbrcuNRfw,459248640,0.45924864,65856
validator_history,HistoryJTGbKQD2mRgLZ3XhqHnN811Qpez8X9kCcGHoa,2BxRsW22zKLXMkASxTAWK4e8nRcDYvbAZtBAwHpG61Ng,459248640,0.45924864,65856
validator_history,HistoryJTGbKQD2mRgLZ3XhqHnN811Qpez8X9kCcGHoa,e2qgyENdYbUQKCyAFsHVLp1TrDPwUQLMhS3c21chMFa,459248640,0.45924864,65856
validator_history,HistoryJTGbKQD2mRgLZ3XhqHnN811Qpez8X9kCcGHoa,HC34twDjb9CNjGsbNd8YKhrfNiiNooieYCXaewCu6XjW,459248640,0.45924864,65856
validator_history,HistoryJTGbKQD2mRgLZ3XhqHnN811Qpez8X9kCcGHoa,EhTZeM62szs7zgCbAjJCt4vubkwgcSVV6JDAK9rpZgUa,459248640,0.45924864,65856
validator_history,HistoryJTGbKQD2mRgLZ3XhqHnN811Qpez8X9kCcGHoa,6xNJFgrR3A4amwqu8SvpVoCpwDvvdNbAkJY2StucDHmx,459248640,0.45924864,65856
validator_history,HistoryJTGbKQD2mRgLZ3XhqHnN811Qpez8X9kCcGHoa,CYSezyFpvDcT5dw4VeWafoNRmmY4YjFqenbKi3pcjoup,459248640,0.45924864,65856
validator_history,HistoryJTGbKQD2mRgLZ3XhqHnN811Qpez8X9kCcGHoa,63ECWKc3yUiyjETnrUr1H3bBypGgkDaGNAfoAvcFRiwi,459248640,0.45924864,65856
validator_history,HistoryJTGbKQD2mRgLZ3XhqHnN811Qpez8X9kCcGHoa,7Ki4oZA3bb4qMY4uQFEVG7CNsyb6a5DcXLrhqbivkZrf,459248640,0.45924864,65856
validator_history,HistoryJTGbKQD2mRgLZ3XhqHnN811Qpez8X9kCcGHoa,4oAz5DfTipo7rqBVY25PpQ9RNZqpXmodzknw4BmS66PV,459248640,0.45924864,65856
validator_history,HistoryJTGbKQD2mRgLZ3XhqHnN811Qpez8X9kCcGHoa,FatV2LHcdXQsJmMHpAwdf1sz1bmo5WjcKr2iSuCQtW7i,459248640,0.45924864,65856
validator_history,HistoryJTGbKQD2mRgLZ3XhqHnN811Qpez8X9kCcGHoa,DBiE1eRxi9GL6puVwy8kiZ9R3D361PN9ucC91o1Xuw2t,459248640,0.45924864,65856
validator_history,HistoryJTGbKQD2mRgLZ3XhqHnN811Qpez8X9kCcGHoa,Bwvek66iipGGGXvbjPrmgrfM65JsXZVD1oRscGQp9Tob,459248640,0.45924864,65856
validator_history,HistoryJTGbKQD2mRgLZ3XhqHnN811Qpez8X9kCcGHoa,39NPXLrhTNdWZoaieaS9nqQoNrpTpLDZ4Ce4U38ULNvx,459248640,0.45924864,65856
validator_history,HistoryJTGbKQD2mRgLZ3XhqHnN811Qpez8X9kCcGHoa,FiLGDCpqKZtWjRJXiXnUhUDwjkGKW74je6oWLxmLXtLw,459248640,0.45924864,65856
validator_history,HistoryJTGbKQD2mRgLZ3XhqHnN811Qpez8X9kCcGHoa,8h7FDrKTWnxwqPdhM5GhxTpyeNXAmxp4kcWYxd8j8rnm,459248640,0.45924864,65856
validator_history,HistoryJTGbKQD2mRgLZ3XhqHnN811Qpez8X9kCcGHoa,2E9m9uRgT7yrMSjawgAsA712SHkpumRMxxt8DysRPwKz,459248640,0.45924864,65856
validator_history,HistoryJTGbKQD2mRgLZ3XhqHnN811Qpez8X9kCcGHoa,2J6XCkM6fL8T8WoPNswCTKDr7XaWqdWrQ3PEAvykemi7,459248640,0.45924864,65856
validator_history,HistoryJTGbKQD2mRgLZ3XhqHnN811Qpez8X9kCcGHoa,4xEvWUtPLntceZiFqqjPEUyMNeTscL42y1pWb1JCGRBw,459248640,0.45924864,65856
validator_history,HistoryJTGbKQD2mRgLZ3XhqHnN811Qpez8X9kCcGHoa,GT17We9gFX64n73q1vhq1XHKHFu6uVGUfbHmh4vdBBtf,459248640,0.45924864,65856
validator_history,HistoryJTGbKQD2mRgLZ3XhqHnN811Qpez8X9kCcGHoa,FnaYueyR9Yj7PNkc8aVrZpWiAZmvzjJ4QJJvuztEKvVA,459248640,0.45924864,65856
validator_history,HistoryJTGbKQD2mRgLZ3XhqHnN811Qpez8X9kCcGHoa,Gq7awYkFfi8j6DvK8GWwBkushjPkeoJ3N7LDRKezJpVa,459248640,0.45924864,65856
validator_history,HistoryJTGbKQD2mRgLZ3XhqHnN811Qpez8X9kCcGHoa,Fc17zNSLU4r9xYmYxCQcaYnhg5jTrahsJQKSyQtZMgRX,459248640,0.45924864,65856
validator_history,HistoryJTGbKQD2mRgLZ3XhqHnN811Qpez8X9kCcGHoa,4AGxr7kgpfcggK1D5J1EXuCPniRd5dMpFrx26mtrute4,459248640,0.45924864,65856
validator_history,HistoryJTGbKQD2mRgLZ3XhqHnN811Qpez8X9kCcGHoa,AhQmYsRekMza6MHAUsEQzEm9aoMcXtGtdjtwXEuAqK4i,459248640,0.45924864,65856
validator_history,HistoryJTGbKQD2mRgLZ3XhqHnN811Qpez8X9kCcGHoa,GCi54BDQQFdSeTwRJgXDgdHoM3FskWKsdqzT1upWcwep,459248640,0.45924864,65856
validator_history,HistoryJTGbKQD2mRgLZ3XhqHnN811Qpez8X9kCcGHoa,2vbVDZYtFxhxCPwBwQmCZGXX3meU1D3hRhKc8qn1spkh,459248640,0.45924864,65856
validator_history,HistoryJTGbKQD2mRgLZ3XhqHnN811Qpez8X9kCcGHoa,2MkGf56Swr6xvrJ6J4Mw3QZkbfj2d19Z6bwDAN8N4dZX,459248640,0.45924864,65856
validator_history,HistoryJTGbKQD2mRgLZ3XhqHnN811Qpez8X9kCcGHoa,9zz19Fmns9bgzTV4YTKnHewvNCChjPuJvtvmbw9kr8Dj,459248640,0.45924864,65856
validator_history,HistoryJTGbKQD2mRgLZ3XhqHnN811Qpez8X9kCcGHoa,Aqgd8svcTinjZhg4gHsiaVz52oC2VMWTJhrmtqXCJbEj,459248640,0.45924864,65856
validator_history,HistoryJTGbKQD2mRgLZ3XhqHnN811Qpez8X9kCcGHoa,EsBLsR6ASi5aAKNsDjapwkC7F6tDJrak2bFN9othcfo2,459248640,0.45924864,65856
validator_history,HistoryJTGbKQD2mRgLZ3XhqHnN811Qpez8X9kCcGHoa,3u9pHi53sKLXsW8Tfxwd62bUQKRhaUz8ywkHpCY2Hq1J,459248640,0.45924864,65856
validator_history,HistoryJTGbKQD2mRgLZ3XhqHnN811Qpez8X9kCcGHoa,4s1ppqg9TfMW2KaSdQGpuvStgeccQMy5LGon17AHYj7H,459248640,0.45924864,65856
validator_history,HistoryJTGbKQD2mRgLZ3XhqHnN811Qpez8X9kCcGHoa,4xxLjcAyCdzetyrkLHS2rbfpi9vGRpZ7tMuzACMH2dXU,459248640,0.45924864,65856
validator_history,HistoryJTGbKQD2mRgLZ3XhqHnN811Qpez8X9kCcGHoa,7C8dK37xm5qEfFNy544kk3ASWAY3WpMrUcxXqWSkiG5G,459248640,0.45924864,65856
validator_history,HistoryJTGbKQD2mRgLZ3XhqHnN811Qpez8X9kCcGHoa,a9QumNr8RZUpy6LrTeJehLoWrteiYd37bqWVRVbQ3zW,459248640,0.45924864,65856
validator_history,HistoryJTGbKQD2mRgLZ3XhqHnN811Qpez8X9kCcGHoa,812fgWbsGihe6bscU9e8PFQ4UaEythnJtHFecaboMqEr,459248640,0.45924864,65856
validator_history,HistoryJTGbKQD2mRgLZ3XhqHnN811Qpez8X9kCcGHoa,4zN8yekax2MQkNbYprx9jsgHREWFJ6SoES2h4gKqAozG,459248640,0.45924864,65856
validator_history,HistoryJTGbKQD2mRgLZ3XhqHnN811Qpez8X9kCcGHoa,DAkGpxsdAu4XXiTariX36jqUeufoYJH1HbM5huSJcfq5,459248640,0.45924864,65856
validator_history,HistoryJTGbKQD2mRgLZ3XhqHnN811Qpez8X9kCcGHoa,AVY78KeYqFnpvh5VyhL6mcZKVewenbpmhBd9bVWFnXZr,459248640,0.45924864,65856
validator_history,HistoryJTGbKQD2mRgLZ3XhqHnN811Qpez8X9kCcGHoa,CfeGA5yPiQ69co1aShDEFSXXsxnANLr8TkcqXroddZr8,459248640,0.45924864,65856
validator_history,HistoryJTGbKQD2mRgLZ3XhqHnN811Qpez8X9kCcGHoa,FrjS5twRN7usKsEUNSq1vRKwFZvVEH3MxDdo3Xy4iMw4,459248640,0.45924864,65856
validator_history,HistoryJTGbKQD2mRgLZ3XhqHnN811Qpez8X9kCcGHoa,HRKsWXCWJ5yUivADjjnfcbXXa9joCFSFtc3G7HcSqAmY,459248640,0.45924864,65856
validator_history,HistoryJTGbKQD2mRgLZ3XhqHnN811Qpez8X9kCcGHoa,7VRZonwV7fLN1ug51e3KvksLNspPYUKC879noGmSHwby,459248640,0.45924864,65856
validator_history,HistoryJTGbKQD2mRgLZ3XhqHnN811Qpez8X9kCcGHoa,CvvjF5xoPE9m4qWZkkWfPuq59tLtuS93t8zve8GtDKrk,459248640,0.45924864,65856
validator_history,HistoryJTGbKQD2mRgLZ3XhqHnN811Qpez8X9kCcGHoa,5hnn4UBawNEDZMZhrz6XNMcT3Twgjv8uKwUUnwKN9veT,459248640,0.45924864,65856
validator_history,HistoryJTGbKQD2mRgLZ3XhqHnN811Qpez8X9kCcGHoa,H8zu3aKseHThLwFhakd7GN8Uty6b97Ra7WgPGR5a2qFY,459248640,0.45924864,65856
validator_history,HistoryJTGbKQD2mRgLZ3XhqHnN811Qpez8X9kCcGHoa,HgYUxXTyRY8ghudzHiWneQjvd4jvZqmXXxPaeqoaXDQH,459248640,0.45924864,65856
validator_history,HistoryJTGbKQD2mRgLZ3XhqHnN811Qpez8X9kCcGHoa,BhkDNgs2MdGvA4hXzWWTaZstTJhyZeiqLzuhmtc7K4hd,459248640,0.45924864,65856
validator_history,HistoryJTGbKQD2mRgLZ3XhqHnN811Qpez8X9kCcGHoa,Cd1HzqfxGA76kfUyExYkb9PR5bNAKcpfyNDMtAMyPSwU,459248640,0.45924864,65856
validator_history,HistoryJTGbKQD2mRgLZ3XhqHnN811Qpez8X9kCcGHoa,F9TFLrzjSMr6aa9VGXjsXF6h6i5xPQsuwqRoVNYvnRoy,459248640,0.45924864,65856
validator_history,HistoryJTGbKQD2mRgLZ3XhqHnN811Qpez8X9kCcGHoa,75etuNwe2qCMEJ5MbkK5zsE7Wnxhq8FL6FbPph2uJBft,459248640,0.45924864,65856
validator_history,HistoryJTGbKQD2mRgLZ3XhqHnN811Qpez8X9kCcGHoa,3xZ12fv6pjCyvC3a4wtw4QVFTMX9bdtFMuCDDDsKruCH,459248640,0.45924864,65856
validator_history,HistoryJTGbKQD2mRgLZ3XhqHnN811Qpez8X9kCcGHoa,BdiQ7h4AvvUGpGsYcbtJUAMMWJn959MuMWPXeBmw1Ai7,459248640,0.45924864,65856
validator_history,HistoryJTGbKQD2mRgLZ3XhqHnN811Qpez8X9kCcGHoa,F3qtXykhyjZ148wLafSEfWe1LhShBGk2T9UnMyMzJAqU,459248640,0.45924864,65856
validator_history,HistoryJTGbKQD2mRgLZ3XhqHnN811Qpez8X9kCcGHoa,GnPPhziJhoz4EKdsukoiCXJZvt9RfGmUddH8AYLJMBdR,459248640,0.45924864,65856
validator_history,HistoryJTGbKQD2mRgLZ3XhqHnN811Qpez8X9kCcGHoa,214UuyZyk8CphD6xh1p3ajsW8NF4c29iZmSpABgaJ7hQ,459248640,0.45924864,65856
validator_history,HistoryJTGbKQD2mRgLZ3XhqHnN811Qpez8X9kCcGHoa,7DWtPVSnFYWFpbwjtdL1icdT4NKTcjePmghx9oWXFzoi,459248640,0.45924864,65856
validator_history,HistoryJTGbKQD2mRgLZ3XhqHnN811Qpez8X9kCcGHoa,GnSEXmrVayXPXUVN9hgy1HVveeyx8ssqZ6MnVPzQwUAm,459248640,0.45924864,65856
validator_history,HistoryJTGbKQD2mRgLZ3XhqHnN811Qpez8X9kCcGHoa,B5mybgg7giyzqZ591beMLFRgNNQYQJK9pYX8PrdTMegE,459248640,0.45924864,65856
validator_history,HistoryJTGbKQD2mRgLZ3XhqHnN811Qpez8X9kCcGHoa,HWM73CGHuRmE6j3FPts3gFSoCZaupjCyUCk6zmLpobrR,459248640,0.45924864,65856
validator_history,HistoryJTGbKQD2mRgLZ3XhqHnN811Qpez8X9kCcGHoa,F6aFqvfvCXMm4LGW7zWefDXAxMGm5WhpssUYA9e2N5QT,459248640,0.45924864,65856
validator_history,HistoryJTGbKQD2mRgLZ3XhqHnN811Qpez8X9kCcGHoa,Cu3nnfRdJEYTgHkgvZsewiNN2QMHs3QbdrZmbPi3FyA2,459248640,0.45924864,65856
validator_history,HistoryJTGbKQD2mRgLZ3XhqHnN811Qpez8X9kCcGHoa,EqbH4fjqFaHdGseYMVu427amZ6RgTM1ZLTkb2EAyaJkJ,459248640,0.45924864,65856
validator_history,HistoryJTGbKQD2mRgLZ3XhqHnN811Qpez8X9kCcGHoa,D898vbpAg7t2tNDW3U9VTLb8wJXPZTvjJEqdGZmqbCSi,459248640,0.45924864,65856
validator_history,HistoryJTGbKQD2mRgLZ3XhqHnN811Qpez8X9kCcGHoa,7vR7VjUk3xS6cKu1WorDW6sWhZzPRPfvTybrah8eiFgu,459248640,0.45924864,65856
validator_history,HistoryJTGbKQD2mRgLZ3XhqHnN811Qpez8X9kCcGHoa,DzwKe5AiFc8EPG86jZWTCxyEPBK8c5iGyzfBMmfToFrP,459248640,0.45924864,65856
validator_history,HistoryJTGbKQD2mRgLZ3XhqHnN811Qpez8X9kCcGHoa,BTyfTpJ6QmocfAxaKTMvnCeHsEeuM5BDE6CbyKvZgRxC,459248640,0.45924864,65856
validator_history,HistoryJTGbKQD2mRgLZ3XhqHnN811Qpez8X9kCcGHoa,AcgYshnnyKJafcyQGMzLHsxpePwxQPDwZPSdnzgfxFf,459248640,0.45924864,65856
validator_history,HistoryJTGbKQD2mRgLZ3XhqHnN811Qpez8X9kCcGHoa,DY3BgEFvSNnT1EFVQEqw6vLUNcwT7P4VKYEw3Z7bwtV8,459248640,0.45924864,65856
validator_history,HistoryJTGbKQD2mRgLZ3XhqHnN811Qpez8X9kCcGHoa,9Dzr89iVijd441BBVhTcSkJRXW1bSpTU8X4z1e9Jwo6k,459248640,0.45924864,65856
validator_history,HistoryJTGbKQD2mRgLZ3XhqHnN811Qpez8X9kCcGHoa,9xMfxGRTjwLS4woSahU9k66cP5nXgp5sWiLd48CztLM2,459248640,0.45924864,65856
validator_history,HistoryJTGbKQD2mRgLZ3XhqHnN811Qpez8X9kCcGHoa,6nrJraQdqUJXaRJbdWeNYUbRQzgkFNKvhwGz7XPR3CCH,459248640,0.45924864,65856
validator_history,HistoryJTGbKQD2mRgLZ3XhqHnN811Qpez8X9kCcGHoa,85M1YeaSmAeWpL1uZW2oazXSipPzARAXYa6BAcbf5g95,459248640,0.45924864,65856
validator_history,HistoryJTGbKQD2mRgLZ3XhqHnN811Qpez8X9kCcGHoa,4pPBSmSiZgTr1WaYhhpfHiAPeYFUHCLZDJMuLqWQfC3D,459248640,0.45924864,65856
validator_history,HistoryJTGbKQD2mRgLZ3XhqHnN811Qpez8X9kCcGHoa,EEeDDyD5pQdeTYHWwDAm56EGvHFHaXERN32YwxAe3fYY,459248640,0.45924864,65856
validator_history,HistoryJTGbKQD2mRgLZ3XhqHnN811Qpez8X9kCcGHoa,22VB2CsbpLqzoijkMacf1xzd7uWTK7qe2gTCSS5BZtyF,459248640,0.45924864,65856
validator_history,HistoryJTGbKQD2mRgLZ3XhqHnN811Qpez8X9kCcGHoa,3RtqfgxF3vKz55Dw5r688xJoqLhYoDZjhWW1aZQqNdmy,459248640,0.45924864,65856
validator_history,HistoryJTGbKQD2mRgLZ3XhqHnN811Qpez8X9kCcGHoa,GWw2Ps7k1w5Mx4jUNMjGt3ypGN5A6NLxgHZPqbBWpvqm,459248640,0.45924864,65856
validator_history,HistoryJTGbKQD2mRgLZ3XhqHnN811Qpez8X9kCcGHoa,CAj2wbvAUKqrvHDBMgdWh9EjVetox1AxTMs5whs1FNzk,459248640,0.45924864,65856
validator_history,HistoryJTGbKQD2mRgLZ3XhqHnN811Qpez8X9kCcGHoa,8ZUq6RKfwLmyeuqdX1rKDTdoKY4pCr9NMQhBatb4RAyJ,459248640,0.45924864,65856
validator_history,HistoryJTGbKQD2mRgLZ3XhqHnN811Qpez8X9kCcGHoa,GatYDvRGvrjUbcDGhZ69S8gwyF9dA4GBMrNvgcqbz8rL,459248640,0.45924864,65856
validator_history,HistoryJTGbKQD2mRgLZ3XhqHnN811Qpez8X9kCcGHoa,HsfgfLNxeq57uAmiguburVQwLk2LzwLvX4VvweMXL9aR,459248640,0.45924864,65856
validator_history,HistoryJTGbKQD2mRgLZ3XhqHnN811Qpez8X9kCcGHoa,3EufEqRuLSc8ZjoTMbZZLwkmrcefxyeKjmQkfon2VvkR,459248640,0.45924864,65856
validator_history,HistoryJTGbKQD2mRgLZ3XhqHnN811Qpez8X9kCcGHoa,9QSBj9AcBkKHVhSbWjdFXaMyMArBVc1iTWssLoZpZPwJ,459248640,0.45924864,65856
validator_history,HistoryJTGbKQD2mRgLZ3XhqHnN811Qpez8X9kCcGHoa,2V358vv4yR5P4STjYuBh3T8RNhYyThDsQhSvmydfFbLn,459248640,0.45924864,65856
validator_history,HistoryJTGbKQD2mRgLZ3XhqHnN811Qpez8X9kCcGHoa,6AoA9NuKraZVAUJLpCJmMatUhofzL51582QQXwQ46CKg,459248640,0.45924864,65856
validator_history,HistoryJTGbKQD2mRgLZ3XhqHnN811Qpez8X9kCcGHoa,DHAssLyJcr2gRgYWafN4B3fQ58hbMrkmnuGA4tiugMwr,459248640,0.45924864,65856
validator_history,HistoryJTGbKQD2mRgLZ3XhqHnN811Qpez8X9kCcGHoa,AB41PBYj9Xii6DWLptFUxy55HmniiVwCFF36W7uezJe5,459248640,0.45924864,65856
validator_history,HistoryJTGbKQD2mRgLZ3XhqHnN811Qpez8X9kCcGHoa,DPksve9wSdmRLcaS2bapK2spT3DHxLTfwSAswTC1PzWs,459248640,0.45924864,65856
validator_history,HistoryJTGbKQD2mRgLZ3XhqHnN811Qpez8X9kCcGHoa,HK1HXB6dBi2PhRDHmswvGfXhKtgwt7UBoMHhPAsYgSnR,459248640,0.45924864,65856
validator_history,HistoryJTGbKQD2mRgLZ3XhqHnN811Qpez8X9kCcGHoa,Bs36W7vW8RJmBL42HU1xjZxhFBJ26FJJtbkabiHLVcWu,459248640,0.45924864,65856
validator_history,HistoryJTGbKQD2mRgLZ3XhqHnN811Qpez8X9kCcGHoa,GbvE71xSfcbpSu84GMagderjhN4AeMy5YsVAU2oaJCww,459248640,0.45924864,65856
validator_history,HistoryJTGbKQD2mRgLZ3XhqHnN811Qpez8X9kCcGHoa,H6k1QQBSH8NuvVurgteDKi8HsKBw7QFkFpZuZNKCj1r6,459248640,0.45924864,65856
validator_history,HistoryJTGbKQD2mRgLZ3XhqHnN811Qpez8X9kCcGHoa,DjUbWpnQ9qdiKXoCuuGd9APHAJSnWuScqcBdFAvkrDfn,459248640,0.45924864,65856
validator_history,HistoryJTGbKQD2mRgLZ3XhqHnN811Qpez8X9kCcGHoa,G19RgiDwmSKkmyNNvVX9q9oFJC3yUSvjDh4BRHKF4Vwu,459248640,0.45924864,65856
validator_history,HistoryJTGbKQD2mRgLZ3XhqHnN811Qpez8X9kCcGHoa,87DxGKFBQZ66YvvvvpQUZ9kVrhRWJ18C83sdvEJBGKo1,459248640,0.45924864,65856
validator_history,HistoryJTGbKQD2mRgLZ3XhqHnN811Qpez8X9kCcGHoa,2KdsK3ZF7PQ3cbL8RW5xLATDNZKbi2s5TSb3vV5zzjfa,459248640,0.45924864,65856
validator_history,HistoryJTGbKQD2mRgLZ3XhqHnN811Qpez8X9kCcGHoa,GLREoPekN21dpqi2yFKjfWEjdqm2kXo1hfqNSQqiFSJh,459248640,0.45924864,65856
validator_history,HistoryJTGbKQD2mRgLZ3XhqHnN811Qpez8X9kCcGHoa,7NLSG4p9ANxXtwqYW4dceXmpuLeDGrvo27J3gWuzFStJ,459248640,0.45924864,65856
validator_history,HistoryJTGbKQD2mRgLZ3XhqHnN811Qpez8X9kCcGHoa,9nTRQithXuPAWfYaUdLstRseeR5bekDymPiboeHDcvp,459248640,0.45924864,65856
validator_history,HistoryJTGbKQD2mRgLZ3XhqHnN811Qpez8X9kCcGHoa,Gx32spiRoibz9nPtChSr47W9K5zrSiXBaF6fA5tEzo5p,459248640,0.45924864,65856
validator_history,HistoryJTGbKQD2mRgLZ3XhqHnN811Qpez8X9kCcGHoa,DQKVRPvNLnRrXc8JAYME1Xeg4vYe9XeziEJKMR8HVKkv,459248640,0.45924864,65856
validator_history,HistoryJTGbKQD2mRgLZ3XhqHnN811Qpez8X9kCcGHoa,EDUGDCZ4VgNHLBHBhHYC8BuYr7FTVRaM6pH5T7eXGyup,459248640,0.45924864,65856
validator_history,HistoryJTGbKQD2mRgLZ3XhqHnN811Qpez8X9kCcGHoa,6sTEQCBVun1ttYPNaJ1QPoSC2PzExN2jQqmtJXkWQAvU,459248640,0.45924864,65856
validator_history,HistoryJTGbKQD2mRgLZ3XhqHnN811Qpez8X9kCcGHoa,ztdHADBWeHEraqpcXhn2cL8jn7ahXpEvf5k5F93cwCP,459248640,0.45924864,65856
validator_history,HistoryJTGbKQD2mRgLZ3XhqHnN811Qpez8X9kCcGHoa,27c5eku1qFhG7xM3s5u7HtfnxjfsQxJpbn26tDBivu1G,459248640,0.45924864,65856
validator_history,HistoryJTGbKQD2mRgLZ3XhqHnN811Qpez8X9kCcGHoa,7pjvE8a3ScUJzQfNxSJa2Ahj75ZBshtrm3AqSv7zo7BM,459248640,0.45924864,65856
validator_history,HistoryJTGbKQD2mRgLZ3XhqHnN811Qpez8X9kCcGHoa,6yuUVqGrKWRzoxshLXfkYowYY9LpD3XwJgL8VUJGF35Y,459248640,0.45924864,65856
validator_history,HistoryJTGbKQD2mRgLZ3XhqHnN811Qpez8X9kCcGHoa,GwbUtfFo2jnaPdFk8Bniy5S45EXS4TKkujHvaMwbJw3U,459248640,0.45924864,65856
validator_history,HistoryJTGbKQD2mRgLZ3XhqHnN811Qpez8X9kCcGHoa,FR47X6ya87uLzP5DX28WY5PFSX9fQr9nMhb7oM2V5pkx,459248640,0.45924864,65856
validator_history,HistoryJTGbKQD2mRgLZ3XhqHnN811Qpez8X9kCcGHoa,5fvmMpcQFL8WyNjMeGDeopAj5Ca9BrtYJatYUkQwdLxb,459248640,0.45924864,65856
validator_history,HistoryJTGbKQD2mRgLZ3XhqHnN811Qpez8X9kCcGHoa,Gc3mAsT3sxds8XiYXRM1YkYffkv3hPsijdFJ2aYfqK3X,459248640,0.45924864,65856
validator_history,HistoryJTGbKQD2mRgLZ3XhqHnN811Qpez8X9kCcGHoa,8cJvPSgLTYjENwr56ViAt8B4njH3Nk83SMwhZByX8Qdm,459248640,0.45924864,65856
validator_history,HistoryJTGbKQD2mRgLZ3XhqHnN811Qpez8X9kCcGHoa,6mjWPU6zWq124pCVxtYg2kagQvRjJ92Z37RnSgRJWPtW,459248640,0.45924864,65856
validator_history,HistoryJTGbKQD2mRgLZ3XhqHnN811Qpez8X9kCcGHoa,2Z3qcv4UeFj9UD7bUhDWcK2PeXdFrYiukRXti5HqXCKU,459248640,0.45924864,65856
validator_history,HistoryJTGbKQD2mRgLZ3XhqHnN811Qpez8X9kCcGHoa,GHqa2JY51LjbxG25hU2USKoLmiDQetTaCEXUVe8brwqv,459248640,0.45924864,65856
validator_history,HistoryJTGbKQD2mRgLZ3XhqHnN811Qpez8X9kCcGHoa,Eou9mL9nVmX282g1H5tkz5zsXHPrtUgXXAgXF8cPQdch,459248640,0.45924864,65856
validator_history,HistoryJTGbKQD2mRgLZ3XhqHnN811Qpez8X9kCcGHoa,F4jYzhNaCGcG1TpQVZxkFEhPyDLqT5JX1v9XruNwHc5C,459248640,0.45924864,65856
validator_history,HistoryJTGbKQD2mRgLZ3XhqHnN811Qpez8X9kCcGHoa,2kSfj9pBqDpsLXwt1VYNr2dEZgVdaWhZAvLZR7cDuBFw,459248640,0.45924864,65856
validator_history,HistoryJTGbKQD2mRgLZ3XhqHnN811Qpez8X9kCcGHoa,HkYQjVMQgj1p3Jo33NUuEeydRjpS32W2KsFVdvWUUmcB,459248640,0.45924864,65856
validator_history,HistoryJTGbKQD2mRgLZ3XhqHnN811Qpez8X9kCcGHoa,EtmWpR1z3sxng1FVEFS3VpoZMqtvskWC1jtt8H3hfyTE,459248640,0.45924864,65856
validator_history,HistoryJTGbKQD2mRgLZ3XhqHnN811Qpez8X9kCcGHoa,8g553K8Nc1JjjWAt2SmbLvuL43f6batQz6zfnp2iYMmH,459248640,0.45924864,65856
validator_history,HistoryJTGbKQD2mRgLZ3XhqHnN811Qpez8X9kCcGHoa,E5ZnkXDigYQQwxY93AGvW9v3tUi2fx7Uq8sg9UZDv8d4,459248640,0.45924864,65856
validator_history,HistoryJTGbKQD2mRgLZ3XhqHnN811Qpez8X9kCcGHoa,DfXLbe3T4a5BtHCtCPG9DgVsuGPqMBr7mCYsK4uTmkot,459248640,0.45924864,65856
validator_history,HistoryJTGbKQD2mRgLZ3XhqHnN811Qpez8X9kCcGHoa,ETDcP8hLagL6Hja6mMBTEiHtste5VFLVs54pz1QUGhLp,459248640,0.45924864,65856
validator_history,HistoryJTGbKQD2mRgLZ3XhqHnN811Qpez8X9kCcGHoa,Akoe2BqehSWPWBtsxsDEPqQKfctDPdF3eycCKsMtD9yq,459248640,0.45924864,65856
validator_history,HistoryJTGbKQD2mRgLZ3XhqHnN811Qpez8X9kCcGHoa,4aEkQZFAyhTTAPNxfYeXFmn1ZaaBwL4zpBw911ivsxYJ,459248640,0.45924864,65856
validator_history,HistoryJTGbKQD2mRgLZ3XhqHnN811Qpez8X9kCcGHoa,Apy4Y7xGgK42i38WGX9BLJorjaBpurDzUm5qefSyQqvX,459248640,0.45924864,65856
validator_history,HistoryJTGbKQD2mRgLZ3XhqHnN811Qpez8X9kCcGHoa,HMXxQqRVngdDr6vsMXCANN5RJDKvpJbELHwbR3k8vwJw,459248640,0.45924864,65856
validator_history,HistoryJTGbKQD2mRgLZ3XhqHnN811Qpez8X9kCcGHoa,HTuVcxJcMwc8wq2ro21c7AgAF4xxUDRUgHyiEdsM31JG,459248640,0.45924864,65856
validator_history,HistoryJTGbKQD2mRgLZ3XhqHnN811Qpez8X9kCcGHoa,u6FhqiMBDf6jpgX8RKheZ93CKVc8GdFA1gHkQpfDZNf,459248640,0.45924864,65856
validator_history,HistoryJTGbKQD2mRgLZ3XhqHnN811Qpez8X9kCcGHoa,BUTLsADhHr55kV2G1wKoHKB5RGFM1rKytJ1gzqeZW1ow,459248640,0.45924864,65856
validator_history,HistoryJTGbKQD2mRgLZ3XhqHnN811Qpez8X9kCcGHoa,GdR7FsmiBZa98t9sBDpfVNiotLr6gJwmQWT1hkfKAtbi,459248640,0.45924864,65856
validator_history,HistoryJTGbKQD2mRgLZ3XhqHnN811Qpez8X9kCcGHoa,FvHv7zahxvGHH94yjEeNZ6QZNp7pphNN4MBr7WsDbF61,459248640,0.45924864,65856
validator_history,HistoryJTGbKQD2mRgLZ3XhqHnN811Qpez8X9kCcGHoa,HLzDBy6tvZWzzdDnfpKjWxLvqEgMZhhctQZJhKt1rxoW,459248640,0.45924864,65856
validator_history,HistoryJTGbKQD2mRgLZ3XhqHnN811Qpez8X9kCcGHoa,GREonCeuvsoqdP9hKaALZE37w6jYZWzGJH7CpQPzxbKH,459248640,0.45924864,65856
validator_history,HistoryJTGbKQD2mRgLZ3XhqHnN811Qpez8X9kCcGHoa,D5NfybCMJ2HiWdnKdYRUkxvngfUzuSHEy5VCjq58wBYT,459248640,0.45924864,65856
validator_history,HistoryJTGbKQD2mRgLZ3XhqHnN811Qpez8X9kCcGHoa,BiB5Q2aQDNDjERYjiW7v1JqeXPPYif9fN4kjGTFQaDmn,459248640,0.45924864,65856
validator_history,HistoryJTGbKQD2mRgLZ3XhqHnN811Qpez8X9kCcGHoa,8gEfT6p3kAKaCRg1tCvRaHj9edBHhu9yRZNnJaMW8kXZ,459248640,0.45924864,65856
validator_history,HistoryJTGbKQD2mRgLZ3XhqHnN811Qpez8X9kCcGHoa,9NXq465eD7Ad7V7LGoBkwDrtX8WUzHcvkEd6LPo78wgM,459248640,0.45924864,65856
validator_history,HistoryJTGbKQD2mRgLZ3XhqHnN811Qpez8X9kCcGHoa,EB3tdQT92Y7Dtqpbg8p692AwMTg8q3XBtPnFCdVVjbJE,459248640,0.45924864,65856
validator_history,HistoryJTGbKQD2mRgLZ3XhqHnN811Qpez8X9kCcGHoa,8kHZE3ViohYtGxXua5AKkTYWfNZ7TRHBtmfUJKbmLyaq,459248640,0.45924864,65856
validator_history,HistoryJTGbKQD2mRgLZ3XhqHnN811Qpez8X9kCcGHoa,6AKxHAC4cFpFSpkBDYbgBHcyoXkq55JVcLsRFtCJVBff,459248640,0.45924864,65856
validator_history,HistoryJTGbKQD2mRgLZ3XhqHnN811Qpez8X9kCcGHoa,H1SdnQ7PRb4pVqTm3cfBJUsD7BAy8yKR1S1Qctbth55X,459248640,0.45924864,65856
validator_history,HistoryJTGbKQD2mRgLZ3XhqHnN811Qpez8X9kCcGHoa,DJ21NdHMNM72ap4Yiw8t8Zs62UVv3d1iG4juPcHfbyVF,459248640,0.45924864,65856
validator_history,HistoryJTGbKQD2mRgLZ3XhqHnN811Qpez8X9kCcGHoa,GyG7Yo7aobd9Ptd9P8pBVHKdmoU4rRjsxhukYYRh9gwW,459248640,0.45924864,65856
validator_history,HistoryJTGbKQD2mRgLZ3XhqHnN811Qpez8X9kCcGHoa,sE6Q676mQwNVRHr6ZkTeHbEmzUDZ2AJVGtM2ZAZ8Tbb,459248640,0.45924864,65856
validator_history,HistoryJTGbKQD2mRgLZ3XhqHnN811Qpez8X9kCcGHoa,EEktMpYKRvqB5zhqhG7K1Gb4PXbHe5QXPCEouXDAqTkV,459248640,0.45924864,65856
validator_history,HistoryJTGbKQD2mRgLZ3XhqHnN811Qpez8X9kCcGHoa,EAbXYLDD3o2JEjN7o8nmZx5NH6eJLW5SNt7uPYMtz4im,459248640,0.45924864,65856
validator_history,HistoryJTGbKQD2mRgLZ3XhqHnN811Qpez8X9kCcGHoa,8KdBuCkHMPf9uQBLrDVzhpDtjCf1eFxSgFTNNaS8eJWU,459248640,0.45924864,65856
validator_history,HistoryJTGbKQD2mRgLZ3XhqHnN811Qpez8X9kCcGHoa,Dkoxu9TGyZXX7c3LEUrQ47gk1MV4EEW64ptGsxLvLqpL,459248640,0.45924864,65856
validator_history,HistoryJTGbKQD2mRgLZ3XhqHnN811Qpez8X9kCcGHoa,HRmykmLK6gZqTRt1Hd2UwBfvEX2uDCk7YTgzjm9rZ2YP,459248640,0.45924864,65856
validator_history,HistoryJTGbKQD2mRgLZ3XhqHnN811Qpez8X9kCcGHoa,ta8peRTU4LS5puLgxDXYKfmqTUHMgFypCo8tz9Bf31j,459248640,0.45924864,65856
validator_history,HistoryJTGbKQD2mRgLZ3XhqHnN811Qpez8X9kCcGHoa,Hw81hnbVHtWBzewxe3VRhKXwGfJ3mTkoFcc129kZnowZ,459248640,0.45924864,65856
validator_history,HistoryJTGbKQD2mRgLZ3XhqHnN811Qpez8X9kCcGHoa,FV38HsefPySpuUF9BW2qNvzTEyEgFU7PgNTg6PxzeZ79,459248640,0.45924864,65856
validator_history,HistoryJTGbKQD2mRgLZ3XhqHnN811Qpez8X9kCcGHoa,4UdgzppSJvEYZiNH5L17uer9Zu1L1GpX9PYwqA4FpVwF,459248640,0.45924864,65856
validator_history,HistoryJTGbKQD2mRgLZ3XhqHnN811Qpez8X9kCcGHoa,4P3aLpLTkjbvuCDMGdocNmx1MLFGwxpeiBJmJBeTC7wz,459248640,0.45924864,65856
validator_history,HistoryJTGbKQD2mRgLZ3XhqHnN811Qpez8X9kCcGHoa,5qQfpkf6h81NNrV4Kr4gqnpZaWrYrtc6TZHTjD5QyZNe,459248640,0.45924864,65856
validator_history,HistoryJTGbKQD2mRgLZ3XhqHnN811Qpez8X9kCcGHoa,4LekhfM6VGozMLJy7xpM3M9eZ6STb5KCRQESvBW4yiMK,459248640,0.45924864,65856
validator_history,HistoryJTGbKQD2mRgLZ3XhqHnN811Qpez8X9kCcGHoa,EaPGnkVBGaaaBPeivUpPRPtt64qyxDjX4s4ips7C9RYX,459248640,0.45924864,65856
validator_history,HistoryJTGbKQD2mRgLZ3XhqHnN811Qpez8X9kCcGHoa,2HmU5hJDBpRtFcjeSUSTWzEomPVZwcTxyVfAr8DijXWu,459248640,0.45924864,65856
validator_history,HistoryJTGbKQD2mRgLZ3XhqHnN811Qpez8X9kCcGHoa,AGk8x3qGARpF6fBh9QxPmWWV1ngJuE9EkpTbnAyUDBrF,459248640,0.45924864,65856
validator_history,HistoryJTGbKQD2mRgLZ3XhqHnN811Qpez8X9kCcGHoa,3kPwuB8uU7hYJ1KsVUDL5tQVrxmZvkENafoxDBCdihsn,459248640,0.45924864,65856
validator_history,HistoryJTGbKQD2mRgLZ3XhqHnN811Qpez8X9kCcGHoa,BfmfUWhQrKs7HhJg7gh56txBfLhJS9v4ziMNHLCB4ZJf,459248640,0.45924864,65856
validator_history,HistoryJTGbKQD2mRgLZ3XhqHnN811Qpez8X9kCcGHoa,DRXK439wmbpDiTRsfsyYYj9TkPRzFuoN9YP1X3QiNeWf,459248640,0.45924864,65856
validator_history,HistoryJTGbKQD2mRgLZ3XhqHnN811Qpez8X9kCcGHoa,4Qs4okebiLdGdr4Nr1jN7rCfEizHMzXT5EL91LQUCL82,459248640,0.45924864,65856
validator_history,HistoryJTGbKQD2mRgLZ3XhqHnN811Qpez8X9kCcGHoa,2vn5NRVH8BaJ74B9WQVn3DAeejhLNpwq3cysFnQnjDs8,459248640,0.45924864,65856
validator_history,HistoryJTGbKQD2mRgLZ3XhqHnN811Qpez8X9kCcGHoa,rYUdoNYvfeimrVBCLx8QjudDyetvn4HQBitDeALToY8,459248640,0.45924864,65856
validator_history,HistoryJTGbKQD2mRgLZ3XhqHnN811Qpez8X9kCcGHoa,2SCrqP9DU9QbQgdpRaDC5jfjBLhe3bqK6e5oaqe6gmAB,459248640,0.45924864,65856
validator_history,HistoryJTGbKQD2mRgLZ3XhqHnN811Qpez8X9kCcGHoa,3uN8hne1a5cu3eya9sXQcT7B2goCHVukiizabDfWrEyD,459248640,0.45924864,65856
validator_history,HistoryJTGbKQD2mRgLZ3XhqHnN811Qpez8X9kCcGHoa,67TjEjhDjgfTmXCKk7Mx6BpcAYkeTgRyXebD5hYMkKda,459248640,0.45924864,65856
validator_history,HistoryJTGbKQD2mRgLZ3XhqHnN811Qpez8X9kCcGHoa,C4rGQfWNRrANjKaMvGFnprwi1aiFn4ipFtdJ7QTUzfum,459248640,0.45924864,65856
validator_history,HistoryJTGbKQD2mRgLZ3XhqHnN811Qpez8X9kCcGHoa,59Uo89t558YyPNHr88eKBcBHG54rwotvgm5sCaZgUwxT,459248640,0.45924864,65856
validator_history,HistoryJTGbKQD2mRgLZ3XhqHnN811Qpez8X9kCcGHoa,GGWD56jZHd8ExSGM3gwCH5SUzyfvQRLPitiJzUuyJKL2,459248640,0.45924864,65856
validator_history,HistoryJTGbKQD2mRgLZ3XhqHnN811Qpez8X9kCcGHoa,5VVqLmWjH7a6WWTqa8CvurJEmH85VTtjupDQ6EpwhoLP,459248640,0.45924864,65856
validator_history,HistoryJTGbKQD2mRgLZ3XhqHnN811Qpez8X9kCcGHoa,GUzr39G48gP9KPppsnuDMjTw1eZ6Me5dB7RWuaYJBGpW,459248640,0.45924864,65856
validator_history,HistoryJTGbKQD2mRgLZ3XhqHnN811Qpez8X9kCcGHoa,HZAeChvbwwLHtMDDEr1aeKSsX8Tm5igQt3AgvrVs2LpP,459248640,0.45924864,65856
validator_history,HistoryJTGbKQD2mRgLZ3XhqHnN811Qpez8X9kCcGHoa,BEidDSbPxVC7RyexVLUyKDcQQhSXHL1kDajfbQxBD3Y9,459248640,0.45924864,65856
validator_history,HistoryJTGbKQD2mRgLZ3XhqHnN811Qpez8X9kCcGHoa,BugkQyquJxi7TnjKzG3qKVnkM1jsPLBiEawpU99QXCt4,459248640,0.45924864,65856
validator_history,HistoryJTGbKQD2mRgLZ3XhqHnN811Qpez8X9kCcGHoa,6Ap8xd2VhKLsrPdLSR6sRhCNwdqGQuDY1QyszTQD97AB,459248640,0.45924864,65856
validator_history,HistoryJTGbKQD2mRgLZ3XhqHnN811Qpez8X9kCcGHoa,6DvVzXpw6C67Gg5sELQeaYU1H5iSPMwqaJciK2yTA4B6,459248640,0.45924864,65856
validator_history,HistoryJTGbKQD2mRgLZ3XhqHnN811Qpez8X9kCcGHoa,7zkVgVpjpqNWAtLaxBMqbsS4dZvfXtdpCHbravFKZqWa,459248640,0.45924864,65856
validator_history,HistoryJTGbKQD2mRgLZ3XhqHnN811Qpez8X9kCcGHoa,FjcfW4UfQfgf3z4HfujznSNosV75ahyw56X8K3ukCVGR,459248640,0.45924864,65856
validator_history,HistoryJTGbKQD2mRgLZ3XhqHnN811Qpez8X9kCcGHoa,EiJrBwf31GoRSkkkKeBfzKAVvQNMWTXqDVWWPVxB7dur,459248640,0.45924864,65856
validator_history,HistoryJTGbKQD2mRgLZ3XhqHnN811Qpez8X9kCcGHoa,DLhBy5DxZ2FP2bgnFGkLWhb1p2NQSLAaAJy9bEpJ5o2B,459248640,0.45924864,65856
validator_history,HistoryJTGbKQD2mRgLZ3XhqHnN811Qpez8X9kCcGHoa,5CENGF7bpCT3FKz6B3EjMou1BPbL3TDBH8wassgr33Dw,459248640,0.45924864,65856
validator_history,HistoryJTGbKQD2mRgLZ3XhqHnN811Qpez8X9kCcGHoa,1DuGuGK85A1dq1eEL9W5PA3GsCRGiskuxWNj4LcJYiT,459248640,0.45924864,65856
validator_history,HistoryJTGbKQD2mRgLZ3XhqHnN811Qpez8X9kCcGHoa,1a8hPJAWwkgwzngxFjY2hnN5P47RnY7T4N5xGhwCHCh,459248640,0.45924864,65856
validator_history,HistoryJTGbKQD2mRgLZ3XhqHnN811Qpez8X9kCcGHoa,GGZeHQY57b8zSoXhJZiDgZGfysVBxn4tkUjCeiiGF6hY,459248640,0.45924864,65856
validator_history,HistoryJTGbKQD2mRgLZ3XhqHnN811Qpez8X9kCcGHoa,AcdfT78SjaNBfWCTMu8zHChLoiTgB7TRkT4PAh344vsz,459248640,0.45924864,65856
validator_history,HistoryJTGbKQD2mRgLZ3XhqHnN811Qpez8X9kCcGHoa,F8hifKxXEF5Hm44vmUbLFk1ikhWHxJ5ZdTYodbCUjX7D,459248640,0.45924864,65856
validator_history,HistoryJTGbKQD2mRgLZ3XhqHnN811Qpez8X9kCcGHoa,A4BxhKiiRo9MrLVc463fje93nHYZRZv4PDAMVNxzjDmq,459248640,0.45924864,65856
validator_history,HistoryJTGbKQD2mRgLZ3XhqHnN811Qpez8X9kCcGHoa,FHYX9pkebHggT4Vo1Gf16tz1piqdYFQZJYTrhZLVgewS,459248640,0.45924864,65856
validator_history,HistoryJTGbKQD2mRgLZ3XhqHnN811Qpez8X9kCcGHoa,3uB8quLZHcQnzA2wEhR7LToX1FUrThubaANUaKLknj7k,459248640,0.45924864,65856
validator_history,HistoryJTGbKQD2mRgLZ3XhqHnN811Qpez8X9kCcGHoa,CkEi1kA5D28GDqavYBShAjqw8GNxy7AP6keTJxT7jC2g,459248640,0.45924864,65856
validator_history,HistoryJTGbKQD2mRgLZ3XhqHnN811Qpez8X9kCcGHoa,68DVkroqw5yTgKMac1Qdzzc3dtH9dhdB4eFeBrFaZGVj,459248640,0.45924864,65856
validator_history,HistoryJTGbKQD2mRgLZ3XhqHnN811Qpez8X9kCcGHoa,DuMcAZJqz2wq6JPGSRtjibnSePqBQwFdWxpE3a8563gt,459248640,0.45924864,65856
validator_history,HistoryJTGbKQD2mRgLZ3XhqHnN811Qpez8X9kCcGHoa,9D8ePcRbaHYu11jZ7GqET9CvA2k6hLvRt1StaYC8r8cp,459248640,0.45924864,65856
validator_history,HistoryJTGbKQD2mRgLZ3XhqHnN811Qpez8X9kCcGHoa,FAxFz12GMdRzVEQSCPhovpJd8mEsfBqG6vefHqagU2e3,459248640,0.45924864,65856
validator_history,HistoryJTGbKQD2mRgLZ3XhqHnN811Qpez8X9kCcGHoa,5TKGHVEs4o3G9wiA75kxCKsdcr4L71oVFTTMnAne5WQ3,459248640,0.45924864,65856
validator_history,HistoryJTGbKQD2mRgLZ3XhqHnN811Qpez8X9kCcGHoa,4q9ahGqZGqrT6FLEWS3CSRNF1jgXTP3wWSSjjrrby1QD,459248640,0.45924864,65856
validator_history,HistoryJTGbKQD2mRgLZ3XhqHnN811Qpez8X9kCcGHoa,J5Ua9YYFQgsXjLx3pmiND9EAhCoZVyECfJnXVe31rsoW,459248640,0.45924864,65856
validator_history,HistoryJTGbKQD2mRgLZ3XhqHnN811Qpez8X9kCcGHoa,7WJgXZvKec9CFE1zGxvP2YTR3p5ng4rL59Ph3ucpf9AJ,459248640,0.45924864,65856
validator_history,HistoryJTGbKQD2mRgLZ3XhqHnN811Qpez8X9kCcGHoa,9tqn89GCUhLXXzALVNJc7vWx2RnNCPN7KqTGpnjdr7KP,459248640,0.45924864,65856
validator_history,HistoryJTGbKQD2mRgLZ3XhqHnN811Qpez8X9kCcGHoa,CqWi6kccNV2PWcAR8T427dhgDTmD3xhRyxttvcZRUnJU,459248640,0.45924864,65856
validator_history,HistoryJTGbKQD2mRgLZ3XhqHnN811Qpez8X9kCcGHoa,4Wy1WMHxUh8K8Xe3ek3MWcjFFpjr2rcxkZ3J4ohib95V,459248640,0.45924864,65856
validator_history,HistoryJTGbKQD2mRgLZ3XhqHnN811Qpez8X9kCcGHoa,DsH66fsAiGrVGmFjskUf7jc7DhGF8pSNu6fnPHx6yq2y,459248640,0.45924864,65856
validator_history,HistoryJTGbKQD2mRgLZ3XhqHnN811Qpez8X9kCcGHoa,2iVhN3HB3prMXWekj5e51Yh8A5q2uqiW1aoLjhQPGKEQ,459248640,0.45924864,65856
validator_history,HistoryJTGbKQD2mRgLZ3XhqHnN811Qpez8X9kCcGHoa,DmYqfmvV7efS2ELQvNVjDy9uj9o66264vs7Dy2vERtzi,459248640,0.45924864,65856
validator_history,HistoryJTGbKQD2mRgLZ3XhqHnN811Qpez8X9kCcGHoa,2FEntoPp8poZxhQuATs71s6TtVBPfsUFSpbsJiKyXWjz,459248640,0.45924864,65856
validator_history,HistoryJTGbKQD2mRgLZ3XhqHnN811Qpez8X9kCcGHoa,ETpFkQpD8jSoiWZJdZRU7qmAQm45DRy7qNUWqJ5jCZtV,459248640,0.45924864,65856
validator_history,HistoryJTGbKQD2mRgLZ3XhqHnN811Qpez8X9kCcGHoa,JEBbpWtJtC3wgmgCrguZ3fezu9GRcVkMP2R6murrPinR,459248640,0.45924864,65856
validator_history,HistoryJTGbKQD2mRgLZ3XhqHnN811Qpez8X9kCcGHoa,4MdbEuEAfaMRV3g8vQgRE6Z4L2QkCv5YhkpF8ghcUyQJ,459248640,0.45924864,65856
validator_history,HistoryJTGbKQD2mRgLZ3XhqHnN811Qpez8X9kCcGHoa,Hgd8VAB1YvWtsTNwKFGQ3KBwxjATYCjCefvtirL3whU2,459248640,0.45924864,65856
validator_history,HistoryJTGbKQD2mRgLZ3XhqHnN811Qpez8X9kCcGHoa,4XEqhAgKJeAaymZKrwHK64wsrf1peabde6yUGtLn9MU6,459248640,0.45924864,65856
validator_history,HistoryJTGbKQD2mRgLZ3XhqHnN811Qpez8X9kCcGHoa,7ZRY5b5ugLyXdhPksFBYngeqCHmkSUBko7vnjzMBDxy,459248640,0.45924864,65856
validator_history,HistoryJTGbKQD2mRgLZ3XhqHnN811Qpez8X9kCcGHoa,7NazkftbGTWhnskgzcQcjce4Mk8cSU77S3dbEPc1L2Ut,459248640,0.45924864,65856
validator_history,HistoryJTGbKQD2mRgLZ3XhqHnN811Qpez8X9kCcGHoa,DL2aNNYzj5iRaA98xF7rzr3Tvva8h7fsAqM1iu1U7uGa,459248640,0.45924864,65856
validator_history,HistoryJTGbKQD2mRgLZ3XhqHnN811Qpez8X9kCcGHoa,C1Q6Gih3Q5DLr4SGpSFKbXFXayYnEh5sx8PJmoKkSFby,459248640,0.45924864,65856
validator_history,HistoryJTGbKQD2mRgLZ3XhqHnN811Qpez8X9kCcGHoa,Dq8kfu8iRxku8YyVpv6rVmNDDFfhe7QstPe7tTNRLxW,459248640,0.45924864,65856
validator_history,HistoryJTGbKQD2mRgLZ3XhqHnN811Qpez8X9kCcGHoa,68FHnrVANiVysPrNpdpctmDii64XsqvvymytehuohcgE,459248640,0.45924864,65856
validator_history,HistoryJTGbKQD2mRgLZ3XhqHnN811Qpez8X9kCcGHoa,6hMMY4EeM7NYioS1nnbUhcFs2tCpHh5vqcyf1z8YJwwM,459248640,0.45924864,65856
validator_history,HistoryJTGbKQD2mRgLZ3XhqHnN811Qpez8X9kCcGHoa,E5HiPwuxHxyWMg3KweegvHpZN3sBAyXnTuB6buMf868y,459248640,0.45924864,65856
validator_history,HistoryJTGbKQD2mRgLZ3XhqHnN811Qpez8X9kCcGHoa,uVh679umb61jPmqjENzPU84xhDPJxTAU5DBNNkHTYDd,459248640,0.45924864,65856
validator_history,HistoryJTGbKQD2mRgLZ3XhqHnN811Qpez8X9kCcGHoa,9PrvqgZbHs9UetYueSAxYASEWYBmb2SgDgxowtG1HAod,459248640,0.45924864,65856
validator_history,HistoryJTGbKQD2mRgLZ3XhqHnN811Qpez8X9kCcGHoa,74HqEHruPcJR4nWg9tFLit26AafrxaZ8MRx8JxPYUi1S,459248640,0.45924864,65856
validator_history,HistoryJTGbKQD2mRgLZ3XhqHnN811Qpez8X9kCcGHoa,9MXvou47RvU5W5gmdTck1jp5zrwtcBuHgaFKqkjwsVLn,459248640,0.45924864,65856
validator_history,HistoryJTGbKQD2mRgLZ3XhqHnN811Qpez8X9kCcGHoa,Bv83Dy1XVJfXBtxgRepo9zmxrxNy8qLLqHu8GNV3hzDN,459248640,0.45924864,65856
validator_history,HistoryJTGbKQD2mRgLZ3XhqHnN811Qpez8X9kCcGHoa,B7iqpXYHqgtbP8xEdu9tjA1HSKXAP7yjkzCCtQNYVJki,13857360,0.01385736,1863
validator_history,HistoryJTGbKQD2mRgLZ3XhqHnN811Qpez8X9kCcGHoa,9XCnzC1hbzUFEMmhx7ZHKRm6Dmr5MqY1NvHXybMeJQqp,459248640,0.45924864,65856
validator_history,HistoryJTGbKQD2mRgLZ3XhqHnN811Qpez8X9kCcGHoa,7SHKXxJY8bM3VzuSDsnRGmBPZe9P2Fxvwc6RkSearRsJ,459248640,0.45924864,65856
validator_history,HistoryJTGbKQD2mRgLZ3XhqHnN811Qpez8X9kCcGHoa,8psC8ZFMMjTfYutMzNHAAWmhw58HBKmN6R75mzUgKSUP,459248640,0.45924864,65856
validator_history,HistoryJTGbKQD2mRgLZ3XhqHnN811Qpez8X9kCcGHoa,HZrjcQScaUrT1UsySmnuu1oaosDkkRFrFQ9SA3QZ22au,459248640,0.45924864,65856
validator_history,HistoryJTGbKQD2mRgLZ3XhqHnN811Qpez8X9kCcGHoa,EjA5FBXbq7uAe3KUQw47ZwUaQtCFhBLnbDtKHpbL8yZQ,459248640,0.45924864,65856
validator_history,HistoryJTGbKQD2mRgLZ3XhqHnN811Qpez8X9kCcGHoa,8gTXGfEumqkrVUAu1AJmBZo9ymNuWZ8k7fdrG3jata5Q,459248640,0.45924864,65856
validator_history,HistoryJTGbKQD2mRgLZ3XhqHnN811Qpez8X9kCcGHoa,8vD1v4QKv6dFBbu4TZP2RL4KsCxQGEfhSCwjKanhbHTR,459248640,0.45924864,65856
validator_history,HistoryJTGbKQD2mRgLZ3XhqHnN811Qpez8X9kCcGHoa,A2HqyueWjzxf1GA9ioM8ieqAurHLc9fD2RbcoUV5JL7C,459248640,0.45924864,65856
validator_history,HistoryJTGbKQD2mRgLZ3XhqHnN811Qpez8X9kCcGHoa,2A87ZvkU7j2aPuDhWWrwsYmGreiMqcrCbuzqBLZL8ekQ,459248640,0.45924864,65856
validator_history,HistoryJTGbKQD2mRgLZ3XhqHnN811Qpez8X9kCcGHoa,8ds9XLovoYF6HSsMF5Mp95589R9V1sHAsoXv5AD8H7BS,459248640,0.45924864,65856
validator_history,HistoryJTGbKQD2mRgLZ3XhqHnN811Qpez8X9kCcGHoa,8CFsJ7dLcLs9zzY77hJnudNv4Wv1bA5amvvcnho7CEx,459248640,0.45924864,65856
validator_history,HistoryJTGbKQD2mRgLZ3XhqHnN811Qpez8X9kCcGHoa,bRCexy99am3KLLC5zGAcidUz8MkGQMyB1Aba9uYiSne,459248640,0.45924864,65856
validator_history,HistoryJTGbKQD2mRgLZ3XhqHnN811Qpez8X9kCcGHoa,KtcJMABntSw1oowa2QC7Vv2h5nSttHmTJgoibGrrXfW,459248640,0.45924864,65856
validator_history,HistoryJTGbKQD2mRgLZ3XhqHnN811Qpez8X9kCcGHoa,9t9J5R6VHFqF4Rc6PCfDJf9gG3mvssRDmJ4XsyvUNSXe,459248640,0.45924864,65856
validator_history,HistoryJTGbKQD2mRgLZ3XhqHnN811Qpez8X9kCcGHoa,2FyrzPUJAwE8rUifrnn1YbXXkipSJtpPda9yHUP55imN,459248640,0.45924864,65856
validator_history,HistoryJTGbKQD2mRgLZ3XhqHnN811Qpez8X9kCcGHoa,FKaMNDbkuwtqch66wxjNEBJQwXDmwPfYnBGtqZQUL4bD,459248640,0.45924864,65856
validator_history,HistoryJTGbKQD2mRgLZ3XhqHnN811Qpez8X9kCcGHoa,F1sL364B7N4uxRroKiaLPkKroangU58hYTwF1ETWTUqv,459248640,0.45924864,65856
validator_history,HistoryJTGbKQD2mRgLZ3XhqHnN811Qpez8X9kCcGHoa,G1Vfx9hN45j3egYnbZ2m74ss6KVUBxKGuHpu77S1pwJq,459248640,0.45924864,65856
validator_history,HistoryJTGbKQD2mRgLZ3XhqHnN811Qpez8X9kCcGHoa,5DeopzsPrxxLPq18Q6VtxgdyQvb55eFXUdNKvoEvefvp,459248640,0.45924864,65856
validator_history,HistoryJTGbKQD2mRgLZ3XhqHnN811Qpez8X9kCcGHoa,BvMvoozfFVajXzuQA8DAVFwrhCQaiUQAmdGotPxRtdDu,459248640,0.45924864,65856
validator_history,HistoryJTGbKQD2mRgLZ3XhqHnN811Qpez8X9kCcGHoa,HBAToLBXLHKhivi57c6jPFFVs58Le6mXDqB3MGCC3ny2,459248640,0.45924864,65856
validator_history,HistoryJTGbKQD2mRgLZ3XhqHnN811Qpez8X9kCcGHoa,3WcmGZpCUMUGq4bw5hPqQTQziCNH8yBqVRTSKwyL8E1Q,459248640,0.45924864,65856
validator_history,HistoryJTGbKQD2mRgLZ3XhqHnN811Qpez8X9kCcGHoa,BfqehKiiD32uQov2vdywnmQE1kNSUvxfeMBFApdbvktT,459248640,0.45924864,65856
validator_history,HistoryJTGbKQD2mRgLZ3XhqHnN811Qpez8X9kCcGHoa,FrPschBjpjCEQT3uEhKcup6K6eBJxX4FgjQtq1uNwib7,459248640,0.45924864,65856
validator_history,HistoryJTGbKQD2mRgLZ3XhqHnN811Qpez8X9kCcGHoa,Fts1Gap2GQtdq5EQtPRSUjua26xq91HxR9qtJ9g7BiGR,459248640,0.45924864,65856
validator_history,HistoryJTGbKQD2mRgLZ3XhqHnN811Qpez8X9kCcGHoa,EqukbxycYvEUFpoodK1VfBeNUFJZUbW7M8wPfY9sbZxr,459248640,0.45924864,65856
validator_history,HistoryJTGbKQD2mRgLZ3XhqHnN811Qpez8X9kCcGHoa,GRjTKEwog7cePNXweSndg9qLkRoUXALuCn36YXBLPr3g,459248640,0.45924864,65856
validator_history,HistoryJTGbKQD2mRgLZ3XhqHnN811Qpez8X9kCcGHoa,9VTUhMTa7gHNJVjm5iSxKuBjtTqCnztRje2izgEnDEZb,459248640,0.45924864,65856
validator_history,HistoryJTGbKQD2mRgLZ3XhqHnN811Qpez8X9kCcGHoa,4aaSxhd3QXHC752GM7NPy5MJdv1PhPE4s433RpsgtMf2,459248640,0.45924864,65856
validator_history,HistoryJTGbKQD2mRgLZ3XhqHnN811Qpez8X9kCcGHoa,3h6NPNLBFZ1SbFnxs9UhGmfU2UdacQcfgvgsc63mdZMN,459248640,0.45924864,65856
validator_history,HistoryJTGbKQD2mRgLZ3XhqHnN811Qpez8X9kCcGHoa,DFeY9YJdmGczhSJz98VaViRTJWsYBsACGKnDSnE89vY,459248640,0.45924864,65856
validator_history,HistoryJTGbKQD2mRgLZ3XhqHnN811Qpez8X9kCcGHoa,BWtCTHnGbBFhYqhYUWyDpxXRgRxDLozLfkUQreXqZRPk,459248640,0.45924864,65856
validator_history,HistoryJTGbKQD2mRgLZ3XhqHnN811Qpez8X9kCcGHoa,2owMcHVueQo4VGrJ71fYpGQ5Mjq3c7e5NGGPyC8upcK3,459248640,0.45924864,65856
validator_history,HistoryJTGbKQD2mRgLZ3XhqHnN811Qpez8X9kCcGHoa,2ASZFXU51vxNFkbA2u1NGCWRVN8u3qgWvM6TW3BJBwys,459248640,0.45924864,65856
validator_history,HistoryJTGbKQD2mRgLZ3XhqHnN811Qpez8X9kCcGHoa,GVNCa5A45uYZkUUJJWhBZYZUE3uYUXTDg979jp8hp4ZF,459248640,0.45924864,65856
validator_history,HistoryJTGbKQD2mRgLZ3XhqHnN811Qpez8X9kCcGHoa,F9uYkQm4gCaSTdCTauk1XT9zrQeQmtfcSf91CQ7Dw2vv,459248640,0.45924864,65856
validator_history,HistoryJTGbKQD2mRgLZ3XhqHnN811Qpez8X9kCcGHoa,8orjtHq5BSaWjCoh58zbAF6pQxrVQgofVRHrpSQfoEyt,459248640,0.45924864,65856
validator_history,HistoryJTGbKQD2mRgLZ3XhqHnN811Qpez8X9kCcGHoa,62bHZLK8uc2vZFAwqRErULMXGpmWZMNypsjoTpDMVx9c,459248640,0.45924864,65856
validator_history,HistoryJTGbKQD2mRgLZ3XhqHnN811Qpez8X9kCcGHoa,BCAo6iykNFJAjP82shAv7pwmdpe12qAMuX8mmyLFwXtv,459248640,0.45924864,65856
validator_history,HistoryJTGbKQD2mRgLZ3XhqHnN811Qpez8X9kCcGHoa,8qowfVjd9zbLaxbRAwoY8Kn7rE2PeahMvZ5PrPwALEKD,459248640,0.45924864,65856
validator_history,HistoryJTGbKQD2mRgLZ3XhqHnN811Qpez8X9kCcGHoa,ByfDmU9DmySfPMvoMioYEggMuQ85pbGdFrwEBg2RHQQr,459248640,0.45924864,65856
validator_history,HistoryJTGbKQD2mRgLZ3XhqHnN811Qpez8X9kCcGHoa,F6dCKFLYPjGDF23ti4SwMBApNP9Q9PSthHA6sCNGsDxB,459248640,0.45924864,65856
validator_history,HistoryJTGbKQD2mRgLZ3XhqHnN811Qpez8X9kCcGHoa,4aN4xhS5GwvyuuPUBroZ2qbRFMw3ToEtxDwXQ5NjNm8D,459248640,0.45924864,65856
validator_history,HistoryJTGbKQD2mRgLZ3XhqHnN811Qpez8X9kCcGHoa,8X6d36tmxFZn2zz4iPW1qbkb7h3pj2js3QeUmmJ9B7UC,459248640,0.45924864,65856
validator_history,HistoryJTGbKQD2mRgLZ3XhqHnN811Qpez8X9kCcGHoa,4tp2X5XV7Bs2viSgFc1uKTkTyHM79CepgCEHrRAvUJH7,459248640,0.45924864,65856
validator_history,HistoryJTGbKQD2mRgLZ3XhqHnN811Qpez8X9kCcGHoa,GNopbJ1s8m67HSbHpZGHAyQRThKkou8ZNmECbLGh5f8W,459248640,0.45924864,65856
validator_history,HistoryJTGbKQD2mRgLZ3XhqHnN811Qpez8X9kCcGHoa,9Sa12ceZAtKaeaK7RysqiYvZLeR7KsK3oHpvUym4WS89,459248640,0.45924864,65856
validator_history,HistoryJTGbKQD2mRgLZ3XhqHnN811Qpez8X9kCcGHoa,7mdDQjLXLWSgGpyZPo4ghDyR7yrQ2GXCLDyg9ViMjMbU,459248640,0.45924864,65856
validator_history,HistoryJTGbKQD2mRgLZ3XhqHnN811Qpez8X9kCcGHoa,GkbijUxWTy9r6S7Vaq66SPR9hEWkpjD2GSPAyV5pTNDm,459248640,0.45924864,65856
validator_history,HistoryJTGbKQD2mRgLZ3XhqHnN811Qpez8X9kCcGHoa,GioGAtiqEr2hZYurb5ed2DdJLQhDSLoEauT8yG9Q4Zyy,459248640,0.45924864,65856
validator_history,HistoryJTGbKQD2mRgLZ3XhqHnN811Qpez8X9kCcGHoa,2dLsd6rBbjWDwU5cgxoKUYnYi5ZuaHHzR8GaN83p26fc,459248640,0.45924864,65856
validator_history,HistoryJTGbKQD2mRgLZ3XhqHnN811Qpez8X9kCcGHoa,FEyC8x894VJrXkc9zSVAEFVsLQ8aZY8HWfM4NsaPaDGL,459248640,0.45924864,65856
validator_history,HistoryJTGbKQD2mRgLZ3XhqHnN811Qpez8X9kCcGHoa,GYCAMB1WVAZAh8uMMh6DFjoipPegRQRTLbho8KqTamj9,459248640,0.45924864,65856
validator_history,HistoryJTGbKQD2mRgLZ3XhqHnN811Qpez8X9kCcGHoa,4LsQEhx16j46tcU4gNfWQsm4pjB1sJRReC7m4fuJqAwh,459248640,0.45924864,65856
validator_history,HistoryJTGbKQD2mRgLZ3XhqHnN811Qpez8X9kCcGHoa,21o7DdMyLd8pHLt9NAyNAjezKvdhzjUCAmFxnHUwd599,459248640,0.45924864,65856
validator_history,HistoryJTGbKQD2mRgLZ3XhqHnN811Qpez8X9kCcGHoa,8euWUXEsnfxfUJNfLd3owW2aoZKBGEVzQ4qoAZ1cLVJL,459248640,0.45924864,65856
validator_history,HistoryJTGbKQD2mRgLZ3XhqHnN811Qpez8X9kCcGHoa,3RvtjbGX4FgpF2w44n3aBCyAMjfSdW9UHi8QEy9PoT9Z,459248640,0.45924864,65856
validator_history,HistoryJTGbKQD2mRgLZ3XhqHnN811Qpez8X9kCcGHoa,9arn6RyqWkz1T1qiTpiKehnCFDXj3daHCkdXgw5w3zBs,459248640,0.45924864,65856
validator_history,HistoryJTGbKQD2mRgLZ3XhqHnN811Qpez8X9kCcGHoa,AdczzA1x4BLAugVQuUMU57uVM1cSsvc5uchg9xp8dATa,459248640,0.45924864,65856
validator_history,HistoryJTGbKQD2mRgLZ3XhqHnN811Qpez8X9kCcGHoa,DUfUQuKC9q2WEcJrgES1S7rkLpGecJpmJKxcRbLLmWyD,459248640,0.45924864,65856
validator_history,HistoryJTGbKQD2mRgLZ3XhqHnN811Qpez8X9kCcGHoa,Bbwyhqvrho6Lp95ACp1Guw4z5JmG7t5gg3oWgt6nkyPS,459248640,0.45924864,65856
validator_history,HistoryJTGbKQD2mRgLZ3XhqHnN811Qpez8X9kCcGHoa,CWTi5yuSDnzotaVJ9iQRzXi9iY6j8uKz3dKbkxNBQFrs,459248640,0.45924864,65856
validator_history,HistoryJTGbKQD2mRgLZ3XhqHnN811Qpez8X9kCcGHoa,GiHDSWp7vyzpfhd9uNw3orLuLQLxWjFSWZV17WsYknko,459248640,0.45924864,65856
validator_history,HistoryJTGbKQD2mRgLZ3XhqHnN811Qpez8X9kCcGHoa,FPCLKJUaNr2WyCYQCgMfCmcH3nA9MaZm9GzvTqhkSogM,459248640,0.45924864,65856
validator_history,HistoryJTGbKQD2mRgLZ3XhqHnN811Qpez8X9kCcGHoa,6aBaRyq4ZhRwrt2CgySG8zmW5JaxsviKqdya55e8r6qE,459248640,0.45924864,65856
validator_history,HistoryJTGbKQD2mRgLZ3XhqHnN811Qpez8X9kCcGHoa,s5aopuWhekm7KkhuqnKZMwkGYKmZjeKstiHeHe9WAfU,459248640,0.45924864,65856
validator_history,HistoryJTGbKQD2mRgLZ3XhqHnN811Qpez8X9kCcGHoa,E6cGBttpRpjY3ryVD7a1r7WPnMsthHfw6fTTJnhkVEyZ,459248640,0.45924864,65856
validator_history,HistoryJTGbKQD2mRgLZ3XhqHnN811Qpez8X9kCcGHoa,yNGyLZfvAuBjxQmnyEYmUk6JAQMU9pyCgCoJcXkFzLx,459248640,0.45924864,65856
validator_history,HistoryJTGbKQD2mRgLZ3XhqHnN811Qpez8X9kCcGHoa,43xz62wy9g7FRVWBqg7qetWEevnQ4CqAk2wz5Ubk85Mi,459248640,0.45924864,65856
validator_history,HistoryJTGbKQD2mRgLZ3XhqHnN811Qpez8X9kCcGHoa,CbFaH1yCgttKior24r3SSvmQ5TCP5Ph8F46zidaynfUE,459248640,0.45924864,65856
validator_history,HistoryJTGbKQD2mRgLZ3XhqHnN811Qpez8X9kCcGHoa,H6Rim1YMpsV7BWTGSdjXPHso3zFNkixbRAQzXKeBndcf,459248640,0.45924864,65856
validator_history,HistoryJTGbKQD2mRgLZ3XhqHnN811Qpez8X9kCcGHoa,Ez6UCaeQdLUCbwnNyVsgAXXxBziVDqfXqzTx4NuRS5HN,459248640,0.45924864,65856
validator_history,HistoryJTGbKQD2mRgLZ3XhqHnN811Qpez8X9kCcGHoa,FZhHg2TFNWnbJKBx1RF4CfqE8VpvYR5c4R1gsov9ELRZ,459248640,0.45924864,65856
validator_history,HistoryJTGbKQD2mRgLZ3XhqHnN811Qpez8X9kCcGHoa,4rWJEyxQ8rRsG8rFEveEFYZt3y1QVRo8tMiMRkmq5ULv,459248640,0.45924864,65856
validator_history,HistoryJTGbKQD2mRgLZ3XhqHnN811Qpez8X9kCcGHoa,J6a6t1qKyHLPgVtrAv5xK2NikWH6HqYDkhsEjBc1iEhT,459248640,0.45924864,65856
validator_history,HistoryJTGbKQD2mRgLZ3XhqHnN811Qpez8X9kCcGHoa,E2XKsRSV9HxAjjrsWUXutqfX9KygWdasotfrLUcomBwE,459248640,0.45924864,65856
validator_history,HistoryJTGbKQD2mRgLZ3XhqHnN811Qpez8X9kCcGHoa,GUzodD5e8hdyMoJdkhUEUGBj7Vv9hmBtySN2LrBXjk4u,459248640,0.45924864,65856
validator_history,HistoryJTGbKQD2mRgLZ3XhqHnN811Qpez8X9kCcGHoa,Aa6HKiMEV9pLXGtx9z52mQmsKC1DjMwJGfDvS3bpkQCx,459248640,0.45924864,65856
validator_history,HistoryJTGbKQD2mRgLZ3XhqHnN811Qpez8X9kCcGHoa,49sCBxVygFSNKnwqZxErX8qeiCGwANAciDszyebFRxLC,459248640,0.45924864,65856
validator_history,HistoryJTGbKQD2mRgLZ3XhqHnN811Qpez8X9kCcGHoa,Cbzjdfqr3SgpTt5vxfGJKSbiNZqFQkVfm6YueF4pXvYr,459248640,0.45924864,65856
validator_history,HistoryJTGbKQD2mRgLZ3XhqHnN811Qpez8X9kCcGHoa,5hg9Sa3Asw2isxg4n9xEzYvpvUnQzobXKVQU9e9edKyt,459248640,0.45924864,65856
validator_history,HistoryJTGbKQD2mRgLZ3XhqHnN811Qpez8X9kCcGHoa,7JGPK8VskUoQMziVzVAmpEnEHZ55ckTCJD3hoVVbewdZ,459248640,0.45924864,65856
validator_history,HistoryJTGbKQD2mRgLZ3XhqHnN811Qpez8X9kCcGHoa,9QHdFZXVfuhZjHDJZTqw9eXQ77HFt9UtV7CmWSS6QGYx,459248640,0.45924864,65856
validator_history,HistoryJTGbKQD2mRgLZ3XhqHnN811Qpez8X9kCcGHoa,7kJknus28FkfbmqPGkmY1AExhxusPK9AxfpyynxrcZh1,459248640,0.45924864,65856
validator_history,HistoryJTGbKQD2mRgLZ3XhqHnN811Qpez8X9kCcGHoa,qGspeUnazGm9CEuLRv3Z3oCv8sX3ThkeCXfYVgPTY2x,459248640,0.45924864,65856
validator_history,HistoryJTGbKQD2mRgLZ3XhqHnN811Qpez8X9kCcGHoa,5PxZ8P7VjxmViWQ9PX5TTXBaXqDTY83rmbdf7FtduFRz,459248640,0.45924864,65856
validator_history,HistoryJTGbKQD2mRgLZ3XhqHnN811Qpez8X9kCcGHoa,9ev4tXqRQA5MmoeNYq4kfM9Hnf3rh2zbhwQ78sbBvKJu,459248640,0.45924864,65856
validator_history,HistoryJTGbKQD2mRgLZ3XhqHnN811Qpez8X9kCcGHoa,2s8gjBPJX7Ms5sy4LnyZttSe4dehM3P5PaweuC4G7hxq,459248640,0.45924864,65856
validator_history,HistoryJTGbKQD2mRgLZ3XhqHnN811Qpez8X9kCcGHoa,8r9dwiS7JQv5zUPdWy2KhmFnJUXeS7NauDmHuYdEShq3,459248640,0.45924864,65856
validator_history,HistoryJTGbKQD2mRgLZ3XhqHnN811Qpez8X9kCcGHoa,3b9NFR1UPj4JMGmFbCYRgmpApjVhakgx1Wu4QVwpb6o5,459248640,0.45924864,65856
validator_history,HistoryJTGbKQD2mRgLZ3XhqHnN811Qpez8X9kCcGHoa,GCxiygo93BytjzUSMq1AcMzmjgP1sYP6GbLEqnWqfWtQ,459248640,0.45924864,65856
validator_history,HistoryJTGbKQD2mRgLZ3XhqHnN811Qpez8X9kCcGHoa,9J3cvHRsiBKCU9jKtTr4172ocDHRXZK93Uh6va3v8K5n,459248640,0.45924864,65856
validator_history,HistoryJTGbKQD2mRgLZ3XhqHnN811Qpez8X9kCcGHoa,5i5gPa8vf3eN7kUgHwkpYb4f7FsAzkyezmiLRg4j3dAz,459248640,0.45924864,65856
validator_history,HistoryJTGbKQD2mRgLZ3XhqHnN811Qpez8X9kCcGHoa,C3pzSPA2mUJVKLDfFWnb83FhFcXR6Yx8qrpZU9E9K7bj,459248640,0.45924864,65856
validator_history,HistoryJTGbKQD2mRgLZ3XhqHnN811Qpez8X9kCcGHoa,FNeHA2cPYKSj2rfqtgYsazbiJ8HpDp8YR4XLDLGxfzMH,459248640,0.45924864,65856
validator_history,HistoryJTGbKQD2mRgLZ3XhqHnN811Qpez8X9kCcGHoa,xrbViLXFeUQ198fXm7knA51J316SyyYdbstKDzbXnN1,459248640,0.45924864,65856
validator_history,HistoryJTGbKQD2mRgLZ3XhqHnN811Qpez8X9kCcGHoa,5F1DeKH6VJfrD98zjhGoC1aPystpB5yDQ3q7Y6tjUAd,459248640,0.45924864,65856
validator_history,HistoryJTGbKQD2mRgLZ3XhqHnN811Qpez8X9kCcGHoa,Agnndv8VmrRnGBXnnxh6FGcgSfCHFb9EZNcZXPxQRkY1,459248640,0.45924864,65856
validator_history,HistoryJTGbKQD2mRgLZ3XhqHnN811Qpez8X9kCcGHoa,HtSRhUbh1RHnoJVEHEgHbV7KjPiBK3GwnVUQDWQHLs3A,459248640,0.45924864,65856
validator_history,HistoryJTGbKQD2mRgLZ3XhqHnN811Qpez8X9kCcGHoa,GjDXvxkjJRjJDKVi7cNgeTjTr4SsfGDRfp27gihD3eFD,459248640,0.45924864,65856
validator_history,HistoryJTGbKQD2mRgLZ3XhqHnN811Qpez8X9kCcGHoa,Fk3jdGgW1xAx2hwd7Rw1s7g8U7JLspP13r3d1SogQKod,459248640,0.45924864,65856
validator_history,HistoryJTGbKQD2mRgLZ3XhqHnN811Qpez8X9kCcGHoa,8f3QHAqM5iJKunpgsEUy385Ayhh56q7WiEAxJVm5mjyP,459248640,0.45924864,65856
validator_history,HistoryJTGbKQD2mRgLZ3XhqHnN811Qpez8X9kCcGHoa,7T2tCp5S2NtdfKCtD3FbwzdRmJ8eG5a91RGhDhH4VJ1z,459248640,0.45924864,65856
validator_history,HistoryJTGbKQD2mRgLZ3XhqHnN811Qpez8X9kCcGHoa,BZzAdTXGpCA9u6phrrUvRuStXe63Goz6a2j7e4dCP81d,459248640,0.45924864,65856
validator_history,HistoryJTGbKQD2mRgLZ3XhqHnN811Qpez8X9kCcGHoa,2mJ7wqDavuRxtKzQ4JXL4jVgEeSVw12prDwp26gQLQFX,459248640,0.45924864,65856
validator_history,HistoryJTGbKQD2mRgLZ3XhqHnN811Qpez8X9kCcGHoa,5GCwvMNRvq7qQoymR89trCDpM492acnFrCWrPZCPyy33,459248640,0.45924864,65856
validator_history,HistoryJTGbKQD2mRgLZ3XhqHnN811Qpez8X9kCcGHoa,GotbZUnfy5pp6FMvWJmPPfe9F61KNYxtVZUWdaRUikqb,459248640,0.45924864,65856
validator_history,HistoryJTGbKQD2mRgLZ3XhqHnN811Qpez8X9kCcGHoa,Duu2ggtLwa7EE9fCmJ8HKWe2b3sRgRSgwava8RaqWf8n,459248640,0.45924864,65856
validator_history,HistoryJTGbKQD2mRgLZ3XhqHnN811Qpez8X9kCcGHoa,G1qhHAUsQAUsUNijfJCEjDnzay1QPc7PREy7paVrMVcB,459248640,0.45924864,65856
validator_history,HistoryJTGbKQD2mRgLZ3XhqHnN811Qpez8X9kCcGHoa,47UYGnVDyHPnsseTXvHWEA62Rm15u15awPKxmdpDUsYm,459248640,0.45924864,65856
validator_history,HistoryJTGbKQD2mRgLZ3XhqHnN811Qpez8X9kCcGHoa,2nonTYZt25PpwvXrjtvrR3RJPX5vWFGpcDN3f5FQTw4H,459248640,0.45924864,65856
validator_history,HistoryJTGbKQD2mRgLZ3XhqHnN811Qpez8X9kCcGHoa,4AYproff7hDkL2QcbLZzzxX8yZ3exNwMzdXXeY53eXfG,459248640,0.45924864,65856
validator_history,HistoryJTGbKQD2mRgLZ3XhqHnN811Qpez8X9kCcGHoa,Hm116tqgsAQjAUFRTddiQEJMKhtcBDpaHRfcfUdpHY7j,459248640,0.45924864,65856
validator_history,HistoryJTGbKQD2mRgLZ3XhqHnN811Qpez8X9kCcGHoa,6fJeARfWAYct14tDmNmonVgLMAkPZZ5zhwQw9D3DF7t7,459248640,0.45924864,65856
validator_history,HistoryJTGbKQD2mRgLZ3XhqHnN811Qpez8X9kCcGHoa,GwtzScHW3DKUrHgvjoVGCBebxgdHFjERiskPS3UGKSCY,459248640,0.45924864,65856
validator_history,HistoryJTGbKQD2mRgLZ3XhqHnN811Qpez8X9kCcGHoa,8xSCHaN5xBSGGuZE8dG7T7wRtJuGum6TocfN3xUEgstB,459248640,0.45924864,65856
validator_history,HistoryJTGbKQD2mRgLZ3XhqHnN811Qpez8X9kCcGHoa,oJ1vRMVAL1KEx7Wpk1wgRDBawUrvSRQCxCHwyTkYyia,459348640,0.45934864,65856
validator_history,HistoryJTGbKQD2mRgLZ3XhqHnN811Qpez8X9kCcGHoa,4EkrMcjPVpLxSjWj4T2p2UUHoeepGtu8XiWxamXBuURE,459248640,0.45924864,65856
validator_history,HistoryJTGbKQD2mRgLZ3XhqHnN811Qpez8X9kCcGHoa,8E5iFA5mZU5NjG7brFiUo7UgfdoQ6GJ5gfhEY4dYYw3N,459248640,0.45924864,65856
validator_history,HistoryJTGbKQD2mRgLZ3XhqHnN811Qpez8X9kCcGHoa,Cz1Zo4fpPpWMWPwzuPx5BopBN6ZUnmVc5rUmGCj1g4HW,459248640,0.45924864,65856
validator_history,HistoryJTGbKQD2mRgLZ3XhqHnN811Qpez8X9kCcGHoa,C3ZaAXDxACBUanqDSsoJA3wwhBhfAkhUAisEXCozZaQd,459248640,0.45924864,65856
validator_history,HistoryJTGbKQD2mRgLZ3XhqHnN811Qpez8X9kCcGHoa,5cXWEMg3Pp6ge1w5o7L5b2cgeVNaTZ42tkLBwoBC1uC,459248640,0.45924864,65856
validator_history,HistoryJTGbKQD2mRgLZ3XhqHnN811Qpez8X9kCcGHoa,Dg9CMu5fCxHEf2ksACyddPNqEufX61SgsAGa16r6utJ2,459248640,0.45924864,65856
validator_history,HistoryJTGbKQD2mRgLZ3XhqHnN811Qpez8X9kCcGHoa,B6jUtn1VndxBnkGLcoFmrdSVpZcwQWaRwKtfoBchLFWE,459248640,0.45924864,65856
validator_history,HistoryJTGbKQD2mRgLZ3XhqHnN811Qpez8X9kCcGHoa,6NpyiYZXthYw6ZBGJewMx5MnyKBwZQSwxsme6tXCbq86,459248640,0.45924864,65856
validator_history,HistoryJTGbKQD2mRgLZ3XhqHnN811Qpez8X9kCcGHoa,DjkypMPXoCw3o6EEAi6nRojxm8TUaCB54JN85jgrdd53,459248640,0.45924864,65856
validator_history,HistoryJTGbKQD2mRgLZ3XhqHnN811Qpez8X9kCcGHoa,APLVqiNHJcHJJuXVXBQdczPwQd44BrJ8d3TCwu67diLg,459248640,0.45924864,65856
validator_history,HistoryJTGbKQD2mRgLZ3XhqHnN811Qpez8X9kCcGHoa,2jSrvrBMUH4a91raFFWCtaMQ8iGDoUqrRX91Kv4X2rca,459248640,0.45924864,65856
validator_history,HistoryJTGbKQD2mRgLZ3XhqHnN811Qpez8X9kCcGHoa,9FVDShDwJT9VCWwctWBaJGPt9X1SqeJ3ZqXG5NKBdQBc,459248640,0.45924864,65856
validator_history,HistoryJTGbKQD2mRgLZ3XhqHnN811Qpez8X9kCcGHoa,7Q4UNToMbAe7dJZ8KW585yBr8zv4cACoNnTjjHPhuMxq,459248640,0.45924864,65856
validator_history,HistoryJTGbKQD2mRgLZ3XhqHnN811Qpez8X9kCcGHoa,D2bc1swZGbTabzRZXezTbSnjRcQGTG95NjPc7mud9MTc,459248640,0.45924864,65856
validator_history,HistoryJTGbKQD2mRgLZ3XhqHnN811Qpez8X9kCcGHoa,HxSKejdf2jbk5HQeMtQV2kxKbuQtmqRbeaSKFdukGq8v,459248640,0.45924864,65856
validator_history,HistoryJTGbKQD2mRgLZ3XhqHnN811Qpez8X9kCcGHoa,Bt7PfAHTmPZ7uhQGcUAuCUEM9rVS3UVJ4f9QdRP8GCtG,459248640,0.45924864,65856
validator_history,HistoryJTGbKQD2mRgLZ3XhqHnN811Qpez8X9kCcGHoa,5EA3AEFwSPDrQmcgZZqTf1WzHHdJMdGTHJvmf4T4nH54,459248640,0.45924864,65856
validator_history,HistoryJTGbKQD2mRgLZ3XhqHnN811Qpez8X9kCcGHoa,5fPdPK6JTWMZXstkviSaLLHTFJ5TxvvMGmXXkWvB5Db1,459248640,0.45924864,65856
validator_history,HistoryJTGbKQD2mRgLZ3XhqHnN811Qpez8X9kCcGHoa,FBw2zqmSydu3kJZXM6nzMvCUQmCiy2L5ZqVoJ1U521eZ,459248640,0.45924864,65856
validator_history,HistoryJTGbKQD2mRgLZ3XhqHnN811Qpez8X9kCcGHoa,DU8ZswXAVFVe6a5RryuYeRoF18CrtTpQQfnQxNcDiawq,459248640,0.45924864,65856
validator_history,HistoryJTGbKQD2mRgLZ3XhqHnN811Qpez8X9kCcGHoa,2vaj1nUkwFjwGeLyMzsGttNnCjf8o6N3Xd9H2apDZKT2,459248640,0.45924864,65856
validator_history,HistoryJTGbKQD2mRgLZ3XhqHnN811Qpez8X9kCcGHoa,9XxhbBDhMHHwbhiEXa8QZ2HyCeQUDSYB5GhYsw2bpmUP,459248640,0.45924864,65856
validator_history,HistoryJTGbKQD2mRgLZ3XhqHnN811Qpez8X9kCcGHoa,CbtmcUS4YggfJtVkKLFKR4wXadXk1inzxroXWDd48SMk,459248640,0.45924864,65856
validator_history,HistoryJTGbKQD2mRgLZ3XhqHnN811Qpez8X9kCcGHoa,2EB83DXTYTaxiwzNbKKnwxqd1MaJS8AnVKxv4YJZ64Q7,459248640,0.45924864,65856
validator_history,HistoryJTGbKQD2mRgLZ3XhqHnN811Qpez8X9kCcGHoa,zW7m78mEXqvi5M1PQnM3FoSG6vgRCPtUP4D4zuaVLYn,459248640,0.45924864,65856
validator_history,HistoryJTGbKQD2mRgLZ3XhqHnN811Qpez8X9kCcGHoa,6UMpKJtVfbW4ZJhrPpDAH7H3C3PLY4K55eThdPY4HdMi,459248640,0.45924864,65856
validator_history,HistoryJTGbKQD2mRgLZ3XhqHnN811Qpez8X9kCcGHoa,HLd878kg8PZaQqg4FBBsjVs6YKDfPKcKRtKZR8mZFAvm,459248640,0.45924864,65856
validator_history,HistoryJTGbKQD2mRgLZ3XhqHnN811Qpez8X9kCcGHoa,BpJcLLtcmx9rQA5t9V8RovDBJLNFex2rpa4qpRixd5RV,459248640,0.45924864,65856
validator_history,HistoryJTGbKQD2mRgLZ3XhqHnN811Qpez8X9kCcGHoa,BjgezL8ixKvnqJJKas9WArvpNzFdE2ihTztAxmNt9KzM,459248640,0.45924864,65856
validator_history,HistoryJTGbKQD2mRgLZ3XhqHnN811Qpez8X9kCcGHoa,CzY2qzdVTtfGEh4Kf4yccR1DmU3U2sbiwk67pMa3C2im,459248640,0.45924864,65856
validator_history,HistoryJTGbKQD2mRgLZ3XhqHnN811Qpez8X9kCcGHoa,GjSL2UsxGwXKxEdKPBNRMcGBhNmniUhd8HVBoUPfEA47,459248640,0.45924864,65856
validator_history,HistoryJTGbKQD2mRgLZ3XhqHnN811Qpez8X9kCcGHoa,4fxZpd2eyo8prQTsednvm26K5VMaRRvF3JP6orRHVvaa,459248640,0.45924864,65856
validator_history,HistoryJTGbKQD2mRgLZ3XhqHnN811Qpez8X9kCcGHoa,HS6S5cbuTvHYybSuiQLtQAGmFHHdk6iZL7iQ1tWo9ze6,459248640,0.45924864,65856
validator_history,HistoryJTGbKQD2mRgLZ3XhqHnN811Qpez8X9kCcGHoa,9HXPrGLfnb7XgUe9HyStXVMoZtdc7a9FihV9mQADvY7S,459248640,0.45924864,65856
validator_history,HistoryJTGbKQD2mRgLZ3XhqHnN811Qpez8X9kCcGHoa,FBXEgHMpHyfHU9TXJtAa6SNSoiKPdZbGJmnHWAtV75KX,459248640,0.45924864,65856
validator_history,HistoryJTGbKQD2mRgLZ3XhqHnN811Qpez8X9kCcGHoa,3gkDrHKNScVUni2397EfBS9HV96KHvJyvyy425zzsKWR,459248640,0.45924864,65856
validator_history,HistoryJTGbKQD2mRgLZ3XhqHnN811Qpez8X9kCcGHoa,3afJLusEAiPxkANDjhMWVKAqASLjcgkSMzHQNGeZTNwz,459248640,0.45924864,65856
validator_history,HistoryJTGbKQD2mRgLZ3XhqHnN811Qpez8X9kCcGHoa,3jTXaBtiVkvYhZuabCvByQ4BaMkoWmg9KWYDjZMj5rZS,459248640,0.45924864,65856
validator_history,HistoryJTGbKQD2mRgLZ3XhqHnN811Qpez8X9kCcGHoa,CXXzuYBdURR7znqUm37Cs84wo9rYB3qnmiR89LxbZpy5,459248640,0.45924864,65856
validator_history,HistoryJTGbKQD2mRgLZ3XhqHnN811Qpez8X9kCcGHoa,B4Ss2T2rGEB2z82Ucf16ZXCRj7tx9uQMWgQZPy5VMztk,459248640,0.45924864,65856
validator_history,HistoryJTGbKQD2mRgLZ3XhqHnN811Qpez8X9kCcGHoa,4hu29o73kcyuMZcjcUTXBs1RaduCX6NCw87pPHBrEKtu,459248640,0.45924864,65856
validator_history,HistoryJTGbKQD2mRgLZ3XhqHnN811Qpez8X9kCcGHoa,BZxK6c2fXLSTMB6EQB1y3p8WYGfRekgpveqZWMfGJEp,459248640,0.45924864,65856
validator_history,HistoryJTGbKQD2mRgLZ3XhqHnN811Qpez8X9kCcGHoa,BmMyZDK3zjGCGXwAf9qvniuTNiGuE86FhPrvPAfWnUHc,459248640,0.45924864,65856
validator_history,HistoryJTGbKQD2mRgLZ3XhqHnN811Qpez8X9kCcGHoa,3Wb1uFVS5rTBdjfjDE8SzG97C6F1EqbYTvs9iraiQ8yY,459248640,0.45924864,65856
validator_history,HistoryJTGbKQD2mRgLZ3XhqHnN811Qpez8X9kCcGHoa,DmRDpwDDYx21UD1EMDMx7jB4NPPB1tpdaq3tU2z5ad8W,459248640,0.45924864,65856
validator_history,HistoryJTGbKQD2mRgLZ3XhqHnN811Qpez8X9kCcGHoa,5NifFStmpojhcyPaBzqKXBSatyGUd2wXbvfgYJwMZRt7,459248640,0.45924864,65856
validator_history,HistoryJTGbKQD2mRgLZ3XhqHnN811Qpez8X9kCcGHoa,Yo1119FFk1WfZGgzBFfi5un2355g7MVPgoaHntWAZzs,459248640,0.45924864,65856
validator_history,HistoryJTGbKQD2mRgLZ3XhqHnN811Qpez8X9kCcGHoa,EhSQiPUWrJSHptVCiZFTcgSdRPL5NKBYypueYvRAojC5,459248640,0.45924864,65856
validator_history,HistoryJTGbKQD2mRgLZ3XhqHnN811Qpez8X9kCcGHoa,4NEE3HzUyWSZFD7CPxvkpzeEtte9ECyUNgqD3hNYuMQD,459248640,0.45924864,65856
validator_history,HistoryJTGbKQD2mRgLZ3XhqHnN811Qpez8X9kCcGHoa,DBFRBsygMJb9yVW2bRUDGmVWqCRUSDvFtrWf7PLwh3hn,459248640,0.45924864,65856
validator_history,HistoryJTGbKQD2mRgLZ3XhqHnN811Qpez8X9kCcGHoa,7Zf48R7kL9dvrquDz86eqaPey4Z9Rp8jt6gdfP9VueNB,459248640,0.45924864,65856
validator_history,HistoryJTGbKQD2mRgLZ3XhqHnN811Qpez8X9kCcGHoa,JDmsgS2x4RYga7JH3EWUGbmR2zGDMNaffMwGwHay1zY4,459248640,0.45924864,65856
validator_history,HistoryJTGbKQD2mRgLZ3XhqHnN811Qpez8X9kCcGHoa,GBRhrNey3FDohrcfuawe52BKaJnTkRhqBBMaKqP5KrJX,459248640,0.45924864,65856
validator_history,HistoryJTGbKQD2mRgLZ3XhqHnN811Qpez8X9kCcGHoa,7sbiZR9teRarFArBbxjzM9pYswShvmGWCcSDBwGywj8H,459248640,0.45924864,65856
validator_history,HistoryJTGbKQD2mRgLZ3XhqHnN811Qpez8X9kCcGHoa,3nhcev6Nu77fFuDvuMu93tPMRyGPhz2NUN3Rh9XXTxPy,459248640,0.45924864,65856
validator_history,HistoryJTGbKQD2mRgLZ3XhqHnN811Qpez8X9kCcGHoa,GyFwnTincaeiS61QVRhYTKHnrKGFiWiaiHiyg4EaofK6,459248640,0.45924864,65856
validator_history,HistoryJTGbKQD2mRgLZ3XhqHnN811Qpez8X9kCcGHoa,HNrC8zQek9u6fJdLQ16h2PJduV7nroBduc2MRXLBXKH7,459248640,0.45924864,65856
validator_history,HistoryJTGbKQD2mRgLZ3XhqHnN811Qpez8X9kCcGHoa,6eajqTsfVViiwiH8Z1QCSdW3wZNMXnnCv3uvZ8J59NP9,459248640,0.45924864,65856
validator_history,HistoryJTGbKQD2mRgLZ3XhqHnN811Qpez8X9kCcGHoa,Dn8WcGXR3qkaw4Xvc39Ws29GbZDsWMandnTGMmTGgwwq,459248640,0.45924864,65856
validator_history,HistoryJTGbKQD2mRgLZ3XhqHnN811Qpez8X9kCcGHoa,C169vamYjpcmutfB5eyu5ueyLxPNq4PLqvNbUrY1HxTX,459248640,0.45924864,65856
validator_history,HistoryJTGbKQD2mRgLZ3XhqHnN811Qpez8X9kCcGHoa,CRp7DPVvTuVTqjt7oUiQ2FjP2xTkRbMRKtrANeggqDSy,459248640,0.45924864,65856
validator_history,HistoryJTGbKQD2mRgLZ3XhqHnN811Qpez8X9kCcGHoa,7YkyGCRiVHFN4qRKY6edDsUf3VVLHoL6qswSXuzdFwUV,459248640,0.45924864,65856
validator_history,HistoryJTGbKQD2mRgLZ3XhqHnN811Qpez8X9kCcGHoa,9grvbqWy19L6nkpdUohWqoQKA1oTAUPEqnC4DgmKFJ29,459248640,0.45924864,65856
validator_history,HistoryJTGbKQD2mRgLZ3XhqHnN811Qpez8X9kCcGHoa,228xiSsYzonxrwCuu9bD14uJd3HHcR6p2PdWE6Ucxu9n,459248640,0.45924864,65856
validator_history,HistoryJTGbKQD2mRgLZ3XhqHnN811Qpez8X9kCcGHoa,DrjTgQHUX9XwNg6ZpMKYJT1JD1aTf6BCWF8QGc614Cd9,459248640,0.45924864,65856
validator_history,HistoryJTGbKQD2mRgLZ3XhqHnN811Qpez8X9kCcGHoa,Fvmk8DxVtioyLwxa3LKMi251vKxBXPduaxYbpycBCfMT,459248640,0.45924864,65856
validator_history,HistoryJTGbKQD2mRgLZ3XhqHnN811Qpez8X9kCcGHoa,5fBeXXmpodkwPp47PXGYr3fhRtCnhwZx8WLPEiHNGofd,459248640,0.45924864,65856
validator_history,HistoryJTGbKQD2mRgLZ3XhqHnN811Qpez8X9kCcGHoa,ASC5iwRZC3tZPgZkB56eox1JxPz3526MYTEw65sYP1m3,459248640,0.45924864,65856
validator_history,HistoryJTGbKQD2mRgLZ3XhqHnN811Qpez8X9kCcGHoa,J6i34GVLMMEvND1SVkSQtskMXcJrDzuEMC6UNJp82Zjk,459248640,0.45924864,65856
validator_history,HistoryJTGbKQD2mRgLZ3XhqHnN811Qpez8X9kCcGHoa,55dBrgFwaPwA16RUR4eh6ZtMW5yTySh35sQe16VzzZpF,459248640,0.45924864,65856
validator_history,HistoryJTGbKQD2mRgLZ3XhqHnN811Qpez8X9kCcGHoa,8ftcMD1K1udFvQL9WanALz8Sq2HzotVhSTroNyFfzuSd,459248640,0.45924864,65856
validator_history,HistoryJTGbKQD2mRgLZ3XhqHnN811Qpez8X9kCcGHoa,2brCoGxbXChbb3U4HRGQQEhcwA9X3jhWVbHqtSt3Hqya,459248640,0.45924864,65856
validator_history,HistoryJTGbKQD2mRgLZ3XhqHnN811Qpez8X9kCcGHoa,324vD27jgyiBETL7TtQJdhSDAdxN5kggiD63hiYybyRW,459248640,0.45924864,65856
validator_history,HistoryJTGbKQD2mRgLZ3XhqHnN811Qpez8X9kCcGHoa,AZuwyDE7Df3s5ggHXcPhigcf5Kqb7uhHMus6U8F6Pa9a,459248640,0.45924864,65856
validator_history,HistoryJTGbKQD2mRgLZ3XhqHnN811Qpez8X9kCcGHoa,CffeCTbnrdx9wk33JcA6UYpDVuMNx8V5Jz4nXAwScmke,459248640,0.45924864,65856
validator_history,HistoryJTGbKQD2mRgLZ3XhqHnN811Qpez8X9kCcGHoa,HTWGuYzJBFZGYJ4wg8Xg1UF5QqckaNuj8nvWoBow1oqM,459248640,0.45924864,65856
validator_history,HistoryJTGbKQD2mRgLZ3XhqHnN811Qpez8X9kCcGHoa,4mDQZ4BTLyE1HBeM84dMJUV5AcFfEq9P8jpEUK7Desqg,459248640,0.45924864,65856
validator_history,HistoryJTGbKQD2mRgLZ3XhqHnN811Qpez8X9kCcGHoa,Bi2chTdkKfQpquShEQYMUea5mJtjMKm4V2TLL7kcau1Q,459248640,0.45924864,65856
validator_history,HistoryJTGbKQD2mRgLZ3XhqHnN811Qpez8X9kCcGHoa,DJwvE9VuXCbSveqNUy344Gn2D7n6eW4VdULrjx6mr9Te,459248640,0.45924864,65856
validator_history,HistoryJTGbKQD2mRgLZ3XhqHnN811Qpez8X9kCcGHoa,A7EB9iWonz5s9kCJfpqrYUr5P3LiVvro1VT4nYt9WVa9,459248640,0.45924864,65856
validator_history,HistoryJTGbKQD2mRgLZ3XhqHnN811Qpez8X9kCcGHoa,2CLA92sogKHuN91Yq297q6s9iAAwkxvdkFpWVU4EbUxx,459248640,0.45924864,65856
validator_history,HistoryJTGbKQD2mRgLZ3XhqHnN811Qpez8X9kCcGHoa,JD5WxWd3HdCo56ktrEWDTSy67RjuDoY7PZAySUZjMc7u,459248640,0.45924864,65856
validator_history,HistoryJTGbKQD2mRgLZ3XhqHnN811Qpez8X9kCcGHoa,81GXE9gWgfvzqfRpBmvAqgppPLvALfL2oZ7DS77eFKkG,459248640,0.45924864,65856
validator_history,HistoryJTGbKQD2mRgLZ3XhqHnN811Qpez8X9kCcGHoa,Az5EU3Wcc5brmirE3tXVDpyYXwY1SVdAzecNfgiq1w8e,459248640,0.45924864,65856
validator_history,HistoryJTGbKQD2mRgLZ3XhqHnN811Qpez8X9kCcGHoa,6tMFRASrdCuyrrRPwrGf3AzwCg3dp9ztnrFhjoDK2Jg4,459248640,0.45924864,65856
validator_history,HistoryJTGbKQD2mRgLZ3XhqHnN811Qpez8X9kCcGHoa,4c2nQeLbjWfV2uxGodyQQF2FvfrMnkDumRs6BD46pZ9f,459248640,0.45924864,65856
validator_history,HistoryJTGbKQD2mRgLZ3XhqHnN811Qpez8X9kCcGHoa,HZjprZz7SpGnth6tharPhbWnRjEVSjFRY4ADqvsikMzn,459248640,0.45924864,65856
validator_history,HistoryJTGbKQD2mRgLZ3XhqHnN811Qpez8X9kCcGHoa,GsPB7ixmM49nvk4ZY4XsCi6a9KbVGM9xkjUs7JNU7eaY,459248640,0.45924864,65856
validator_history,HistoryJTGbKQD2mRgLZ3XhqHnN811Qpez8X9kCcGHoa,3PBF3bV7USXn7qdH57EyUsWdh8HSbjkUC7t52DBKhH66,459248640,0.45924864,65856
validator_history,HistoryJTGbKQD2mRgLZ3XhqHnN811Qpez8X9kCcGHoa,2U1GSUY2gfp33uXqae4mtThyJLTVx2RFBscGTsVSZjCt,459248640,0.45924864,65856
validator_history,HistoryJTGbKQD2mRgLZ3XhqHnN811Qpez8X9kCcGHoa,4PYvzb37R35m5vdw3y9JuabtrYqzFQ5k8Sv3tc3VaDSW,459248640,0.45924864,65856
validator_history,HistoryJTGbKQD2mRgLZ3XhqHnN811Qpez8X9kCcGHoa,2NEka471HtYVW2sohvLM3pGjr8SZvMWFtNoUsFaRLsXS,459248640,0.45924864,65856
validator_history,HistoryJTGbKQD2mRgLZ3XhqHnN811Qpez8X9kCcGHoa,6qoz12ECLVb8MCRS8J7b3g35ALL2fhqrHeBmEn6W6Ltz,459248640,0.45924864,65856
validator_history,HistoryJTGbKQD2mRgLZ3XhqHnN811Qpez8X9kCcGHoa,4B7nEmo9FhuNi6wxGkafrzC67Loao5Ld4ihbvnm6Y5b6,459248640,0.45924864,65856
validator_history,HistoryJTGbKQD2mRgLZ3XhqHnN811Qpez8X9kCcGHoa,3RaUdTNMa6aqkc8VTEsqKu3PGVjXFEgDttjbt9amAqCA,459248640,0.45924864,65856
validator_history,HistoryJTGbKQD2mRgLZ3XhqHnN811Qpez8X9kCcGHoa,5bcTnZDqAjfxUKsgDHGXF1kSV1ArQrwYkxRg4b7TZDpg,459248640,0.45924864,65856
validator_history,HistoryJTGbKQD2mRgLZ3XhqHnN811Qpez8X9kCcGHoa,2eubdP4Kg6wvH5ymaUS61sypvNZb43FwYUhphoWRKLJQ,459248640,0.45924864,65856
validator_history,HistoryJTGbKQD2mRgLZ3XhqHnN811Qpez8X9kCcGHoa,2ip85nnwcANy5Tkf8gmcSqJA6cf7QPPbPMai4oiMhVyE,459248640,0.45924864,65856
validator_history,HistoryJTGbKQD2mRgLZ3XhqHnN811Qpez8X9kCcGHoa,9u9AHmLZzCELUJb7mi6FBdt2nptxvmX3NcTGzFg9KKd3,459248640,0.45924864,65856
validator_history,HistoryJTGbKQD2mRgLZ3XhqHnN811Qpez8X9kCcGHoa,A4yzfBQ2vaahJMFsdsfRDSo2UHrAzuz5B4p3XM7Jf4Mr,459248640,0.45924864,65856
validator_history,HistoryJTGbKQD2mRgLZ3XhqHnN811Qpez8X9kCcGHoa,2SqMP7xE7eU9PsKW7nPBCKZNVo3wgnWxb8RYiCFXoz1U,459248640,0.45924864,65856
validator_history,HistoryJTGbKQD2mRgLZ3XhqHnN811Qpez8X9kCcGHoa,BFjA3hSLfSYnCw9nDTqrXcLitE931bZStvhb6fp1BaUQ,459248640,0.45924864,65856
validator_history,HistoryJTGbKQD2mRgLZ3XhqHnN811Qpez8X9kCcGHoa,7tNWHQb9vNvvkBJPibYyL97RgJk2XJJpH4hg8qe18iUY,459248640,0.45924864,65856
validator_history,HistoryJTGbKQD2mRgLZ3XhqHnN811Qpez8X9kCcGHoa,FogfbmTdme7772gCpKbg4TVg4vj7LAXGxeB6XLsVmwB2,459248640,0.45924864,65856
validator_history,HistoryJTGbKQD2mRgLZ3XhqHnN811Qpez8X9kCcGHoa,7aBZemnYBig5VZePjjSxx9Jy9rcLyiTpwijSfEBp43Ju,459248640,0.45924864,65856
validator_history,HistoryJTGbKQD2mRgLZ3XhqHnN811Qpez8X9kCcGHoa,CEVLTH57iUfMoVhXUk9TUNMru1S8CGzu95QeWAW245St,459248640,0.45924864,65856
validator_history,HistoryJTGbKQD2mRgLZ3XhqHnN811Qpez8X9kCcGHoa,C8Hd7vv5kxa7gzP6LV3deuTKMQ8g5hmymb5sguxVWQEV,459248640,0.45924864,65856
validator_history,HistoryJTGbKQD2mRgLZ3XhqHnN811Qpez8X9kCcGHoa,4yzfQUQRckHYmFs24DConcP1if57vht3hTRMvpiJoCq9,459248640,0.45924864,65856
validator_history,HistoryJTGbKQD2mRgLZ3XhqHnN811Qpez8X9kCcGHoa,5oWbZE7nTaYvFghhiLY2ihWYWEJrLYn8j1Fk5NEAGWWi,459248640,0.45924864,65856
validator_history,HistoryJTGbKQD2mRgLZ3XhqHnN811Qpez8X9kCcGHoa,EonkLP7t79Yuui1TGYitGwc6JaHQp5BjKoHWbcBwd6KW,459248640,0.45924864,65856
validator_history,HistoryJTGbKQD2mRgLZ3XhqHnN811Qpez8X9kCcGHoa,CZSkE5sQ9r13y1F3aNvLsmvY63veyQ7k2FLVUSYxeDHR,459248640,0.45924864,65856
validator_history,HistoryJTGbKQD2mRgLZ3XhqHnN811Qpez8X9kCcGHoa,HDQzYmfvSESAWC5Q82NyELmUgA5XPv8PceTX3LgXqgFt,459248640,0.45924864,65856
validator_history,HistoryJTGbKQD2mRgLZ3XhqHnN811Qpez8X9kCcGHoa,8GeuQGi8hgKkD7fm92xZiC49hKuFD8c82xAMrhkvNqQX,459248640,0.45924864,65856
validator_history,HistoryJTGbKQD2mRgLZ3XhqHnN811Qpez8X9kCcGHoa,GZvFgiXxZdHamjAHD8TrMynAo1gUyLnpx2THNXhNnVfE,459248640,0.45924864,65856
validator_history,HistoryJTGbKQD2mRgLZ3XhqHnN811Qpez8X9kCcGHoa,pv21gksPGcroVhv7wgtbGgY71vt9CaVRKTFdwDF4LVd,459248640,0.45924864,65856
validator_history,HistoryJTGbKQD2mRgLZ3XhqHnN811Qpez8X9kCcGHoa,FVxjJRJtTX6yKWBdEtrfKZfV5H1iHefSjtu5VeM3ouSy,459248640,0.45924864,65856
validator_history,HistoryJTGbKQD2mRgLZ3XhqHnN811Qpez8X9kCcGHoa,8FDjUrwdUbjfFxEsr1Mz575oTjyy6hewMfrfDiz3HgEP,459248640,0.45924864,65856
validator_history,HistoryJTGbKQD2mRgLZ3XhqHnN811Qpez8X9kCcGHoa,EXw2Z18tFQyQ4Dt7TNNxjPXudwTFu7kQp7uPK7vQDhje,459248640,0.45924864,65856
validator_history,HistoryJTGbKQD2mRgLZ3XhqHnN811Qpez8X9kCcGHoa,DwfmxCzuUuq1nucuasgdCHJSzzbQu5ps3aGNmiiXp6Tg,459248640,0.45924864,65856
validator_history,HistoryJTGbKQD2mRgLZ3XhqHnN811Qpez8X9kCcGHoa,4Z6HtN7KF3LFQFGqaepEBpEp6G6PoetgEatfNFRfp1tR,459248640,0.45924864,65856
validator_history,HistoryJTGbKQD2mRgLZ3XhqHnN811Qpez8X9kCcGHoa,HCwN71tMRQ2f9B68MEhvLHcJkJSMgyY97hgDao5sTnoP,459248640,0.45924864,65856
validator_history,HistoryJTGbKQD2mRgLZ3XhqHnN811Qpez8X9kCcGHoa,Gq3EHxemL1Jchv4GZTwm2ogeoE5kdsaGEVC2ErE7CguQ,459248640,0.45924864,65856
validator_history,HistoryJTGbKQD2mRgLZ3XhqHnN811Qpez8X9kCcGHoa,5Rp9PSPaKYHA7JbWmTyF7YaaXfWqfXjUdFpkb7REGRLz,459248640,0.45924864,65856
validator_history,HistoryJTGbKQD2mRgLZ3XhqHnN811Qpez8X9kCcGHoa,6xh1ji2ghQwVgn7NVTG5LFwMMHosvdywfeV6BTW4BXV2,459248640,0.45924864,65856
validator_history,HistoryJTGbKQD2mRgLZ3XhqHnN811Qpez8X9kCcGHoa,7bjubqFKTGq2Xc98nBJ86EAVxhNc8GaetNQLitKt8Sjw,459248640,0.45924864,65856
validator_history,HistoryJTGbKQD2mRgLZ3XhqHnN811Qpez8X9kCcGHoa,GsnbAeTf5JeMjCLxgBShHwqxcDTZaH42LcLAqN2X1G5Q,459248640,0.45924864,65856
validator_history,HistoryJTGbKQD2mRgLZ3XhqHnN811Qpez8X9kCcGHoa,BeTbfyK2tCEQkrZ7AbMkc4himso3XicRphVqmZUuCRxk,459248640,0.45924864,65856
validator_history,HistoryJTGbKQD2mRgLZ3XhqHnN811Qpez8X9kCcGHoa,65V9p4rscH5q9PwzKn1v8gufRWJC1xLabRWJo6KpygAY,459248640,0.45924864,65856
validator_history,HistoryJTGbKQD2mRgLZ3XhqHnN811Qpez8X9kCcGHoa,FhpzphDxE5DHVYG3xd2cXDTUsAqQDq2ifE5KKn4k31Ly,459248640,0.45924864,65856
validator_history,HistoryJTGbKQD2mRgLZ3XhqHnN811Qpez8X9kCcGHoa,GDWkkXy9mobZ4LEPaW6UHi1QRfnHpXhz2WhMDRzRc7w5,459248640,0.45924864,65856
validator_history,HistoryJTGbKQD2mRgLZ3XhqHnN811Qpez8X9kCcGHoa,D5X4ggSXGTWyfLvcJYhdrCUPEG5QQ43t7L7K5nQR8r4w,459248640,0.45924864,65856
validator_history,HistoryJTGbKQD2mRgLZ3XhqHnN811Qpez8X9kCcGHoa,8tSALKArkMU8UaPQ6gEjfc4ePLNVfMV1u2KQ8DZVhBMg,459248640,0.45924864,65856
validator_history,HistoryJTGbKQD2mRgLZ3XhqHnN811Qpez8X9kCcGHoa,EcDanPKAQMeQVDCd3ttfBVY6Mh9BNUax4axxFaFzArFE,459248640,0.45924864,65856
validator_history,HistoryJTGbKQD2mRgLZ3XhqHnN811Qpez8X9kCcGHoa,5f5vN9C1VkFRqNU7K8izHGGShuShPrj15AC4K35vd76V,459248640,0.45924864,65856
validator_history,HistoryJTGbKQD2mRgLZ3XhqHnN811Qpez8X9kCcGHoa,4aDkv5nXbMbNZXCBRbwqFzqHsxkyCq5G4xdvm1L4nCbJ,459248640,0.45924864,65856
validator_history,HistoryJTGbKQD2mRgLZ3XhqHnN811Qpez8X9kCcGHoa,CxwMVpEn84HYj9DF9CB3C2Wsa61dj67eq45BLBm7SPhL,459248640,0.45924864,65856
validator_history,HistoryJTGbKQD2mRgLZ3XhqHnN811Qpez8X9kCcGHoa,4on3rmnB4Gh8xdjpff2oWnnqCKGMNY83Rpz92jXEbtjf,459248640,0.45924864,65856
validator_history,HistoryJTGbKQD2mRgLZ3XhqHnN811Qpez8X9kCcGHoa,8wkpynb1eaweoQMvGRLRwDLNH7irnWjqnkvULE8DpCYn,459248640,0.45924864,65856
validator_history,HistoryJTGbKQD2mRgLZ3XhqHnN811Qpez8X9kCcGHoa,DdA1aRQRMrmfrpJmWR2EpSH2iTYFGvHdzjui41sfqcpZ,459248640,0.45924864,65856
validator_history,HistoryJTGbKQD2mRgLZ3XhqHnN811Qpez8X9kCcGHoa,DW2y6kS3FRH7GaQY8mVJ7GWNL6PzbLMEGYELjEjCZ6SG,459248640,0.45924864,65856
validator_history,HistoryJTGbKQD2mRgLZ3XhqHnN811Qpez8X9kCcGHoa,DMT9PKwd7ki1jaHL9Bjn7G4F7LQCtkypnb8TE19VAVmt,459248640,0.45924864,65856
validator_history,HistoryJTGbKQD2mRgLZ3XhqHnN811Qpez8X9kCcGHoa,J8zMuBJwy1cenPSKZAMzjNc44GUox3jX6oUxwxzdQy3U,459248640,0.45924864,65856
validator_history,HistoryJTGbKQD2mRgLZ3XhqHnN811Qpez8X9kCcGHoa,3JxNDXEUTGwhssyGFox7xayaiTG7LbvMnLoGYhcsXpEg,459248640,0.45924864,65856
validator_history,HistoryJTGbKQD2mRgLZ3XhqHnN811Qpez8X9kCcGHoa,duAkVDWQhUvrPwpffUoEyokZF8ANyTy2Y8w9jJBAxaj,459248640,0.45924864,65856
validator_history,HistoryJTGbKQD2mRgLZ3XhqHnN811Qpez8X9kCcGHoa,DUPz6x1M327geriBES59C6UR6y6dVdPxUXSkyVd2WdEa,459248640,0.45924864,65856
validator_history,HistoryJTGbKQD2mRgLZ3XhqHnN811Qpez8X9kCcGHoa,9W5w5D3on1hfncNzf52pjpFUyVjjzc6mgUNJr5YWnUqE,459248640,0.45924864,65856
validator_history,HistoryJTGbKQD2mRgLZ3XhqHnN811Qpez8X9kCcGHoa,82jYzWDo8XMcLRW2gAfZE8PBdWupefADmHhjEhFmJjBM,459248640,0.45924864,65856
validator_history,HistoryJTGbKQD2mRgLZ3XhqHnN811Qpez8X9kCcGHoa,8fHGL9WDzFberL6mxBTWaLXZiXUpeXaciJojBjB4okTY,459248640,0.45924864,65856
validator_history,HistoryJTGbKQD2mRgLZ3XhqHnN811Qpez8X9kCcGHoa,67husns6jAERX8qw9apWTKpAw4Jc9M5oK8ZdWfxaWti2,459248640,0.45924864,65856
validator_history,HistoryJTGbKQD2mRgLZ3XhqHnN811Qpez8X9kCcGHoa,FKjzoZRnnnd1ydffUJ7tBUDUx597h9WpWMLmUxY8WRJT,459248640,0.45924864,65856
validator_history,HistoryJTGbKQD2mRgLZ3XhqHnN811Qpez8X9kCcGHoa,HYcoMRvc5M57LvcoEFwADQq6D3ySjEq9DihofAUBWRcq,459248640,0.45924864,65856
validator_history,HistoryJTGbKQD2mRgLZ3XhqHnN811Qpez8X9kCcGHoa,35ZdUStdAoaKN3MG1FkhsBBQ9aQnvB1svsAzQdpYDkVu,459248640,0.45924864,65856
validator_history,HistoryJTGbKQD2mRgLZ3XhqHnN811Qpez8X9kCcGHoa,HGk7DkzA2BFC9rDjLzJQgBueLyZi53JoL5P8QfA6hJF3,459248640,0.45924864,65856
validator_history,HistoryJTGbKQD2mRgLZ3XhqHnN811Qpez8X9kCcGHoa,D1PjaqM1yURGd2wmDMd2bBiykTUawnThBvJeomVti9iA,459248640,0.45924864,65856
validator_history,HistoryJTGbKQD2mRgLZ3XhqHnN811Qpez8X9kCcGHoa,9k5xdir7K27dZnVaGJhjcYd71vo1PURDsgcFaBtuHQ5y,459248640,0.45924864,65856
validator_history,HistoryJTGbKQD2mRgLZ3XhqHnN811Qpez8X9kCcGHoa,AGMAh7EJzxpGhapj7Hp98Np8jn6Fy3LZUWPk5qWMezPB,459248640,0.45924864,65856
validator_history,HistoryJTGbKQD2mRgLZ3XhqHnN811Qpez8X9kCcGHoa,FyvY928Ss5KbJpTbx219E3a3hi5Vyw3vnekYHdgJCdeK,459248640,0.45924864,65856
validator_history,HistoryJTGbKQD2mRgLZ3XhqHnN811Qpez8X9kCcGHoa,G6tvbpoNHwNRshrSHbFHLVZaHeBjHfbm4sf9fQCC1NTH,459248640,0.45924864,65856
validator_history,HistoryJTGbKQD2mRgLZ3XhqHnN811Qpez8X9kCcGHoa,37MvWKrJ9JNgPPT982LCezzkZaP9gNmiLaGo5qxJeTuC,459248640,0.45924864,65856
validator_history,HistoryJTGbKQD2mRgLZ3XhqHnN811Qpez8X9kCcGHoa,86W5G1ja41sqJ9Zc6oFiaeD93XR5GTFEsu1bEMcrBRZt,459248640,0.45924864,65856
validator_history,HistoryJTGbKQD2mRgLZ3XhqHnN811Qpez8X9kCcGHoa,9mid3fJ4K5op5GRVzxGWV49Q3VCaztmUrX5q4yk88nV,459248640,0.45924864,65856
validator_history,HistoryJTGbKQD2mRgLZ3XhqHnN811Qpez8X9kCcGHoa,mVdLaQ1aikdg4AJd7XRgMCddDw6bnsUx7nVBhRxGcDA,459248640,0.45924864,65856
validator_history,HistoryJTGbKQD2mRgLZ3XhqHnN811Qpez8X9kCcGHoa,8VHjSDMeJtLBSmjsFSKaDQ61QTf294hwqJKbG1yEJY1,459248640,0.45924864,65856
validator_history,HistoryJTGbKQD2mRgLZ3XhqHnN811Qpez8X9kCcGHoa,4h6thdTZ84AyqjRaeH1wkZbntzA5ZuoHTy8ycF1Tbdsd,459248640,0.45924864,65856
validator_history,HistoryJTGbKQD2mRgLZ3XhqHnN811Qpez8X9kCcGHoa,9mV1kNke8qws8DKNjFNfP31vwjorptnGAAdVkqaqi1w8,459248640,0.45924864,65856
validator_history,HistoryJTGbKQD2mRgLZ3XhqHnN811Qpez8X9kCcGHoa,9hmtn3LoQLdyZF47nJP13gzvfCvVTmFPbAe3cDdhMo33,459248640,0.45924864,65856
validator_history,HistoryJTGbKQD2mRgLZ3XhqHnN811Qpez8X9kCcGHoa,2Unuxg4VkcwSMQNUXNkFCQ5iuj6GimnRbZD51HrxNYPA,459248640,0.45924864,65856
validator_history,HistoryJTGbKQD2mRgLZ3XhqHnN811Qpez8X9kCcGHoa,BnJvW2BcupbAPBY3G7FzGvQQjZiXzXaahHG5Nf2Di1oh,459248640,0.45924864,65856
validator_history,HistoryJTGbKQD2mRgLZ3XhqHnN811Qpez8X9kCcGHoa,EHYHcwki7v5wFehg34S6Dbrs1uCBV4Teou86tcWEBngu,459248640,0.45924864,65856
validator_history,HistoryJTGbKQD2mRgLZ3XhqHnN811Qpez8X9kCcGHoa,FTcjm3G72byLFHQMepkHKv2KLbWADhrphkUnmKxtBz5g,459248640,0.45924864,65856
validator_history,HistoryJTGbKQD2mRgLZ3XhqHnN811Qpez8X9kCcGHoa,BDYf6WVfeD8pnMQZheuUnYCVQDdYvtg14R9mCh9GQTmT,459248640,0.45924864,65856
validator_history,HistoryJTGbKQD2mRgLZ3XhqHnN811Qpez8X9kCcGHoa,4PVrmXjQxVwgQcEJoLxcwaVEE5hFX6LbRDfuR5frLF8Q,459248640,0.45924864,65856
validator_history,HistoryJTGbKQD2mRgLZ3XhqHnN811Qpez8X9kCcGHoa,7ktj13rvEfVHyRo3Cdr9SaH8s38t3hFG4KRnUrUQGwwz,459248640,0.45924864,65856
validator_history,HistoryJTGbKQD2mRgLZ3XhqHnN811Qpez8X9kCcGHoa,5SM73sJifyqiJKKMmgobaESM8Moza4nvb5oBkiSLsybH,459248640,0.45924864,65856
validator_history,HistoryJTGbKQD2mRgLZ3XhqHnN811Qpez8X9kCcGHoa,2sBrC6jj88oqVSgTeurbSckxhZ4zJfvDhUTJZFPqZdyt,459248640,0.45924864,65856
validator_history,HistoryJTGbKQD2mRgLZ3XhqHnN811Qpez8X9kCcGHoa,FC4ZTg8pfrDQXSxa1KgKXdpymNBFKTQeFDyicVi3QcZc,459248640,0.45924864,65856
validator_history,HistoryJTGbKQD2mRgLZ3XhqHnN811Qpez8X9kCcGHoa,4kxmUmSov3td5dvRBBp9J6A73TSKRppnfZwvDE86EsKF,459248640,0.45924864,65856
validator_history,HistoryJTGbKQD2mRgLZ3XhqHnN811Qpez8X9kCcGHoa,FfQNpyyMUrMqC3gzdQE1atbbx7hAuziTN3LaZKbyTrBv,459248640,0.45924864,65856
validator_history,HistoryJTGbKQD2mRgLZ3XhqHnN811Qpez8X9kCcGHoa,7tFbHrcGxdSoYT71nSfMvKAxTv8F3UyLNFgaVdU8P6LQ,459248640,0.45924864,65856
validator_history,HistoryJTGbKQD2mRgLZ3XhqHnN811Qpez8X9kCcGHoa,2MbYtBqYfganJ8a7BiTxQke2vqtQ8WDipkfJ9C9DwuqC,459248640,0.45924864,65856
validator_history,HistoryJTGbKQD2mRgLZ3XhqHnN811Qpez8X9kCcGHoa,2iGNEukCqVAV4EfvZyhU8FMjsKajPZbscPPCrqsMyHXA,459248640,0.45924864,65856
validator_history,HistoryJTGbKQD2mRgLZ3XhqHnN811Qpez8X9kCcGHoa,G6ouYAfMTHdawdSnjwsoN6zStdYk82CvMGmTaonLUwjp,459248640,0.45924864,65856
validator_history,HistoryJTGbKQD2mRgLZ3XhqHnN811Qpez8X9kCcGHoa,6wYAk5vTjFBs6JQ7RwuHGyUDYCR32UVnrDpah5DuZUDx,459248640,0.45924864,65856
validator_history,HistoryJTGbKQD2mRgLZ3XhqHnN811Qpez8X9kCcGHoa,XDPgFoCH16GUKPMFGJrWoGBFFJFwbSM83qjkJtmrLBH,459248640,0.45924864,65856
validator_history,HistoryJTGbKQD2mRgLZ3XhqHnN811Qpez8X9kCcGHoa,Cz5YVeU2QQyGrAJJjx67aPVA9TL3yoPYgqd9pgpAMWGj,459248640,0.45924864,65856
validator_history,HistoryJTGbKQD2mRgLZ3XhqHnN811Qpez8X9kCcGHoa,7WaCddPSYzz5PMJWrdR4TuyMdJf8RMyhSGJ7emdESJYA,459248640,0.45924864,65856
validator_history,HistoryJTGbKQD2mRgLZ3XhqHnN811Qpez8X9kCcGHoa,D7KDQZ5vqGRPAHZC8XgAmHvwHXgFyyV2b6Ucr4fmVdos,459248640,0.45924864,65856
validator_history,HistoryJTGbKQD2mRgLZ3XhqHnN811Qpez8X9kCcGHoa,7tawTKxPBt41oigFfw8U6jnpeYb2w6MLJ8DZJ8ogbb8,459248640,0.45924864,65856
validator_history,HistoryJTGbKQD2mRgLZ3XhqHnN811Qpez8X9kCcGHoa,B6H6ZHEVguNuvc9HmspKnVeYmdVJCg85TvQSzsHR83wh,459248640,0.45924864,65856
validator_history,HistoryJTGbKQD2mRgLZ3XhqHnN811Qpez8X9kCcGHoa,B6V3AHGFGiJEHRgXuA23kDEBGGuPs2imkyNhd4NnXLQd,459248640,0.45924864,65856
validator_history,HistoryJTGbKQD2mRgLZ3XhqHnN811Qpez8X9kCcGHoa,FodeQ5GCyi2s7p9rWrnCnn6kjtixu9SzVZMDoc1NB548,459248640,0.45924864,65856
validator_history,HistoryJTGbKQD2mRgLZ3XhqHnN811Qpez8X9kCcGHoa,Agw4YGBi7vBXMZK2JRNJpD8BKwK47Y1ExA2TJ84yj7pE,459248640,0.45924864,65856
validator_history,HistoryJTGbKQD2mRgLZ3XhqHnN811Qpez8X9kCcGHoa,4fwR2A7Jkewjtcj5AQhXPKP77psxrHVuLTzVGfaH4m7e,459248640,0.45924864,65856
validator_history,HistoryJTGbKQD2mRgLZ3XhqHnN811Qpez8X9kCcGHoa,4pZzGqtNwQTDTg5wWLPPGzoxoB49YFv9YAuUNXibWN6t,459248640,0.45924864,65856
validator_history,HistoryJTGbKQD2mRgLZ3XhqHnN811Qpez8X9kCcGHoa,DFbCcZDvr6VmbLCYMQouoraFNyLhYMCFezDCPxBGT7xa,459248640,0.45924864,65856
validator_history,HistoryJTGbKQD2mRgLZ3XhqHnN811Qpez8X9kCcGHoa,8m2LKHpAkF3zJ9Ea3dTJjX2rsNBNRQsC5gJHKtehgpgP,459248640,0.45924864,65856
validator_history,HistoryJTGbKQD2mRgLZ3XhqHnN811Qpez8X9kCcGHoa,GGqMGDv1QpRNLTpLBAjoqxRCUgzMXbBNXvwwSB61ioo,459248640,0.45924864,65856
validator_history,HistoryJTGbKQD2mRgLZ3XhqHnN811Qpez8X9kCcGHoa,97nhKsgxGb58wArYHdDzhKkJcUbEMAgiJWzeSoEwcsVU,459248640,0.45924864,65856
validator_history,HistoryJTGbKQD2mRgLZ3XhqHnN811Qpez8X9kCcGHoa,8fk6RqYktihkExHCPyPE7vzTSy9FvsTSTHGYZbDzCV1r,459248640,0.45924864,65856
validator_history,HistoryJTGbKQD2mRgLZ3XhqHnN811Qpez8X9kCcGHoa,BronHodv1C7gSPzHD8YfbY3rH7vzcNde3HFZTZnRYhNB,459248640,0.45924864,65856
validator_history,HistoryJTGbKQD2mRgLZ3XhqHnN811Qpez8X9kCcGHoa,3nXUQT84w1CMdXxJwxnF7Jj2pnvPJ4f9HrYN3gmcs4or,459248640,0.45924864,65856
validator_history,HistoryJTGbKQD2mRgLZ3XhqHnN811Qpez8X9kCcGHoa,36Yrqn2du4as7LLBjKzZnRUwRzeCZKVGpgdPaXactbYz,459248640,0.45924864,65856
validator_history,HistoryJTGbKQD2mRgLZ3XhqHnN811Qpez8X9kCcGHoa,HGWje59USaYwTzTMnuordwpe2YqPYpQvsZ4kf8GL6BXq,459248640,0.45924864,65856
validator_history,HistoryJTGbKQD2mRgLZ3XhqHnN811Qpez8X9kCcGHoa,Yw8oxhfTAyUDBUk2QM7exc3ZNd55NmE9a8H3esQ7iGw,459248640,0.45924864,65856
validator_history,HistoryJTGbKQD2mRgLZ3XhqHnN811Qpez8X9kCcGHoa,2QujE7tWXvnFVJoHMkYqL1RAUVtwTVn2n55ZgPh2n7XK,459248640,0.45924864,65856
validator_history,HistoryJTGbKQD2mRgLZ3XhqHnN811Qpez8X9kCcGHoa,5wpfniyGqhKSEXXcWTFNDwDdDsMKdsyS2xdNkCND7Mq4,459248640,0.45924864,65856
validator_history,HistoryJTGbKQD2mRgLZ3XhqHnN811Qpez8X9kCcGHoa,93hGT8PzC1FgHyrF4sDakpnWkhLqxkcwfF1SVTR57NHi,459248640,0.45924864,65856
validator_history,HistoryJTGbKQD2mRgLZ3XhqHnN811Qpez8X9kCcGHoa,6r7aBhkzhY959fM5tdS5iocRjc44i94yhWRAGMawS611,459248640,0.45924864,65856
validator_history,HistoryJTGbKQD2mRgLZ3XhqHnN811Qpez8X9kCcGHoa,8Pv6CqGWJXporKoHyvMcfhGFsUn5nenJDTcSdivcNAnt,459248640,0.45924864,65856
validator_history,HistoryJTGbKQD2mRgLZ3XhqHnN811Qpez8X9kCcGHoa,Hf3RJCr7BuHge5ioac8583teHorWQ7tnmBPQN94JXMBs,459248640,0.45924864,65856
validator_history,HistoryJTGbKQD2mRgLZ3XhqHnN811Qpez8X9kCcGHoa,AnQMw3C2aTC5iT27R5QsXXjKbnUoEAaVvsuApzPc7Dry,459248640,0.45924864,65856
validator_history,HistoryJTGbKQD2mRgLZ3XhqHnN811Qpez8X9kCcGHoa,HZcuGmkRUZTaJKrs3ZYQgFz1whMzQ7CGTErSWYMV949a,459248640,0.45924864,65856
validator_history,HistoryJTGbKQD2mRgLZ3XhqHnN811Qpez8X9kCcGHoa,6k8gDnSrJMzDhYHPW9bvtW8PeWHLNKSD4tVeKMArEhyr,459248640,0.45924864,65856
validator_history,HistoryJTGbKQD2mRgLZ3XhqHnN811Qpez8X9kCcGHoa,6pqtWx7Ucma9VG97cSK4Z6HBDPojd9URwwMrq3i6JL5u,459248640,0.45924864,65856
validator_history,HistoryJTGbKQD2mRgLZ3XhqHnN811Qpez8X9kCcGHoa,5m5avwQmZJfN5hqPj2AhH3Q8EjxQNL9RG9abpBGTo6JM,459248640,0.45924864,65856
validator_history,HistoryJTGbKQD2mRgLZ3XhqHnN811Qpez8X9kCcGHoa,EySNkYj3qYbzWTNiXDHvAavK4CK3bQybR3CWd3hn38kC,459248640,0.45924864,65856
validator_history,HistoryJTGbKQD2mRgLZ3XhqHnN811Qpez8X9kCcGHoa,EkJbaFyHAoaU4Nj9Ry1WAgK3LPR9GA5zWE2sLpLLEnRB,459248640,0.45924864,65856
validator_history,HistoryJTGbKQD2mRgLZ3XhqHnN811Qpez8X9kCcGHoa,EJace4MN89QLP2erN2Zydjvn1eFdxwGSmKruS82XKt4K,459248640,0.45924864,65856
validator_history,HistoryJTGbKQD2mRgLZ3XhqHnN811Qpez8X9kCcGHoa,HHwVQQux3hAv6emZq6AnhPTmFwgGCqYyWddZNj7m4ACf,459248640,0.45924864,65856
validator_history,HistoryJTGbKQD2mRgLZ3XhqHnN811Qpez8X9kCcGHoa,5QLmKfQWP6ii3z3eTnoQR3bwuSeGaVYAGK785mwudKKv,459248640,0.45924864,65856
validator_history,HistoryJTGbKQD2mRgLZ3XhqHnN811Qpez8X9kCcGHoa,cyCFwiCP2XWnVuyfdd7x1mLTR3drNVu1RwuWhU1T54Y,459248640,0.45924864,65856
validator_history,HistoryJTGbKQD2mRgLZ3XhqHnN811Qpez8X9kCcGHoa,39zh8fdakyCneHeAp1Kq11bhNj5km4WrBrWvL7CYXHrF,459248640,0.45924864,65856
validator_history,HistoryJTGbKQD2mRgLZ3XhqHnN811Qpez8X9kCcGHoa,3UjsEueadfkWewVZtLVmgmgumeM3rQNXCr9MwTC86Zwb,459248640,0.45924864,65856
validator_history,HistoryJTGbKQD2mRgLZ3XhqHnN811Qpez8X9kCcGHoa,6rW5iMDx1EUuWm11d2BVsYL5b4Ua37ao5sBEtgbH1MEN,459248640,0.45924864,65856
validator_history,HistoryJTGbKQD2mRgLZ3XhqHnN811Qpez8X9kCcGHoa,Ekjmnt8KVzb1uLJK8FUMheWF2Wm7HdSQZgfiu5BHGPNt,459248640,0.45924864,65856
validator_history,HistoryJTGbKQD2mRgLZ3XhqHnN811Qpez8X9kCcGHoa,2VHx2ufkVYhHe95Ed3shp2E3cX4MYRF4a99dzGzauDAk,459248640,0.45924864,65856
validator_history,HistoryJTGbKQD2mRgLZ3XhqHnN811Qpez8X9kCcGHoa,AQk5T23aopjc9NZoAka2nKCfJK4NXJSZzvMDnctxPnXz,459248640,0.45924864,65856
validator_history,HistoryJTGbKQD2mRgLZ3XhqHnN811Qpez8X9kCcGHoa,DL3oKXAN4UuoZ3rdtkPe1f2yrFiJhZKyCWYxxn334xMU,459248640,0.45924864,65856
validator_history,HistoryJTGbKQD2mRgLZ3XhqHnN811Qpez8X9kCcGHoa,wxcScfZtBU1PBfzU7tZwacREdsfNRMjeSDNK1sXGaYN,459248640,0.45924864,65856
validator_history,HistoryJTGbKQD2mRgLZ3XhqHnN811Qpez8X9kCcGHoa,HmGExaL2xUNkEN824sskS7NELmefDwnJztWgNtF6dtm2,459248640,0.45924864,65856
validator_history,HistoryJTGbKQD2mRgLZ3XhqHnN811Qpez8X9kCcGHoa,57SnHsAo9JVNYxJ1YoBxDXyRAR9ML8WC5b7xEgwPxEbx,459248640,0.45924864,65856
validator_history,HistoryJTGbKQD2mRgLZ3XhqHnN811Qpez8X9kCcGHoa,98giV7cSEbkhevTFFsAJCYRpDwakncuczcYwhws7Lo4e,459248640,0.45924864,65856
validator_history,HistoryJTGbKQD2mRgLZ3XhqHnN811Qpez8X9kCcGHoa,9gWwBZX1ZCvE2ckqV1z5oNFrzdVDFQ7zDkqzNKBUKG6m,459248640,0.45924864,65856
validator_history,HistoryJTGbKQD2mRgLZ3XhqHnN811Qpez8X9kCcGHoa,12yhLZyGZViXcoEVrBrzeuKxQYgrSeRk7MhSHfu4RyFe,459248640,0.45924864,65856
validator_history,HistoryJTGbKQD2mRgLZ3XhqHnN811Qpez8X9kCcGHoa,2STGMKm6TFHxMbdmktiKgCtUBELvvxfmcGCbrerexa7Y,459248640,0.45924864,65856
validator_history,HistoryJTGbKQD2mRgLZ3XhqHnN811Qpez8X9kCcGHoa,FZTBoT2mvwDaEssQj3jkbJb6TVfdazSKzyEALsiwXqrX,459248640,0.45924864,65856
validator_history,HistoryJTGbKQD2mRgLZ3XhqHnN811Qpez8X9kCcGHoa,BWQRrag6W8ak8G71trrp8XTdbhJ337F5AJuSXbxcYomF,459248640,0.45924864,65856
validator_history,HistoryJTGbKQD2mRgLZ3XhqHnN811Qpez8X9kCcGHoa,5Tvau7f5uURepT1aPHLHD1x2PvCfR1H8uFWtBhvjVBzw,459248640,0.45924864,65856
validator_history,HistoryJTGbKQD2mRgLZ3XhqHnN811Qpez8X9kCcGHoa,GWEdbmrgsmaAixmn9f1BXgnvMvaz4H9rVhZPL6RmxjDL,459248640,0.45924864,65856
validator_history,HistoryJTGbKQD2mRgLZ3XhqHnN811Qpez8X9kCcGHoa,EpZ7ScerR7jTnbwN7CzywCWWjPurryTBzqMW2fFsiCCE,459248640,0.45924864,65856
validator_history,HistoryJTGbKQD2mRgLZ3XhqHnN811Qpez8X9kCcGHoa,HN4j5zB9kfsphzZXDuVvSU1QXB5d9ABNgBQVah5UTeS6,459248640,0.45924864,65856
validator_history,HistoryJTGbKQD2mRgLZ3XhqHnN811Qpez8X9kCcGHoa,3r1KR2KtY1iGxJz12fePiKcZfa7u8Tsca21ERMhKjNXC,459248640,0.45924864,65856
validator_history,HistoryJTGbKQD2mRgLZ3XhqHnN811Qpez8X9kCcGHoa,BZP2F1L4FwCaeTPmCmfGiVJAiMFwGawo5mbLj4JFzwEd,3674880,0.00367488,400
validator_history,HistoryJTGbKQD2mRgLZ3XhqHnN811Qpez8X9kCcGHoa,EHvq5gHD5QNEupLjSjwQttXq4sP6QVU9vwLoukgi5utj,459248640,0.45924864,65856
validator_history,HistoryJTGbKQD2mRgLZ3XhqHnN811Qpez8X9kCcGHoa,4jTPHhTQ535gwr8cggSgTUMwuLZcxmBfHd5U6VSxWkgq,459248640,0.45924864,65856
validator_history,HistoryJTGbKQD2mRgLZ3XhqHnN811Qpez8X9kCcGHoa,32HCd8JVH6VBWeFwVyHaX32WrMahKtU59bLbgfi7Cxrp,459248640,0.45924864,65856
validator_history,HistoryJTGbKQD2mRgLZ3XhqHnN811Qpez8X9kCcGHoa,CHaoo3vxzNQLue1UASRt6RSg9yuzGpWfxdxe7JRJ2Vmy,459248640,0.45924864,65856
validator_history,HistoryJTGbKQD2mRgLZ3XhqHnN811Qpez8X9kCcGHoa,BXfXtL4sNApMpMkA3ZXyqvXU92XhxDVsfHeEMQW61Uzy,459248640,0.45924864,65856
validator_history,HistoryJTGbKQD2mRgLZ3XhqHnN811Qpez8X9kCcGHoa,8w5DkkLFp9PqW7WFRCQubCzpbYjFEcq2cLW8MCTtm9mV,459248640,0.45924864,65856
validator_history,HistoryJTGbKQD2mRgLZ3XhqHnN811Qpez8X9kCcGHoa,Hf4uJbn591CLm1mRSXbNg4fQfRg2hPGkY72ffDXfgabp,459248640,0.45924864,65856
validator_history,HistoryJTGbKQD2mRgLZ3XhqHnN811Qpez8X9kCcGHoa,CMuvnor6j4cMpgtyEfA1whuN4sEADPKg8UwH8L8uQL9o,459248640,0.45924864,65856
validator_history,HistoryJTGbKQD2mRgLZ3XhqHnN811Qpez8X9kCcGHoa,4sMZaqQb8UoxSa9sMw1gMCW2puQgYXYLVKAQZNCYLnnS,459248640,0.45924864,65856
validator_history,HistoryJTGbKQD2mRgLZ3XhqHnN811Qpez8X9kCcGHoa,CoHNnKtqiQPQU8CGV1sAcB6qiiWR88ggaG4iA7mKeV5i,459248640,0.45924864,65856
validator_history,HistoryJTGbKQD2mRgLZ3XhqHnN811Qpez8X9kCcGHoa,4WWUBx4ghaYTwjA8yHtkSZXs1NmA2SuzYaqF4PqiB1sg,459248640,0.45924864,65856
validator_history,HistoryJTGbKQD2mRgLZ3XhqHnN811Qpez8X9kCcGHoa,AiynvJiBn1XaZCDrz6MkRDySLktMwwFE8YghWMC75tsD,459248640,0.45924864,65856
validator_history,HistoryJTGbKQD2mRgLZ3XhqHnN811Qpez8X9kCcGHoa,D1MxTaggZpTQCEHb56LvParUGFSH5cUZanwUxJNxFAJp,459248640,0.45924864,65856
validator_history,HistoryJTGbKQD2mRgLZ3XhqHnN811Qpez8X9kCcGHoa,8m1GMKjTkAbQJZ3qgpYJpjFVNxdupqc6K6mygiTRmRE2,459248640,0.45924864,65856
validator_history,HistoryJTGbKQD2mRgLZ3XhqHnN811Qpez8X9kCcGHoa,Dhc48bp7CjikUdZM4p6ipEMn6uN5yQF2Mj8bf9X1QRty,459248640,0.45924864,65856
validator_history,HistoryJTGbKQD2mRgLZ3XhqHnN811Qpez8X9kCcGHoa,9rwvkz8CPZpGFZBM2gLJe5vF1Tt4u2Fi4NP53DUi6r8q,459248640,0.45924864,65856
validator_history,HistoryJTGbKQD2mRgLZ3XhqHnN811Qpez8X9kCcGHoa,GJLwQX7xbRc2iywauffiAiaGcJ9XatJzSsEGPGJZgk4,459248640,0.45924864,65856
validator_history,HistoryJTGbKQD2mRgLZ3XhqHnN811Qpez8X9kCcGHoa,DRTSR3YVBeRNDumyT8h2mcLoRbMeNhnhUgXThi1L9jex,459248640,0.45924864,65856
validator_history,HistoryJTGbKQD2mRgLZ3XhqHnN811Qpez8X9kCcGHoa,7WuvRiYZ6AV4xFULaqJeBc6Mb6beaoJaaRJ19xd1yDS2,459248640,0.45924864,65856
validator_history,HistoryJTGbKQD2mRgLZ3XhqHnN811Qpez8X9kCcGHoa,91FZa9BPGa1uMjZzDm4dq33X1qo5mrJhxVWwthJZEZrU,459248640,0.45924864,65856
validator_history,HistoryJTGbKQD2mRgLZ3XhqHnN811Qpez8X9kCcGHoa,BGvtoAZWBkHfAJcFN7KzhwvkZrMUHvooQHnTvzSToJW2,459248640,0.45924864,65856
validator_history,HistoryJTGbKQD2mRgLZ3XhqHnN811Qpez8X9kCcGHoa,tRN4oyRkJF2FiQ8y6QVGGPa4FMkZRbRJmXELd8EKLs6,459248640,0.45924864,65856
validator_history,HistoryJTGbKQD2mRgLZ3XhqHnN811Qpez8X9kCcGHoa,99VRDgSQTy48y6KqXt4W4e7k6f3KygKxcUzvjjhr9FJu,17706240,0.01770624,2416
validator_history,HistoryJTGbKQD2mRgLZ3XhqHnN811Qpez8X9kCcGHoa,4nynLBQtunkXjM2WNaredH89EiHVAv6zjDUT2Wyv3t7f,459248640,0.45924864,65856
validator_history,HistoryJTGbKQD2mRgLZ3XhqHnN811Qpez8X9kCcGHoa,BXcLTTshVBYB1cmCV5dmuNmUGXbwv23fjVRW8tP7xppG,459248640,0.45924864,65856
validator_history,HistoryJTGbKQD2mRgLZ3XhqHnN811Qpez8X9kCcGHoa,5XgqJVSrs7DiSZQTEnGj73rnzvf37D9cuVtqtp6gM56d,459248640,0.45924864,65856
validator_history,HistoryJTGbKQD2mRgLZ3XhqHnN811Qpez8X9kCcGHoa,318QydGUiEy3z6rz7sKjuSo63XEpz7xtwGTBDUXmp5Px,459248640,0.45924864,65856
validator_history,HistoryJTGbKQD2mRgLZ3XhqHnN811Qpez8X9kCcGHoa,Vp2Uu8Xz7VQ5YCmyTEveKfWwGtseues543kAUisSP7f,459248640,0.45924864,65856
validator_history,HistoryJTGbKQD2mRgLZ3XhqHnN811Qpez8X9kCcGHoa,4G2xUR9pWPLhgfpUG9VNzYK7f4jftr1xstjPhfXSTWSz,459248640,0.45924864,65856
validator_history,HistoryJTGbKQD2mRgLZ3XhqHnN811Qpez8X9kCcGHoa,3QaFs5ei7VumgJFko3DoUfESM96B3A8SyqPUMsvQFLxQ,459248640,0.45924864,65856
validator_history,HistoryJTGbKQD2mRgLZ3XhqHnN811Qpez8X9kCcGHoa,EFNqgMv1CrA4DoNhY7ShfSWjaJqMtuZ2nXVG7KkbFHov,459248640,0.45924864,65856
validator_history,HistoryJTGbKQD2mRgLZ3XhqHnN811Qpez8X9kCcGHoa,AxFH2j64LpEPHtCCfPiAjQFvPX6eS2n8GuMzHxs156Vr,459248640,0.45924864,65856
validator_history,HistoryJTGbKQD2mRgLZ3XhqHnN811Qpez8X9kCcGHoa,Au1KYT2spZEhN2K5umUZvD6zwbzbCXLguNgae18cPNHa,459248640,0.45924864,65856
validator_history,HistoryJTGbKQD2mRgLZ3XhqHnN811Qpez8X9kCcGHoa,8e9aLPi4hDsShF6H9vddjRxMsj9ie4eHT32Px3gRxikS,459248640,0.45924864,65856
validator_history,HistoryJTGbKQD2mRgLZ3XhqHnN811Qpez8X9kCcGHoa,9PKarXs4WKLQVJ5oa18bWkU4hCYb2j7fy2RoUxtHXoa6,459248640,0.45924864,65856
validator_history,HistoryJTGbKQD2mRgLZ3XhqHnN811Qpez8X9kCcGHoa,9seV7aMnLPGzYsptDvFDXfMTxhEvtpaMUzpVhqyChEAS,459248640,0.45924864,65856
validator_history,HistoryJTGbKQD2mRgLZ3XhqHnN811Qpez8X9kCcGHoa,AW6i3ZjMxe2nUBxBQ3rF3aZPmmpPXHL2f6UAWZBT5uvt,459248640,0.45924864,65856
validator_history,HistoryJTGbKQD2mRgLZ3XhqHnN811Qpez8X9kCcGHoa,QtDEHcfozYvzcpZCvw4RyAPbVjBRWMc9hW54LtiQj3L,459248640,0.45924864,65856
validator_history,HistoryJTGbKQD2mRgLZ3XhqHnN811Qpez8X9kCcGHoa,CG2W6giciNW6L2B9pZDPzBmM7FDFq7jqk8PexTUxPJhh,459248640,0.45924864,65856
validator_history,HistoryJTGbKQD2mRgLZ3XhqHnN811Qpez8X9kCcGHoa,AKEP5soY8vqt5YW5g88n8qkU9NqvW7sXhhvBrGv5Rrx7,459248640,0.45924864,65856
validator_history,HistoryJTGbKQD2mRgLZ3XhqHnN811Qpez8X9kCcGHoa,GH1xhBLRDiE9i11sPCnCXK7mixaLs3Cfca1qch1KZDWW,459248640,0.45924864,65856
validator_history,HistoryJTGbKQD2mRgLZ3XhqHnN811Qpez8X9kCcGHoa,3TXDehmaW3Cda82ys2JrGC5q7Mpk3PiPRefmsMa9YjsS,459248640,0.45924864,65856
validator_history,HistoryJTGbKQD2mRgLZ3XhqHnN811Qpez8X9kCcGHoa,5B4X7NyUYtt3uUV8MKzh17vJzjwAUKAVuGcspaGPu1fM,459248640,0.45924864,65856
validator_history,HistoryJTGbKQD2mRgLZ3XhqHnN811Qpez8X9kCcGHoa,GyWUQcZrAqphXuxq25iXeCg6Nn2NttncLLhzxNUGc2FC,459248640,0.45924864,65856
validator_history,HistoryJTGbKQD2mRgLZ3XhqHnN811Qpez8X9kCcGHoa,Hx2eknZKnNGas52ru1eDNMcwNrZiU43kDANXeq1iYjEV,459248640,0.45924864,65856
validator_history,HistoryJTGbKQD2mRgLZ3XhqHnN811Qpez8X9kCcGHoa,54tgdK8FV8sdm6RtnEA2RVPGeEovyg69ENhnfcG3A8AP,459248640,0.45924864,65856
validator_history,HistoryJTGbKQD2mRgLZ3XhqHnN811Qpez8X9kCcGHoa,EUNqhBFnKrPGM5TdxnBU9xBcLGpdG1ngJpqbpWNvKtJc,459248640,0.45924864,65856
validator_history,HistoryJTGbKQD2mRgLZ3XhqHnN811Qpez8X9kCcGHoa,FGuheGbuoSC87jYMrRqbH2VfsHArrFHH5jaPt3jGcsjc,459248640,0.45924864,65856
validator_history,HistoryJTGbKQD2mRgLZ3XhqHnN811Qpez8X9kCcGHoa,9A1utgWxPp45o1svS5bBfD8uJpn5td1224bP7LK34H1G,459248640,0.45924864,65856
validator_history,HistoryJTGbKQD2mRgLZ3XhqHnN811Qpez8X9kCcGHoa,JCRKw9LggLg22smPdL2nVC2W6M3W73zdbArFAjy34LB8,459248640,0.45924864,65856
validator_history,HistoryJTGbKQD2mRgLZ3XhqHnN811Qpez8X9kCcGHoa,CzyV6QuR1gZwH2W8k2vYGSiRebyr5ye1pX1FL6z9Fcq7,459248640,0.45924864,65856
validator_history,HistoryJTGbKQD2mRgLZ3XhqHnN811Qpez8X9kCcGHoa,CB7QTFsnEVnc2oDNRpSe4NTDZNShpGhCLSdkkrV5atYy,459248640,0.45924864,65856
validator_history,HistoryJTGbKQD2mRgLZ3XhqHnN811Qpez8X9kCcGHoa,AWoRjSc6wE27k4vQqJ2uCcjdQQ2es7MiSNLuuCBk5RD4,459248640,0.45924864,65856
validator_history,HistoryJTGbKQD2mRgLZ3XhqHnN811Qpez8X9kCcGHoa,2h3YYgvTD255q9WVuZZNBEthJYuh9Rau99VEnjSKJyjY,459248640,0.45924864,65856
validator_history,HistoryJTGbKQD2mRgLZ3XhqHnN811Qpez8X9kCcGHoa,APattuum6uwerqK6Yj8bWGVojh6EeE97Xeu8tHHxU83F,459248640,0.45924864,65856
validator_history,HistoryJTGbKQD2mRgLZ3XhqHnN811Qpez8X9kCcGHoa,G776AsBDL4msNB7S1HEbE2FuEBiCjUkyN6e9wi5qLyGn,459248640,0.45924864,65856
validator_history,HistoryJTGbKQD2mRgLZ3XhqHnN811Qpez8X9kCcGHoa,GEnBrzdsgihJgtQs3TMn42ZVSsaxtQ9tMu9uXwAdj26v,459248640,0.45924864,65856
validator_history,HistoryJTGbKQD2mRgLZ3XhqHnN811Qpez8X9kCcGHoa,AjtUTagzM22dXRK9tV8huRg2cEyi3MrJMVqVHa5vsmrY,459248640,0.45924864,65856
validator_history,HistoryJTGbKQD2mRgLZ3XhqHnN811Qpez8X9kCcGHoa,FrkfSJUo77jHbzcXazzGF2B2MuhNM2SBQVajR2QkgBqx,459248640,0.45924864,65856
validator_history,HistoryJTGbKQD2mRgLZ3XhqHnN811Qpez8X9kCcGHoa,4YiFHrX2viTsfx2TWwV3J3kbSrfz2s6fypTD8Egnesne,459248640,0.45924864,65856
validator_history,HistoryJTGbKQD2mRgLZ3XhqHnN811Qpez8X9kCcGHoa,FyGMgvuSj5C5iK5ie1mCNvDY3fke198dningVhzJBnD4,459248640,0.45924864,65856
validator_history,HistoryJTGbKQD2mRgLZ3XhqHnN811Qpez8X9kCcGHoa,pPEixqDgubzF5q2EeVHqkLu6Q173JRcmfKvcQm1V4tq,459248640,0.45924864,65856
validator_history,HistoryJTGbKQD2mRgLZ3XhqHnN811Qpez8X9kCcGHoa,FNxK7PThDvbCQPYfyuQwLZ6UwR2ZshCRWXXKTuZeeXB2,459248640,0.45924864,65856
validator_history,HistoryJTGbKQD2mRgLZ3XhqHnN811Qpez8X9kCcGHoa,6XcJTAhzNUVPoiqE24YJbgF4tJ7J6HiZtJyTQMgGmzka,459248640,0.45924864,65856
validator_history,HistoryJTGbKQD2mRgLZ3XhqHnN811Qpez8X9kCcGHoa,EPZgrQ3EJh2PKVzPaXJgY7VWR77yNZadahpyMtv6hKxR,459248640,0.45924864,65856
validator_history,HistoryJTGbKQD2mRgLZ3XhqHnN811Qpez8X9kCcGHoa,2REGoHKeJN3dpe9qLKEjeg13SyvcGjekDcDr2fG5dqTf,459248640,0.45924864,65856
validator_history,HistoryJTGbKQD2mRgLZ3XhqHnN811Qpez8X9kCcGHoa,f4wgqF6ak9CMzcM9PDVucZzQND5wzxywHbzxPLHkfRZ,459248640,0.45924864,65856
validator_history,HistoryJTGbKQD2mRgLZ3XhqHnN811Qpez8X9kCcGHoa,2AsWUqT1Hbpo1wTzhwmPL7tJmNaQZoBPDhBMGvzdBfym,459248640,0.45924864,65856
validator_history,HistoryJTGbKQD2mRgLZ3XhqHnN811Qpez8X9kCcGHoa,EtdGiJzmUSGVgT4vLFzJoB4emr3epicaazUrnxCvYnzm,459248640,0.45924864,65856
validator_history,HistoryJTGbKQD2mRgLZ3XhqHnN811Qpez8X9kCcGHoa,57g3kaM7nWQu1jSjdw5bb2P1jtua7SS4hvQ5TGdM6pYg,459248640,0.45924864,65856
validator_history,HistoryJTGbKQD2mRgLZ3XhqHnN811Qpez8X9kCcGHoa,GjC4RogA2hN6zKpAZQornKLnnwUZcFDZJizSU5gCr8ze,459248640,0.45924864,65856
validator_history,HistoryJTGbKQD2mRgLZ3XhqHnN811Qpez8X9kCcGHoa,8UzBRWuDmpWBt82nyuCbkbYrhZWXfeQ33dpv1XWG9cMf,459248640,0.45924864,65856
validator_history,HistoryJTGbKQD2mRgLZ3XhqHnN811Qpez8X9kCcGHoa,3HXeTASFrE678sxqjSi88YLMi9cigqHuGE58szirmhRG,459248640,0.45924864,65856
validator_history,HistoryJTGbKQD2mRgLZ3XhqHnN811Qpez8X9kCcGHoa,2zXsFMQhJabCM6XK13cc2J6v6SUVr7m4WLGjBVNFSfwq,459248640,0.45924864,65856
validator_history,HistoryJTGbKQD2mRgLZ3XhqHnN811Qpez8X9kCcGHoa,5zgJhPL5iFYrNJTbRHWmLV3x1hATckP77BKVwnvZiDb5,459248640,0.45924864,65856
validator_history,HistoryJTGbKQD2mRgLZ3XhqHnN811Qpez8X9kCcGHoa,Exms4FiHMfUb9wgaokeQBs5d1hAfC5DHojwFDxbU2aou,459248640,0.45924864,65856
validator_history,HistoryJTGbKQD2mRgLZ3XhqHnN811Qpez8X9kCcGHoa,85YdCorwSw4D255D4CJXijyqRYaAS9Arv4XSYcmBRRAX,459248640,0.45924864,65856
validator_history,HistoryJTGbKQD2mRgLZ3XhqHnN811Qpez8X9kCcGHoa,2bm7fxhZ6goBV2co1Zhu2nUtMK5QLrNNUftpSYnVoyma,459248640,0.45924864,65856
validator_history,HistoryJTGbKQD2mRgLZ3XhqHnN811Qpez8X9kCcGHoa,EGQnk7c3oV36PkYKenFHjrEfHwhLBGJqLzwWfZ6RQqxj,459248640,0.45924864,65856
validator_history,HistoryJTGbKQD2mRgLZ3XhqHnN811Qpez8X9kCcGHoa,6x4vBqjxqN9htQjgVCoFPVWoXwqHwy3gz3JCWcwXVV7E,459248640,0.45924864,65856
validator_history,HistoryJTGbKQD2mRgLZ3XhqHnN811Qpez8X9kCcGHoa,6NHVwj5WwJhkXYUqKxhZ5LiEKMKb4KpBHCY5aURCLGPm,459248640,0.45924864,65856
validator_history,HistoryJTGbKQD2mRgLZ3XhqHnN811Qpez8X9kCcGHoa,9VjF271LRd6NSvYs4v8xWuJAYCpqMXMm4SzLCkthgD2z,459248640,0.45924864,65856
validator_history,HistoryJTGbKQD2mRgLZ3XhqHnN811Qpez8X9kCcGHoa,G2JUmdKUby3PQj4zJEHSAQL8PGfWHWxrDTSjQKi58EKo,459248640,0.45924864,65856
validator_history,HistoryJTGbKQD2mRgLZ3XhqHnN811Qpez8X9kCcGHoa,D7ycha6fXjnFfSmTi8KhQSJXFmzhFG9xfNP3kWHobUox,459248640,0.45924864,65856
validator_history,HistoryJTGbKQD2mRgLZ3XhqHnN811Qpez8X9kCcGHoa,D8G8gUcPM57nCXBKcaggjuZWaUVMVZoVtYRnr7HoB5ZR,459248640,0.45924864,65856
validator_history,HistoryJTGbKQD2mRgLZ3XhqHnN811Qpez8X9kCcGHoa,5Z2CLr6mEgSqhuTqDpSMEYZEqe8iyRvvrHFMGcRu5svB,459248640,0.45924864,65856
validator_history,HistoryJTGbKQD2mRgLZ3XhqHnN811Qpez8X9kCcGHoa,CQb2J8WVERoAgpi8tKkbwrKNy3NkP52koDBr2m9QhLjT,459248640,0.45924864,65856
validator_history,HistoryJTGbKQD2mRgLZ3XhqHnN811Qpez8X9kCcGHoa,AjFHkXXTM2VEizLYFeeJBTUdHcpUs2FdqaEUDegs19ae,459248640,0.45924864,65856
validator_history,HistoryJTGbKQD2mRgLZ3XhqHnN811Qpez8X9kCcGHoa,5fthp57MdAtnotDseb4mB9z42CAhyLD6KehYMXZ55Lqe,459248640,0.45924864,65856
validator_history,HistoryJTGbKQD2mRgLZ3XhqHnN811Qpez8X9kCcGHoa,25Wzwvkrj2bDzF4xDz8Ki7wdzTsZ42AG43XShuRR2mR1,459248640,0.45924864,65856
validator_history,HistoryJTGbKQD2mRgLZ3XhqHnN811Qpez8X9kCcGHoa,6ZppdXgjddik1FYRRWSBx2iZSWvgTp1osA5PdsuMpmCE,459248640,0.45924864,65856
validator_history,HistoryJTGbKQD2mRgLZ3XhqHnN811Qpez8X9kCcGHoa,2AAiWK4RHrfeWw4pZfhJzjFwxRr8ZLqq8SpxVoaWHeDs,459248640,0.45924864,65856
validator_history,HistoryJTGbKQD2mRgLZ3XhqHnN811Qpez8X9kCcGHoa,5Lr6jm12uv2nDikpjc5SHLXJt6KRma75Qmx84A2CMdv7,459248640,0.45924864,65856
validator_history,HistoryJTGbKQD2mRgLZ3XhqHnN811Qpez8X9kCcGHoa,D54r5EoXExmnsXY4i5ZGuu4u7B3e1Mw2FqnjRHrybGSy,459248640,0.45924864,65856
validator_history,HistoryJTGbKQD2mRgLZ3XhqHnN811Qpez8X9kCcGHoa,GicAssCyfo4PcvY2o1Xwjq3rxWQqJXsZSM9CwRZKPxqy,459248640,0.45924864,65856
validator_history,HistoryJTGbKQD2mRgLZ3XhqHnN811Qpez8X9kCcGHoa,8fuH4dDoritY2eUjjcEe4x7P7LeSQAapdhNm35ZSVFW3,459248640,0.45924864,65856
validator_history,HistoryJTGbKQD2mRgLZ3XhqHnN811Qpez8X9kCcGHoa,5HbxnWZ2Ja4H7hv9y372qgggN2vJarWRgZmwCHsySt2L,459248640,0.45924864,65856
validator_history,HistoryJTGbKQD2mRgLZ3XhqHnN811Qpez8X9kCcGHoa,Djv74dPHQfs4au9vGHTNehQWBD9HXkavziDc9FTwV5kk,459248640,0.45924864,65856
validator_history,HistoryJTGbKQD2mRgLZ3XhqHnN811Qpez8X9kCcGHoa,2j79dPXPe7FHxm1HjC3xBt84BKf2EhwgN21ZXy8X3Dwf,459248640,0.45924864,65856
validator_history,HistoryJTGbKQD2mRgLZ3XhqHnN811Qpez8X9kCcGHoa,2ZksGjYYR9Scc5vm3MViHHxCTDJ2JgwEUBDwM3UzhxvN,459248640,0.45924864,65856
validator_history,HistoryJTGbKQD2mRgLZ3XhqHnN811Qpez8X9kCcGHoa,8sPNJioAdv7E8647QS3NX4kvjgnFHWCfYixaTJfKXXrD,459248640,0.45924864,65856
validator_history,HistoryJTGbKQD2mRgLZ3XhqHnN811Qpez8X9kCcGHoa,Bh7TQhyuCS4ZecEsjRhAAMrivBw2gSLs6FkhEakRLSzA,459248640,0.45924864,65856
validator_history,HistoryJTGbKQD2mRgLZ3XhqHnN811Qpez8X9kCcGHoa,E2Af2E5wc2AghTmx8kspvBhBFvb8GyujEVCy34pc5XxL,459248640,0.45924864,65856
validator_history,HistoryJTGbKQD2mRgLZ3XhqHnN811Qpez8X9kCcGHoa,7TsXTCTF5b5GVLDoqjmnsWGWdXFQSQYvVrwMua9AuYcw,459248640,0.45924864,65856
validator_history,HistoryJTGbKQD2mRgLZ3XhqHnN811Qpez8X9kCcGHoa,FJoMpempoecDLeeEFFd4Z8z8tyAJ3SaBqzogcEvLeN6j,459248640,0.45924864,65856
validator_history,HistoryJTGbKQD2mRgLZ3XhqHnN811Qpez8X9kCcGHoa,BtJJyfKpJLdLbA1j4UiqJ1SoUF8XKUFBh6gBsJ8BYr9Q,459248640,0.45924864,65856
validator_history,HistoryJTGbKQD2mRgLZ3XhqHnN811Qpez8X9kCcGHoa,CR1dD2Fj4JQDaxpufQ8QYCzVk6yUWCNKJYLMr9inYk7W,459248640,0.45924864,65856
validator_history,HistoryJTGbKQD2mRgLZ3XhqHnN811Qpez8X9kCcGHoa,B6S6HPWagALL6Lu7GWK13KzpvwaUpXERZQ66xJPZdfuL,459248640,0.45924864,65856
validator_history,HistoryJTGbKQD2mRgLZ3XhqHnN811Qpez8X9kCcGHoa,CrrGzmAXRdxfPUi8dotyc6AQFTBz11xhjFjLHC56WUcr,459248640,0.45924864,65856
validator_history,HistoryJTGbKQD2mRgLZ3XhqHnN811Qpez8X9kCcGHoa,X1z5qiYpkXzuWQ8xPqywn2RgUQJmqm96DQ3oWzYB5s3,459248640,0.45924864,65856
validator_history,HistoryJTGbKQD2mRgLZ3XhqHnN811Qpez8X9kCcGHoa,63a2Cpa3o291K1ksSxa1kWeHcG5KSDy73TEpdvjJZWpb,459248640,0.45924864,65856
validator_history,HistoryJTGbKQD2mRgLZ3XhqHnN811Qpez8X9kCcGHoa,CWPjiJreuhybF4DrQqhF9uUkgCUqpFZ1zQM46ujrw4oA,459248640,0.45924864,65856
validator_history,HistoryJTGbKQD2mRgLZ3XhqHnN811Qpez8X9kCcGHoa,CejRfb7KJfVTymmjmzhhHvrSXMbb1BDEdjVqXFG2MSnj,459248640,0.45924864,65856
validator_history,HistoryJTGbKQD2mRgLZ3XhqHnN811Qpez8X9kCcGHoa,GgR2yLnvtbjVnWtkdB4uRChpxUga6P1mB4tZswksJQAS,459248640,0.45924864,65856
validator_history,HistoryJTGbKQD2mRgLZ3XhqHnN811Qpez8X9kCcGHoa,HeyeXu2dxxjBdwjDP4kA2Vzq5ifAC3eLZVuPe8QpVZvH,459248640,0.45924864,65856
validator_history,HistoryJTGbKQD2mRgLZ3XhqHnN811Qpez8X9kCcGHoa,GHCoJHvZ1oTKLGgiM5J8RGQznDzSg4LJBQxU5dM74ceJ,459248640,0.45924864,65856
validator_history,HistoryJTGbKQD2mRgLZ3XhqHnN811Qpez8X9kCcGHoa,2dJbRKZoXoPCo2dwYnMZ3rVqAU8Cfb6jWHDtabJNB5om,459248640,0.45924864,65856
validator_history,HistoryJTGbKQD2mRgLZ3XhqHnN811Qpez8X9kCcGHoa,G2XAJXc1pgwg1Ac1HMNghfrUcxjNSVhtothohMMoLzeQ,459248640,0.45924864,65856
validator_history,HistoryJTGbKQD2mRgLZ3XhqHnN811Qpez8X9kCcGHoa,6gdJPNm1cQHy26Nyqx7GnzR57hhGa8rmfhyyxniXuwCn,459248640,0.45924864,65856
validator_history,HistoryJTGbKQD2mRgLZ3XhqHnN811Qpez8X9kCcGHoa,6SK1PKn6zoyqt2u8LQzJEYdqib6yLSBnou4fcSSRSew1,459248640,0.45924864,65856
validator_history,HistoryJTGbKQD2mRgLZ3XhqHnN811Qpez8X9kCcGHoa,Ds7q3GGi5iRNWrHBh4Qn9nrGHmi7hQtoB3fqbPWwMBRn,459248640,0.45924864,65856
validator_history,HistoryJTGbKQD2mRgLZ3XhqHnN811Qpez8X9kCcGHoa,Fe1DzDjeAdbvmkhGPLkeuePC2wLfUvyw3B536965FoCw,459248640,0.45924864,65856
validator_history,HistoryJTGbKQD2mRgLZ3XhqHnN811Qpez8X9kCcGHoa,3MJ7RyZYmmPQSS8wyj7voDkR6Aws3J3zfUHAyJbReJRu,459248640,0.45924864,65856
validator_history,HistoryJTGbKQD2mRgLZ3XhqHnN811Qpez8X9kCcGHoa,7pNFC18wiJC2TdwAmebFPWACqKYyGqMTpU2nSW7y2an7,459248640,0.45924864,65856
validator_history,HistoryJTGbKQD2mRgLZ3XhqHnN811Qpez8X9kCcGHoa,D158Rum85ZEVLuGyJXkXLmHtb1FBHEeitmXVFPSRqdro,459248640,0.45924864,65856
validator_history,HistoryJTGbKQD2mRgLZ3XhqHnN811Qpez8X9kCcGHoa,AAt63qLNSEmhbdM3EonTrSQk6hmSWEHNU72gpmzR4rRL,459248640,0.45924864,65856
validator_history,HistoryJTGbKQD2mRgLZ3XhqHnN811Qpez8X9kCcGHoa,FuPLLsFxEFcb9Vhs7Fv44gnyybrSXk9YnzvK9U5nfuu9,459248640,0.45924864,65856
validator_history,HistoryJTGbKQD2mRgLZ3XhqHnN811Qpez8X9kCcGHoa,4C8om5s9TaPQsrpEu9WiM3wxJk492Xx7cRrKbYCAXjjU,459248640,0.45924864,65856
validator_history,HistoryJTGbKQD2mRgLZ3XhqHnN811Qpez8X9kCcGHoa,GmmGCy1WVSPes1iajzf77fMNDyD8PNTwzHhnsYWqooyF,459248640,0.45924864,65856
validator_history,HistoryJTGbKQD2mRgLZ3XhqHnN811Qpez8X9kCcGHoa,3KL6BEBLc3nzAVpGsHF5tTPmJWBWGNBVmZGVLHdVHCcr,459248640,0.45924864,65856
validator_history,HistoryJTGbKQD2mRgLZ3XhqHnN811Qpez8X9kCcGHoa,HBs9een3AEGCZB79eMA6dE3hQ9NBnc3iSwPvJRwmSPdP,459248640,0.45924864,65856
validator_history,HistoryJTGbKQD2mRgLZ3XhqHnN811Qpez8X9kCcGHoa,25oAVbNhzaNvmUEZE7SmZ9NMWuDcDoSqLB1f7i41BmqK,459248640,0.45924864,65856
validator_history,HistoryJTGbKQD2mRgLZ3XhqHnN811Qpez8X9kCcGHoa,9k89RrWmwfLneveHqU6mxRezQwX1txamn21LP5SyTW7g,459248640,0.45924864,65856
validator_history,HistoryJTGbKQD2mRgLZ3XhqHnN811Qpez8X9kCcGHoa,5cjZceZNPnkaryceoqFhJUmyvEysazn8TSjtizT34iAm,459248640,0.45924864,65856
validator_history,HistoryJTGbKQD2mRgLZ3XhqHnN811Qpez8X9kCcGHoa,2mqA6pGMVQYMKrmcQtxBb9KTD8ap6wxYoxMtjYwY9tHy,459248640,0.45924864,65856
validator_history,HistoryJTGbKQD2mRgLZ3XhqHnN811Qpez8X9kCcGHoa,2NskqgqGdTMSVTBetbNmwE2yM8hrKxQ3HSDidTCKS8m1,459248640,0.45924864,65856
validator_history,HistoryJTGbKQD2mRgLZ3XhqHnN811Qpez8X9kCcGHoa,4PYJDNFzhzhvPGjH4SXHGCtkyLEbmWeM7zcuWW7PiTFb,459248640,0.45924864,65856
validator_history,HistoryJTGbKQD2mRgLZ3XhqHnN811Qpez8X9kCcGHoa,5PpSMatB7rZSgKydFQGSonUeDuiqwJ6tf7JAUYjg9WZb,459248640,0.45924864,65856
validator_history,HistoryJTGbKQD2mRgLZ3XhqHnN811Qpez8X9kCcGHoa,3VdtjWkRf592ETQM1QqPGk5g9Vyd2TLgN9bVM9rx9e5p,459248640,0.45924864,65856
validator_history,HistoryJTGbKQD2mRgLZ3XhqHnN811Qpez8X9kCcGHoa,9YamtuViwPNUvysk48iXCH5ik8BXBcH3K4b87BHHVjcD,459248640,0.45924864,65856
validator_history,HistoryJTGbKQD2mRgLZ3XhqHnN811Qpez8X9kCcGHoa,HMbAj1YGvujPoE7hYi49eRMkW45G6531tUq3huQy6SLT,459248640,0.45924864,65856
validator_history,HistoryJTGbKQD2mRgLZ3XhqHnN811Qpez8X9kCcGHoa,8NfBEHrft51gLYfkt9pPruv2eB3LWEq1EiAyBz6BqiJH,459248640,0.45924864,65856
validator_history,HistoryJTGbKQD2mRgLZ3XhqHnN811Qpez8X9kCcGHoa,6yCFHm3epJBK9n2zfmfXCW9xtM4T9Ts86wGyx5c5UfAU,459248640,0.45924864,65856
validator_history,HistoryJTGbKQD2mRgLZ3XhqHnN811Qpez8X9kCcGHoa,gYqoa2mmpZQ95zxVA46rBkJtVsGJ3Mw7uGUQX5xjw6e,459248640,0.45924864,65856
validator_history,HistoryJTGbKQD2mRgLZ3XhqHnN811Qpez8X9kCcGHoa,Dq863J5SSA9fSfJBwmMiS4nFQGbtpUJd62KmPk67vbJ8,459248640,0.45924864,65856
validator_history,HistoryJTGbKQD2mRgLZ3XhqHnN811Qpez8X9kCcGHoa,Ag9MbxusfiwKenqaKKyfE73rzcqa8e8k2m4eTzoYre5M,459248640,0.45924864,65856
validator_history,HistoryJTGbKQD2mRgLZ3XhqHnN811Qpez8X9kCcGHoa,DKz4Kf7apxhit5se1aLAd1sbSHFQfW6mc17dk142TTev,459248640,0.45924864,65856
validator_history,HistoryJTGbKQD2mRgLZ3XhqHnN811Qpez8X9kCcGHoa,8GFH7euconxkQcbDShvy6HANNtakL1CMPmKbXwSKNAUk,459248640,0.45924864,65856
validator_history,HistoryJTGbKQD2mRgLZ3XhqHnN811Qpez8X9kCcGHoa,AFnUq2Nb8CoVMnsj9bPA4phU8fXsYxXC2t6LdUB8bmDb,459248640,0.45924864,65856
validator_history,HistoryJTGbKQD2mRgLZ3XhqHnN811Qpez8X9kCcGHoa,AeBGy7xx1CEwccbd8TEC8WiSc7jAuZ3uAtqrPtpaQFvM,459248640,0.45924864,65856
validator_history,HistoryJTGbKQD2mRgLZ3XhqHnN811Qpez8X9kCcGHoa,5Aty9isnA63UdgSucL7hdNNL1F641Wtq38hzH2EfDorS,459248640,0.45924864,65856
validator_history,HistoryJTGbKQD2mRgLZ3XhqHnN811Qpez8X9kCcGHoa,6AuUxruLKhJbA7c1rPMoBLo7RcbyyPa7bYiH4kyy97k3,459248640,0.45924864,65856
validator_history,HistoryJTGbKQD2mRgLZ3XhqHnN811Qpez8X9kCcGHoa,AZqTeEQ6NkcRUY2c6AAKtGcNqDtYRbWCXGzRqzVfFZVq,459248640,0.45924864,65856
validator_history,HistoryJTGbKQD2mRgLZ3XhqHnN811Qpez8X9kCcGHoa,391BbJv79k3t3r9beq1BLBZCkNQ831LkadNxaM7JuRFq,459248640,0.45924864,65856
validator_history,HistoryJTGbKQD2mRgLZ3XhqHnN811Qpez8X9kCcGHoa,Ccj38GMYdGP8pVFSyi9wtuQpsvAtpBCD5FMZWVZUisis,459248640,0.45924864,65856
validator_history,HistoryJTGbKQD2mRgLZ3XhqHnN811Qpez8X9kCcGHoa,4aJCtDcKJH3yyeL5wxDMa6CesMmZHCaxYHTzbcuqZSrV,459248640,0.45924864,65856
validator_history,HistoryJTGbKQD2mRgLZ3XhqHnN811Qpez8X9kCcGHoa,4qjcXSU286ZABAMHUma9p2JQz89tGXiUCwt75gH798Rb,459248640,0.45924864,65856
validator_history,HistoryJTGbKQD2mRgLZ3XhqHnN811Qpez8X9kCcGHoa,J4MLvPMTgK5jQyee98vLQxjqca9MnhSGipL8FxiqX1wB,459248640,0.45924864,65856
validator_history,HistoryJTGbKQD2mRgLZ3XhqHnN811Qpez8X9kCcGHoa,J32K8ieh1z9qjTo7FrAgtQQEcJjDtpkeDQdaP6xj9hNo,459248640,0.45924864,65856
validator_history,HistoryJTGbKQD2mRgLZ3XhqHnN811Qpez8X9kCcGHoa,2BCUdg9P2tazpCdDxYWbE6RYM2WD9kSYFTMyEk9F7hqT,459248640,0.45924864,65856
validator_history,HistoryJTGbKQD2mRgLZ3XhqHnN811Qpez8X9kCcGHoa,9hD3vbw3GpCQB7eEhsoLyg7L56YzuBpBoJ7hY3vHsJE3,459248640,0.45924864,65856
validator_history,HistoryJTGbKQD2mRgLZ3XhqHnN811Qpez8X9kCcGHoa,3yr1gUq3k8ArjaGum3zsBfQurmT74eC5f3gDzTYGPEnE,459248640,0.45924864,65856
validator_history,HistoryJTGbKQD2mRgLZ3XhqHnN811Qpez8X9kCcGHoa,BuH26EMYWBjqhX6D9LEEPaWFbgMNSfVBJ1wu7ZnzACrh,459248640,0.45924864,65856
validator_history,HistoryJTGbKQD2mRgLZ3XhqHnN811Qpez8X9kCcGHoa,9yWP4mSMkp1ruXx7HNFwgaTdn6sZWrhVaVE5edAfT9nZ,459248640,0.45924864,65856
validator_history,HistoryJTGbKQD2mRgLZ3XhqHnN811Qpez8X9kCcGHoa,9zYhQEG9bTPafj79kQzEgVcEj95RZ9vurj9Qww1r4HHT,459248640,0.45924864,65856
validator_history,HistoryJTGbKQD2mRgLZ3XhqHnN811Qpez8X9kCcGHoa,8rKAo72DQAZD8pzWNNH5d8LUreBohmPrwE2nTjLCHSdV,459248640,0.45924864,65856
validator_history,HistoryJTGbKQD2mRgLZ3XhqHnN811Qpez8X9kCcGHoa,2AJzvmQwKsEZp6Cg825MWTmMo61xD71Drjr68neKa6P7,459248640,0.45924864,65856
validator_history,HistoryJTGbKQD2mRgLZ3XhqHnN811Qpez8X9kCcGHoa,CHJy61v9D5KUgbYqdcJ2LWE5NVhWUaFXfCK1Cbim7GwK,459248640,0.45924864,65856
validator_history,HistoryJTGbKQD2mRgLZ3XhqHnN811Qpez8X9kCcGHoa,69hkeJ19eRC4tEX7XpCd1QRBeSo6e6APLnJM4EBEnE2X,459248640,0.45924864,65856
validator_history,HistoryJTGbKQD2mRgLZ3XhqHnN811Qpez8X9kCcGHoa,GzRvugzTuL7i6ZGZKLsVBmqKinj24KobPCtTucGxRGvk,459248640,0.45924864,65856
validator_history,HistoryJTGbKQD2mRgLZ3XhqHnN811Qpez8X9kCcGHoa,DXhuiAhEUNroxBrjTkd9Q28T5Zj4q1vjtt5RDaxrFdEn,459248640,0.45924864,65856
validator_history,HistoryJTGbKQD2mRgLZ3XhqHnN811Qpez8X9kCcGHoa,59kqFixdjMR1Dat1wgNT5BbFK6tnLR33oN7VfCw6Zi4P,459248640,0.45924864,65856
validator_history,HistoryJTGbKQD2mRgLZ3XhqHnN811Qpez8X9kCcGHoa,5V7HYfBuPmYj3wEV8xRrpdvS8jyFgQA4ZRnMcP3S8ZpJ,459248640,0.45924864,65856
validator_history,HistoryJTGbKQD2mRgLZ3XhqHnN811Qpez8X9kCcGHoa,ALfjrLa1ZxDa58q2nj3CNS79n9PAKgdYmsdvtHi42ixR,459248640,0.45924864,65856
validator_history,HistoryJTGbKQD2mRgLZ3XhqHnN811Qpez8X9kCcGHoa,5sWut9qgLEbmaFhu2BBYBAgp6iTGpJzt41kRhepm6EZg,459248640,0.45924864,65856
validator_history,HistoryJTGbKQD2mRgLZ3XhqHnN811Qpez8X9kCcGHoa,uRrLUp48wizS8oHTdT5Srg5RbTy97o5zuncyaWRJwAa,459248640,0.45924864,65856
validator_history,HistoryJTGbKQD2mRgLZ3XhqHnN811Qpez8X9kCcGHoa,5ZBoSr1Y2dacWHFFZJ5KespdujFNPgmomdA1gvcpprqh,459248640,0.45924864,65856
validator_history,HistoryJTGbKQD2mRgLZ3XhqHnN811Qpez8X9kCcGHoa,8f2riLaGF6bpT5PBSSehUn2yj9jXQAoQwBAqhAUfQqSY,459248640,0.45924864,65856
validator_history,HistoryJTGbKQD2mRgLZ3XhqHnN811Qpez8X9kCcGHoa,C61t5aPWischeXiGEoLDmQDnVQHxc9XNy8ohaLUktcTt,459248640,0.45924864,65856
validator_history,HistoryJTGbKQD2mRgLZ3XhqHnN811Qpez8X9kCcGHoa,6n9PfPonRDEDuRNARcp4QtMapJ6q9Zk63AefXfes1ASm,459248640,0.45924864,65856
validator_history,HistoryJTGbKQD2mRgLZ3XhqHnN811Qpez8X9kCcGHoa,DPdUnJqsAkKK4XnjtJmfNTQ5E58mMPRM9LoCrpBRph9,459248640,0.45924864,65856
validator_history,HistoryJTGbKQD2mRgLZ3XhqHnN811Qpez8X9kCcGHoa,6A1ETyfL2BeLQRJatEDbK8Aj5mmoSBAGbBafD3MNWNrA,459248640,0.45924864,65856
validator_history,HistoryJTGbKQD2mRgLZ3XhqHnN811Qpez8X9kCcGHoa,7Z1v34gVS8LT442Lb7Q3TT7ErxTfdz2oovra4if3us6y,459248640,0.45924864,65856
validator_history,HistoryJTGbKQD2mRgLZ3XhqHnN811Qpez8X9kCcGHoa,6VxGnwHV2ujzuVvDE8sGuAoXVK661d9iGumuUthCzG3s,459248640,0.45924864,65856
validator_history,HistoryJTGbKQD2mRgLZ3XhqHnN811Qpez8X9kCcGHoa,CNqYBbLsw12sSjdYZ6R4yANfsx8kQjihoh7s9LTTiWdS,459248640,0.45924864,65856
validator_history,HistoryJTGbKQD2mRgLZ3XhqHnN811Qpez8X9kCcGHoa,6fSuUkWj1VVY2yWKZnA5GwSQoKYaKPg1x8HmQpwVA7zB,459248640,0.45924864,65856
validator_history,HistoryJTGbKQD2mRgLZ3XhqHnN811Qpez8X9kCcGHoa,G5DTrWeevjfW33w5FqvA3ra3j27Tugn8vHEYR5kNYHob,459248640,0.45924864,65856
validator_history,HistoryJTGbKQD2mRgLZ3XhqHnN811Qpez8X9kCcGHoa,Gh53GtiuMFu67qXYes6sWw2ReWfW154rtRoeP9j7u7GP,459248640,0.45924864,65856
validator_history,HistoryJTGbKQD2mRgLZ3XhqHnN811Qpez8X9kCcGHoa,8LpqkSqpvofRSFHA7EKWduhpa8DRHU1sScTJJ1tRx62k,459248640,0.45924864,65856
validator_history,HistoryJTGbKQD2mRgLZ3XhqHnN811Qpez8X9kCcGHoa,4GP7y9HNguWcGQGHZhQpggMo5GCTkRVcsFVhwWcvh3ra,459248640,0.45924864,65856
validator_history,HistoryJTGbKQD2mRgLZ3XhqHnN811Qpez8X9kCcGHoa,EC7etF6nrrzSGikJp44KVSgkVhBUNHPMgyfBXT1AciTS,459248640,0.45924864,65856
validator_history,HistoryJTGbKQD2mRgLZ3XhqHnN811Qpez8X9kCcGHoa,4a8sKj1NQwvFfLKESsqPowyw8k5JM683E1MxEAwtYz5C,459248640,0.45924864,65856
validator_history,HistoryJTGbKQD2mRgLZ3XhqHnN811Qpez8X9kCcGHoa,DmRc3WWukRdtMchXXPvVegHpezAqu4V8JV1N44wPRpJJ,459248640,0.45924864,65856
validator_history,HistoryJTGbKQD2mRgLZ3XhqHnN811Qpez8X9kCcGHoa,9NRch1NgMmYc1ZiMJqVhCSNqncte58a3g8U3nYoFQDJi,459248640,0.45924864,65856
validator_history,HistoryJTGbKQD2mRgLZ3XhqHnN811Qpez8X9kCcGHoa,8hf5vq16sL52jy67Tedc1Ax9VEFwvmF6qPzikQxA58yx,459248640,0.45924864,65856
validator_history,HistoryJTGbKQD2mRgLZ3XhqHnN811Qpez8X9kCcGHoa,7QToxH5WY8Kj9FT7jPCcrCq6umcQtbq1JUjzrYrk8VaD,459248640,0.45924864,65856
validator_history,HistoryJTGbKQD2mRgLZ3XhqHnN811Qpez8X9kCcGHoa,DakLqEznw9CTNjB6oW7fCBwFYN4fZRNpXugkZg2jGnjy,459248640,0.45924864,65856
validator_history,HistoryJTGbKQD2mRgLZ3XhqHnN811Qpez8X9kCcGHoa,C6AtH6QugaQNMW8jXdtiSbsWgkA93ZJ2TeHVRiFwsJmV,459248640,0.45924864,65856
validator_history,HistoryJTGbKQD2mRgLZ3XhqHnN811Qpez8X9kCcGHoa,7w9SsVmJ9ZJcT4wknc8kbBYNnXiZp1jLbqehumeGyMrP,459248640,0.45924864,65856
validator_history,HistoryJTGbKQD2mRgLZ3XhqHnN811Qpez8X9kCcGHoa,9o5aj1L8PTWfPpe5fwmfHXQMJH82ad86zpkC556d8RK6,459248640,0.45924864,65856
validator_history,HistoryJTGbKQD2mRgLZ3XhqHnN811Qpez8X9kCcGHoa,27idqUHuk6cWU3AQBjcNXjZLFSmUWbnwcGpVwhWDKVmj,459248640,0.45924864,65856
validator_history,HistoryJTGbKQD2mRgLZ3XhqHnN811Qpez8X9kCcGHoa,8B8E2KizeqFWnC8J2YunTNF6u1ApXLTTiVyDsgvtGVdU,459248640,0.45924864,65856
validator_history,HistoryJTGbKQD2mRgLZ3XhqHnN811Qpez8X9kCcGHoa,9eBEYX6LEng98zDQNetQEPresGeC9f7KqYb5gVxBN7gV,459248640,0.45924864,65856
validator_history,HistoryJTGbKQD2mRgLZ3XhqHnN811Qpez8X9kCcGHoa,6CTVbJGN16yW24BFqoARBF32Hv5QDnkQMfMiY9EBJsKP,459248640,0.45924864,65856
validator_history,HistoryJTGbKQD2mRgLZ3XhqHnN811Qpez8X9kCcGHoa,65G5GGQadyhafsacCEJnistJKBHLR17u6j2qDah8yDaF,459248640,0.45924864,65856
validator_history,HistoryJTGbKQD2mRgLZ3XhqHnN811Qpez8X9kCcGHoa,A2jk9vaxGcDF5HHsP84fsS3UgmiQeAazaHtbiJUCfj2C,459248640,0.45924864,65856
validator_history,HistoryJTGbKQD2mRgLZ3XhqHnN811Qpez8X9kCcGHoa,7r4QNc6ZdkLANXq8SvrtVXQPdcxoHYCBKSSM96k1KQCv,459248640,0.45924864,65856
validator_history,HistoryJTGbKQD2mRgLZ3XhqHnN811Qpez8X9kCcGHoa,5daptjugfKYbsALZqSv5KS4zqkEpMjM9zc1SEsD6HEWZ,459248640,0.45924864,65856
validator_history,HistoryJTGbKQD2mRgLZ3XhqHnN811Qpez8X9kCcGHoa,HSwwiBiKMgsKESF9d9m2aztF3Lx24Zw7ARa4uXJ5GcZ8,459248640,0.45924864,65856
validator_history,HistoryJTGbKQD2mRgLZ3XhqHnN811Qpez8X9kCcGHoa,CNsHrUmBSL3xV4NJLsXmCH4cbPCPyWhuqLjptAAtzUmH,459248640,0.45924864,65856
validator_history,HistoryJTGbKQD2mRgLZ3XhqHnN811Qpez8X9kCcGHoa,F1Wj9ymKBCC4oPG2SAaB4eDALC6a2nqRvtCMkQxjgB3,459248640,0.45924864,65856
validator_history,HistoryJTGbKQD2mRgLZ3XhqHnN811Qpez8X9kCcGHoa,CssDSgJSEunovhRigruupr9oAvx8oWfndVKRZdCLEWDu,459248640,0.45924864,65856
validator_history,HistoryJTGbKQD2mRgLZ3XhqHnN811Qpez8X9kCcGHoa,CKdBCvd8fb3ZiGnejKJDJ7F1r4xY4bYFTqf4JbiuLcLE,459248640,0.45924864,65856
validator_history,HistoryJTGbKQD2mRgLZ3XhqHnN811Qpez8X9kCcGHoa,9f5BzSY6TF3CDYiaGswbMgHDr93yx4nWCUPrfyD4puqE,459248640,0.45924864,65856
validator_history,HistoryJTGbKQD2mRgLZ3XhqHnN811Qpez8X9kCcGHoa,BFgYeUUuEJBkGE2QTPJ1voDHiSm4oXc9jDqPM6nVgWQz,459248640,0.45924864,65856
validator_history,HistoryJTGbKQD2mRgLZ3XhqHnN811Qpez8X9kCcGHoa,HDsU5KyBExmMSS8s4vh78vsqsCHNm7HezD2mY57Kej6j,459248640,0.45924864,65856
validator_history,HistoryJTGbKQD2mRgLZ3XhqHnN811Qpez8X9kCcGHoa,CsbKBpcm1vGDQ365huT5hPpof2JSFsXLtpx3wsGgq2ub,459248640,0.45924864,65856
validator_history,HistoryJTGbKQD2mRgLZ3XhqHnN811Qpez8X9kCcGHoa,Hw5h5ZR4q2LEv3vyCxBmRZvnKPjT2EBtsZ3vqQWwYynr,459248640,0.45924864,65856
validator_history,HistoryJTGbKQD2mRgLZ3XhqHnN811Qpez8X9kCcGHoa,6v3QFkdqR4sWmnbBPWFamCHena4zrCNzxHq7QrbJsTB3,459248640,0.45924864,65856
validator_history,HistoryJTGbKQD2mRgLZ3XhqHnN811Qpez8X9kCcGHoa,DvdBWFsa94tBTe2vj5PNWEVunDnEFVjDzLWbVu2rKA7P,459248640,0.45924864,65856
validator_history,HistoryJTGbKQD2mRgLZ3XhqHnN811Qpez8X9kCcGHoa,HcLBDSJc2rUcmKEwdrLA76xtUmBYqz2f6TZhpufiX2bB,459248640,0.45924864,65856
validator_history,HistoryJTGbKQD2mRgLZ3XhqHnN811Qpez8X9kCcGHoa,3RmyhEVYVM1MDv6vERbZA6JaFbDARxMp4vnxsTpV656e,459248640,0.45924864,65856
validator_history,HistoryJTGbKQD2mRgLZ3XhqHnN811Qpez8X9kCcGHoa,DfvGo8wBuwaEKdYKJDN16KssqCyoMPZ6oumvWezCeEon,459248640,0.45924864,65856
validator_history,HistoryJTGbKQD2mRgLZ3XhqHnN811Qpez8X9kCcGHoa,DeiFjFXQPJkYPnUZzZKogJhaxFryWm6monyFzCq81stJ,459248640,0.45924864,65856
validator_history,HistoryJTGbKQD2mRgLZ3XhqHnN811Qpez8X9kCcGHoa,DK35sZ3ZQXv3NPo66pAbgwzveh8yrg19r4YnwENxuYhr,459248640,0.45924864,65856
validator_history,HistoryJTGbKQD2mRgLZ3XhqHnN811Qpez8X9kCcGHoa,J1zcudQiXdgDriQCiC3mLtiMV6WWYfLhZsyJgS5paWLA,459248640,0.45924864,65856
validator_history,HistoryJTGbKQD2mRgLZ3XhqHnN811Qpez8X9kCcGHoa,9ou2jkmkHfv4gfGB949R29B7rsQbQvCiZYq9TstrbAFv,459248640,0.45924864,65856
validator_history,HistoryJTGbKQD2mRgLZ3XhqHnN811Qpez8X9kCcGHoa,4BJmaAqGQE63twaYctiGzoAWtd3rkTVjjJqo2GqkcGs3,459248640,0.45924864,65856
validator_history,HistoryJTGbKQD2mRgLZ3XhqHnN811Qpez8X9kCcGHoa,FYp2e6c5SY1D9FQKqRZ2wJNBFyBbYk8uffnec68nHw83,459248640,0.45924864,65856
validator_history,HistoryJTGbKQD2mRgLZ3XhqHnN811Qpez8X9kCcGHoa,9ABcSV7TPrBQaAWFrNNBqe9cNcU2z9jv5vuF1DK7Kcxe,459248640,0.45924864,65856
validator_history,HistoryJTGbKQD2mRgLZ3XhqHnN811Qpez8X9kCcGHoa,CdX9EHwJEQuzkauACpJdD4oc6oL32FkGHoKrPHGnUuhD,459248640,0.45924864,65856
validator_history,HistoryJTGbKQD2mRgLZ3XhqHnN811Qpez8X9kCcGHoa,EgFAz853zxbqv5rZJuWAwzp2UuNmfiogHcjRXF3jVzLT,459248640,0.45924864,65856
validator_history,HistoryJTGbKQD2mRgLZ3XhqHnN811Qpez8X9kCcGHoa,BG3huLMjABpCZSaWfcobHmkAyYE4QApERXMAg8HYJv9J,459248640,0.45924864,65856
validator_history,HistoryJTGbKQD2mRgLZ3XhqHnN811Qpez8X9kCcGHoa,GCsnStcgEAYLb3K2unSvhYoW3sERzanBVba4ziXdZTXJ,459248640,0.45924864,65856
validator_history,HistoryJTGbKQD2mRgLZ3XhqHnN811Qpez8X9kCcGHoa,FiQbibD1mmVpUSn6Qi3AXnzetWHnJyNnC3NjeVoEwWGy,459248640,0.45924864,65856
validator_history,HistoryJTGbKQD2mRgLZ3XhqHnN811Qpez8X9kCcGHoa,HFn3amQkfUXBY12WCxGqkuYGLzG4eyCdLrbsPV16FAyB,459248640,0.45924864,65856
validator_history,HistoryJTGbKQD2mRgLZ3XhqHnN811Qpez8X9kCcGHoa,4La69uPyxHDp8BtSLYF3pRPibFNiA1QnMuukNNyQytTG,459248640,0.45924864,65856
validator_history,HistoryJTGbKQD2mRgLZ3XhqHnN811Qpez8X9kCcGHoa,DDZVDrxhebXQwEosi5Ah7LcjgUwfcK7ji2HfR7EnENmE,459248640,0.45924864,65856
validator_history,HistoryJTGbKQD2mRgLZ3XhqHnN811Qpez8X9kCcGHoa,GvJXh23ophhLRLzT3oKA47QaTpsaFiiw54qxu2LV2dtk,459248640,0.45924864,65856
validator_history,HistoryJTGbKQD2mRgLZ3XhqHnN811Qpez8X9kCcGHoa,2oLB9KMzsp1Ve7a8a4dj9NaZTSq93bJYXohi7bn5oAhM,459248640,0.45924864,65856
validator_history,HistoryJTGbKQD2mRgLZ3XhqHnN811Qpez8X9kCcGHoa,J465yZwDcC3gDgot5RFT4PeG9Rz8Vf3j7Yg6d63NFC5d,459248640,0.45924864,65856
validator_history,HistoryJTGbKQD2mRgLZ3XhqHnN811Qpez8X9kCcGHoa,2bw3Ausi6hH7xqP2hiWcWfcqjPcLaNdUqmfHvky7FPVm,459248640,0.45924864,65856
validator_history,HistoryJTGbKQD2mRgLZ3XhqHnN811Qpez8X9kCcGHoa,DhwE6iWvU658M6AyTjz3xYx8cYW9gQVnXLf2VFUQzUuD,459248640,0.45924864,65856
validator_history,HistoryJTGbKQD2mRgLZ3XhqHnN811Qpez8X9kCcGHoa,8RAUzmF4L261ceGxVTTVQcNJNXyLJ7WGsuoRxitNUEFd,459248640,0.45924864,65856
validator_history,HistoryJTGbKQD2mRgLZ3XhqHnN811Qpez8X9kCcGHoa,GJbVUP8pfACkao4mRFYuvsjJVmzveXdP9Ro8LXmQX5jx,459248640,0.45924864,65856
validator_history,HistoryJTGbKQD2mRgLZ3XhqHnN811Qpez8X9kCcGHoa,VfPfEUGat1msCyqWYkvfoWGopFfabGJmHf6zCGLwHkt,459248640,0.45924864,65856
validator_history,HistoryJTGbKQD2mRgLZ3XhqHnN811Qpez8X9kCcGHoa,QQRYqDZBjtpcQ7zLriEr2uFf8gaUprqw7fVUT9MpSkJ,459248640,0.45924864,65856
validator_history,HistoryJTGbKQD2mRgLZ3XhqHnN811Qpez8X9kCcGHoa,BDF1GpFjj3Luy1Zho3KctaY4TUgmYw52985uMdfBoMyA,459248640,0.45924864,65856
validator_history,HistoryJTGbKQD2mRgLZ3XhqHnN811Qpez8X9kCcGHoa,FTNap4sHzKbTiurQqAPFM2UsWTtgCJTs6puPaX7jWFJ5,459248640,0.45924864,65856
validator_history,HistoryJTGbKQD2mRgLZ3XhqHnN811Qpez8X9kCcGHoa,552bgDksK5ad3H5DtNDuBCkiVKsWsubjGDBKDU1jRsZB,459248640,0.45924864,65856
validator_history,HistoryJTGbKQD2mRgLZ3XhqHnN811Qpez8X9kCcGHoa,6ygsVZ2GYbkgcJJjT1AoAZqTDdm61UAB9AGwX7Sjozx,459248640,0.45924864,65856
validator_history,HistoryJTGbKQD2mRgLZ3XhqHnN811Qpez8X9kCcGHoa,DuPyVzcS4sS8xqza6UY6ztaNU6eKLpzQUEU21aC7ezuN,459248640,0.45924864,65856
validator_history,HistoryJTGbKQD2mRgLZ3XhqHnN811Qpez8X9kCcGHoa,FzznrGTLoqPWMayN8cd5jiqS3KThr4rY9YaQZMCeVdGc,459248640,0.45924864,65856
validator_history,HistoryJTGbKQD2mRgLZ3XhqHnN811Qpez8X9kCcGHoa,EAPR1W1z4rfSysaP8Y5zWAj2W118uTNvGZWVe32cqJ63,459248640,0.45924864,65856
validator_history,HistoryJTGbKQD2mRgLZ3XhqHnN811Qpez8X9kCcGHoa,GM9DZdNNJjgkh4t9Tnexn16aQoi1ktH9N2aDEKm9BbBV,459248640,0.45924864,65856
validator_history,HistoryJTGbKQD2mRgLZ3XhqHnN811Qpez8X9kCcGHoa,GYa9hXyx1dCVfTsuNj4BEsEmuzykN1CoHirxoXcKQeD2,459248640,0.45924864,65856
validator_history,HistoryJTGbKQD2mRgLZ3XhqHnN811Qpez8X9kCcGHoa,69JGge662dEMh9ZAwAG3Reafy2yA4ZNk29foLXx6P3R1,459248640,0.45924864,65856
validator_history,HistoryJTGbKQD2mRgLZ3XhqHnN811Qpez8X9kCcGHoa,yUW4GZUGHaP5cae1wATgAtSDmgSSeR7cywFp17m7cS5,459248640,0.45924864,65856
validator_history,HistoryJTGbKQD2mRgLZ3XhqHnN811Qpez8X9kCcGHoa,EbrrpHFRcdEXpyUzsAXhLXfcqEUGJbhUcGAsjSG9BreA,459248640,0.45924864,65856
validator_history,HistoryJTGbKQD2mRgLZ3XhqHnN811Qpez8X9kCcGHoa,ALfp64P93FQqwipYwBQN63ZvPq52q1qq2jKkLNpWXKrt,459248640,0.45924864,65856
validator_history,HistoryJTGbKQD2mRgLZ3XhqHnN811Qpez8X9kCcGHoa,FnxXYzzPTpRxgyNFNAGsyYV3NZomnztmDP8qAmgSBqYQ,459248640,0.45924864,65856
validator_history,HistoryJTGbKQD2mRgLZ3XhqHnN811Qpez8X9kCcGHoa,ERDbn29d1xoGd2ngSPsvLV9DJvcjQDkZhzuBmMXEkRMa,459248640,0.45924864,65856
validator_history,HistoryJTGbKQD2mRgLZ3XhqHnN811Qpez8X9kCcGHoa,8iuxHJhMxeATeZ4yy3A11K1oGS8nPLceDZZD4ZrBqTrb,459248640,0.45924864,65856
vault,Vau1t6sLNxnzB7ZDsef8TLbPLfyZMYXH8WTNqUdm9g8,D7pmsboRpNDwP2w9KZvu9394ThfGMvynA8hn63Zpd1hZ,3563520,0.00356352,384
vault,Vau1t6sLNxnzB7ZDsef8TLbPLfyZMYXH8WTNqUdm9g8,J2yyyFPdXcLeJdugYMNujxAA5ebpFMfNt19sGAc1cHRa,3563520,0.00356352,384
vault,Vau1t6sLNxnzB7ZDsef8TLbPLfyZMYXH8WTNqUdm9g8,C4bkPr9DYew7rn5Utu6TXBLSoX3WxEgUMj26QAWMNQY2,5289600,0.0052896,632
vault,Vau1t6sLNxnzB7ZDsef8TLbPLfyZMYXH8WTNqUdm9g8,EYkdD61v4rV4YA4Lozr83YFipVk2jgbqFs2tn4LTKwYw,3563520,0.00356352,384
vault,Vau1t6sLNxnzB7ZDsef8TLbPLfyZMYXH8WTNqUdm9g8,HSyAH4zL5U4qaWmnwCECv6K3qiXU43FcAUMf9ggEiaT6,3563520,0.00356352,384
vault,Vau1t6sLNxnzB7ZDsef8TLbPLfyZMYXH8WTNqUdm9g8,6Vyk12BxF6SsRUXM1CetDbeGT66zttJQgaYZxBzbNsKQ,3563520,0.00356352,384
vault,Vau1t6sLNxnzB7ZDsef8TLbPLfyZMYXH8WTNqUdm9g8,7uBQdEGtttnRphUYzu4g83spTbcorhg4TmxKGEgJo2vA,3563520,0.00356352,384
vault,Vau1t6sLNxnzB7ZDsef8TLbPLfyZMYXH8WTNqUdm9g8,og7v4ThcEumN9WR9iBMSFf6dawa8JBB9CabStVTekHV,3563520,0.00356352,384
vault,Vau1t6sLNxnzB7ZDsef8TLbPLfyZMYXH8WTNqUdm9g8,EueyQnHFShKkmERVWrfkXVfN5sHewWFoHdQeYd3sUs6F,3619200,0.0036192,392
vault,Vau1t6sLNxnzB7ZDsef8TLbPLfyZMYXH8WTNqUdm9g8,AhjHM3iWM6e285kK6ysx8XDWhtPqdNNZ7hx3hvcgZQH4,3563520,0.00356352,384
vault,Vau1t6sLNxnzB7ZDsef8TLbPLfyZMYXH8WTNqUdm9g8,ANdXkwHetNYfgMiN1oqEJMcwmP8YKqBmft1PkVPWDLia,3563520,0.00356352,384
vault,Vau1t6sLNxnzB7ZDsef8TLbPLfyZMYXH8WTNqUdm9g8,3hbDFHhsNPR7KVtEGh9QJoVnJrXM1nzVbWvn4XtkqD43,3563520,0.00356352,384
vault,Vau1t6sLNxnzB7ZDsef8TLbPLfyZMYXH8WTNqUdm9g8,F3jGtAf1PLSYjuu9BCsCU87gj2PFaQXQGgbqeWMGjpqf,3563520,0.00356352,384
vault,Vau1t6sLNxnzB7ZDsef8TLbPLfyZMYXH8WTNqUdm9g8,9y5E7hnifWnzVJBpC4a3KHu1dvxTQATciA5WoULEqQ5B,3563520,0.00356352,384
vault,Vau1t6sLNxnzB7ZDsef8TLbPLfyZMYXH8WTNqUdm9g8,jkHHVMhQefVuEiFKEyEZgcDZoXv8ZZyjUiK11e61oVY,8623440,0.00862344,1111
vault,Vau1t6sLNxnzB7ZDsef8TLbPLfyZMYXH8WTNqUdm9g8,G1akhSnHu66S3WntESDHa8PVwsJPBELQtog1m3gDW2jm,3563520,0.00356352,384
vault,Vau1t6sLNxnzB7ZDsef8TLbPLfyZMYXH8WTNqUdm9g8,DZXTH7r5Y1h4S5K39Sp6YCfeW8qYNuV6qhmNnwZJdHWB,3563520,0.00356352,384
vault,Vau1t6sLNxnzB7ZDsef8TLbPLfyZMYXH8WTNqUdm9g8,E6KBP5nhuJZnNcGJwDdbk6mNyQZWWyEzR3PBu6HegFsV,9067618,0.009067618,1111
vault,Vau1t6sLNxnzB7ZDsef8TLbPLfyZMYXH8WTNqUdm9g8,EbdnX2STJCtq1Da4RxRiHStwaVCzyDhT2YvS3HXT5KDG,3563520,0.00356352,384
vault,Vau1t6sLNxnzB7ZDsef8TLbPLfyZMYXH8WTNqUdm9g8,5f3EakaH9sw5KjgqVkNrfSoKCwrah8KmjojpUBbXxL6b,3563520,0.00356352,384
vault,Vau1t6sLNxnzB7ZDsef8TLbPLfyZMYXH8WTNqUdm9g8,ExFLkxvdg58WYM7WTmrbN9YXirVU6beDr94ztKc4ouLi,3563520,0.00356352,384
vault,Vau1t6sLNxnzB7ZDsef8TLbPLfyZMYXH8WTNqUdm9g8,2LqyARSV47UUkbw2UeCtFNie8TUwTGbSyoNFi4wP2EUN,3563520,0.00356352,384
vault,Vau1t6sLNxnzB7ZDsef8TLbPLfyZMYXH8WTNqUdm9g8,7hNgPTL5jFhCYFmoQmyq6h6R6MJw2ahyGbpQYxEN3PF,3619200,0.0036192,392
vault,Vau1t6sLNxnzB7ZDsef8TLbPLfyZMYXH8WTNqUdm9g8,ES3AMwkQ7w4s41fcs1hKifEU1sKZ25X6RLZJNPAi12Nt,3563520,0.00356352,384
vault,Vau1t6sLNxnzB7ZDsef8TLbPLfyZMYXH8WTNqUdm9g8,4ziZxYQcjZSpCPByJk5gUNtJTddKXzLZHZJ8gCDXa7Cv,5289600,0.0052896,632
vault,Vau1t6sLNxnzB7ZDsef8TLbPLfyZMYXH8WTNqUdm9g8,B7cFnCb56vEwd9axymgBUw9NLpstiLvtd3ukMKrbTaYG,3563520,0.00356352,384
vault,Vau1t6sLNxnzB7ZDsef8TLbPLfyZMYXH8WTNqUdm9g8,C5zZwEC1eFcVsDQjnvZEerZDTsJvhQL3FmP9ghEZ9FkG,3563520,0.00356352,384
vault,Vau1t6sLNxnzB7ZDsef8TLbPLfyZMYXH8WTNqUdm9g8,5zAxVrgQJNKeMfbCRT5UPDZREcYVCHoe5yXpXjUGYBj9,3563520,0.00356352,384
vault,Vau1t6sLNxnzB7ZDsef8TLbPLfyZMYXH8WTNqUdm9g8,7bEoYDvM2369uHbaM8cJcZvD5ghFf7tX2TzGVHYktAhx,3563520,0.00356352,384
vault,Vau1t6sLNxnzB7ZDsef8TLbPLfyZMYXH8WTNqUdm9g8,GdrUsiZNkyxmSyyZdHJnf1ZcBbyWnXhjFBcxqYrKk31m,3563520,0.00356352,384
vault,Vau1t6sLNxnzB7ZDsef8TLbPLfyZMYXH8WTNqUdm9g8,4bREEPL7X1GDjQXqNU2hC3KhPh95omdDtTpSEFY8wFYu,3563520,0.00356352,384
vault,Vau1t6sLNxnzB7ZDsef8TLbPLfyZMYXH8WTNqUdm9g8,FveaXq5ZjYCYE23LLYSWXJDzrBNLR5gJyM4QSkTVGHZj,3563520,0.00356352,384
vault,Vau1t6sLNxnzB7ZDsef8TLbPLfyZMYXH8WTNqUdm9g8,FMQRWvPz9ZWgV6Ypov1D9MMZ5gu5eNiW5mA6SFkDy5te,3563520,0.00356352,384
vault,Vau1t6sLNxnzB7ZDsef8TLbPLfyZMYXH8WTNqUdm9g8,DHpS5REX2zA9MMqnys9mqvzCytV61y179HJN1QYipt2G,3563520,0.00356352,384
vault,Vau1t6sLNxnzB7ZDsef8TLbPLfyZMYXH8WTNqUdm9g8,DGtSzp1CWU65PvvuUUnJ4WUxpfvB4PsN1Gr7pJnXRRTH,3563520,0.00356352,384
vault,Vau1t6sLNxnzB7ZDsef8TLbPLfyZMYXH8WTNqUdm9g8,852bS7o2JyV19pjVJSUY5cjgafjko37tbhk96QrUKVuS,3563520,0.00356352,384
vault,Vau1t6sLNxnzB7ZDsef8TLbPLfyZMYXH8WTNqUdm9g8,2MaMNzCBvqK8xakMbrtzV2Rr22Yw7LcF3kNvK3tRqf3a,3563520,0.00356352,384
vault,Vau1t6sLNxnzB7ZDsef8TLbPLfyZMYXH8WTNqUdm9g8,AF9Vctj6QMcSM4EUtU9fwmJ9zi51j7inKY4HpRp67SuP,3563520,0.00356352,384
vault,Vau1t6sLNxnzB7ZDsef8TLbPLfyZMYXH8WTNqUdm9g8,6Wfa1E1opkGb4jn6HJNhgTp6jCn3SLm2S4E9L7FR1811,3563520,0.00356352,384
vault,Vau1t6sLNxnzB7ZDsef8TLbPLfyZMYXH8WTNqUdm9g8,BErtPb8QthjHnyn1wN5uQ1EsQjYcFk6KT8xRox6RnJgr,3563520,0.00356352,384
vault,Vau1t6sLNxnzB7ZDsef8TLbPLfyZMYXH8WTNqUdm9g8,AqL9jGDGx8E3HacnvDmaS83GVKYVKFYZ4s1KASP9PaNC,3563520,0.00356352,384
vault,Vau1t6sLNxnzB7ZDsef8TLbPLfyZMYXH8WTNqUdm9g8,4W4gTLi49tZFSsvniqmk4mmEnGQNsXTSFgib8WidCqSB,5289600,0.0052896,632
vault,Vau1t6sLNxnzB7ZDsef8TLbPLfyZMYXH8WTNqUdm9g8,5EotApk7SGVuka3EZwVsryWDcaBnGS32j9PBdQLhAdyk,3563520,0.00356352,384
vault,Vau1t6sLNxnzB7ZDsef8TLbPLfyZMYXH8WTNqUdm9g8,7Y9XaR7SedJtkaptTkiPx1JFYiXS4Ak3HcX3FBVA4kR,3563520,0.00356352,384
vault,Vau1t6sLNxnzB7ZDsef8TLbPLfyZMYXH8WTNqUdm9g8,6gN9EG98Qugn1kKV37SjNTiLz7kKrDcxGVrX5ncNvFL,3563520,0.00356352,384
vault,Vau1t6sLNxnzB7ZDsef8TLbPLfyZMYXH8WTNqUdm9g8,MExPPvMisEahekDzQjB5ZgcH61VmCA86LfXqHPw5Djh,3563520,0.00356352,384
vault,Vau1t6sLNxnzB7ZDsef8TLbPLfyZMYXH8WTNqUdm9g8,GqnWTF2DrAot9YNtSkRkaTHZXv3BLr1XMZnQHJFgXq3u,3563520,0.00356352,384
vault,Vau1t6sLNxnzB7ZDsef8TLbPLfyZMYXH8WTNqUdm9g8,E7m7oF5Mmtzg2AyLZATuh7wyJLactmy4h4VCai3cSvyo,3563520,0.00356352,384
vault,Vau1t6sLNxnzB7ZDsef8TLbPLfyZMYXH8WTNqUdm9g8,81cnNigzvxFSWR2cR6ULFzGnX8Cae42nSaNtNP49auv8,3563520,0.00356352,384
vault,Vau1t6sLNxnzB7ZDsef8TLbPLfyZMYXH8WTNqUdm9g8,GVfuK8dbtRXBaSi5FyUNLuvzVqPiGV1VDEeSJ9ubgpG8,3563520,0.00356352,384
vault,Vau1t6sLNxnzB7ZDsef8TLbPLfyZMYXH8WTNqUdm9g8,H67s2KSUo4J2pFKiQRCegpn42f92VFbx5ijW2ibXPEjv,3563520,0.00356352,384
vault,Vau1t6sLNxnzB7ZDsef8TLbPLfyZMYXH8WTNqUdm9g8,Aks7HwBhkgbWXpySrKzKQ2jZUDgFCYvYxdRX7FxW1NGU,3563520,0.00356352,384
vault,Vau1t6sLNxnzB7ZDsef8TLbPLfyZMYXH8WTNqUdm9g8,HRWuPyFzy5ygvV4tLAEbvcyBNVNyC8VUCSBh4yg7kYGQ,3563520,0.00356352,384
vault,Vau1t6sLNxnzB7ZDsef8TLbPLfyZMYXH8WTNqUdm9g8,ZJKC3K2KxxxXcNCSNHiFZkxbiU4ZdS5LqKZW9QbKnNZ,3563520,0.00356352,384
vault,Vau1t6sLNxnzB7ZDsef8TLbPLfyZMYXH8WTNqUdm9g8,taeyeLLwV8CJJuY7ssyiWB6JKSSK3FUP1BqYBhCfZ1m,3563520,0.00356352,384
vault,Vau1t6sLNxnzB7ZDsef8TLbPLfyZMYXH8WTNqUdm9g8,2euVWhDwEf7AYe2VkKr9UMLAAEAJyC2FAh7NsYErUDVX,3563520,0.00356352,384
vault,Vau1t6sLNxnzB7ZDsef8TLbPLfyZMYXH8WTNqUdm9g8,3aHWWQT9anzPkj1YnJZN2EVWm6ew24P1fT8gNJyWy9dX,3563520,0.00356352,384
vault,Vau1t6sLNxnzB7ZDsef8TLbPLfyZMYXH8WTNqUdm9g8,DPQBYo7FsT4RnHtaL5TXC9PfCQj3aZ8KwjYNoPvAbuS7,3563520,0.00356352,384
vault,Vau1t6sLNxnzB7ZDsef8TLbPLfyZMYXH8WTNqUdm9g8,9Uqpe2ZFr9h8vpE19aB9sk65yCFfHRY8aii2oLoFrufs,3563520,0.00356352,384
vault,Vau1t6sLNxnzB7ZDsef8TLbPLfyZMYXH8WTNqUdm9g8,4j2AhQdRNhmqL6C1UsyFwkhVHYA9FNXQinyPBheLbkRy,3563520,0.00356352,384
vault,Vau1t6sLNxnzB7ZDsef8TLbPLfyZMYXH8WTNqUdm9g8,9heP7MRrkfUigbtzKhNT8G3PZPfAW1NbCUEUFX6cBjjb,3563520,0.00356352,384
vault,Vau1t6sLNxnzB7ZDsef8TLbPLfyZMYXH8WTNqUdm9g8,6e66NMFEZxftgB8STMP5wX5jyzDFqB67iqbDBYz7WZ68,3563520,0.00356352,384
vault,Vau1t6sLNxnzB7ZDsef8TLbPLfyZMYXH8WTNqUdm9g8,4AuHSth6mpZdhtUiE8TBFhx8niMszdYKuRpzRALdA7cw,3563520,0.00356352,384
vault,Vau1t6sLNxnzB7ZDsef8TLbPLfyZMYXH8WTNqUdm9g8,2z4K3GmvVriEQQDqzm6FZPQmosTavhxrc6CeUTwxpjSf,3563520,0.00356352,384
vault,Vau1t6sLNxnzB7ZDsef8TLbPLfyZMYXH8WTNqUdm9g8,7WHad7h2ZxPG5Wfnx4GdENzXSK2NE24RKjtEAkrAuQNh,3563520,0.00356352,384
vault,Vau1t6sLNxnzB7ZDsef8TLbPLfyZMYXH8WTNqUdm9g8,3dpGFBzMMWbzPUQsWQ4wsEjZbMKnUrofCxmEnn41cA6k,3563520,0.00356352,384
vault,Vau1t6sLNxnzB7ZDsef8TLbPLfyZMYXH8WTNqUdm9g8,HwHevqAVad8hqWGiiCxteCTXAKhWHEnp2g8dBszmgtLY,3563520,0.00356352,384
vault,Vau1t6sLNxnzB7ZDsef8TLbPLfyZMYXH8WTNqUdm9g8,CzgUesNBFaHUZeSzJoHx2HNjxevAncspZ2ZmkHApC14s,3563520,0.00356352,384
vault,Vau1t6sLNxnzB7ZDsef8TLbPLfyZMYXH8WTNqUdm9g8,E5GBRMtkkKEBsw1KqAYEm7wrdJNSh17ySsU18E9nkrWY,3563520,0.00356352,384
vault,Vau1t6sLNxnzB7ZDsef8TLbPLfyZMYXH8WTNqUdm9g8,2sWMNw2jM17ChSzpcADQfe4CinxYiHKP1L3GzTk4ZLwD,3563520,0.00356352,384
vault,Vau1t6sLNxnzB7ZDsef8TLbPLfyZMYXH8WTNqUdm9g8,FxpqRaUpS4UW6QXF8StNWyB35tEW5PjscHAaTWZYa9sM,3563520,0.00356352,384
vault,Vau1t6sLNxnzB7ZDsef8TLbPLfyZMYXH8WTNqUdm9g8,E85EWAJs7HqCUmofjWvpuhhwfEy7d5utfzythmLZR6Wi,3563520,0.00356352,384
vault,Vau1t6sLNxnzB7ZDsef8TLbPLfyZMYXH8WTNqUdm9g8,6RZztxFF7MhA9fFLzdfdpw8yoNMzS2hVeKkbnPsvx4Jj,3563520,0.00356352,384
vault,Vau1t6sLNxnzB7ZDsef8TLbPLfyZMYXH8WTNqUdm9g8,AuqKhg7UAL8Yh3SuBvWnsCA8BhqrSXrvFc452qZupxXn,3563520,0.00356352,384
vault,Vau1t6sLNxnzB7ZDsef8TLbPLfyZMYXH8WTNqUdm9g8,3UNeRZMtyhrkTcroSN83q4as5SkPt5hDTKDPci1PZDFW,3563520,0.00356352,384
vault,Vau1t6sLNxnzB7ZDsef8TLbPLfyZMYXH8WTNqUdm9g8,EqcpW38zSrjQYvp6djAVTF51cKsugxqvhv8JKe86si3G,3563520,0.00356352,384
vault,Vau1t6sLNxnzB7ZDsef8TLbPLfyZMYXH8WTNqUdm9g8,2oAzWkUZ7AHkw9FEpvHtyLwLoHuuSvLgJhuvUFraydju,3563520,0.00356352,384
vault,Vau1t6sLNxnzB7ZDsef8TLbPLfyZMYXH8WTNqUdm9g8,3FoaH9ros66xCh3aPEg5wGYbsaHE4bfqAKYVB9eNdPAt,3563520,0.00356352,384
vault,Vau1t6sLNxnzB7ZDsef8TLbPLfyZMYXH8WTNqUdm9g8,3c85BdYLxk8pGLu3pWf1UVEsWiQNB3qNKpgnVgJak6oa,3563520,0.00356352,384
vault,Vau1t6sLNxnzB7ZDsef8TLbPLfyZMYXH8WTNqUdm9g8,758ja55MutSDVrNkuSp1E282tLx2QwaVoZvFyJDwWaWT,3563520,0.00356352,384
vault,Vau1t6sLNxnzB7ZDsef8TLbPLfyZMYXH8WTNqUdm9g8,B2NmVYmZNxVXeziF6XmuPQazYHJiYw5hqkAsba6VXR6Q,3563520,0.00356352,384
vault,Vau1t6sLNxnzB7ZDsef8TLbPLfyZMYXH8WTNqUdm9g8,5d9ftxiqBS2pBAjdENXaDPNU7ii9MZA9x3CMFatSpXme,3563520,0.00356352,384
vault,Vau1t6sLNxnzB7ZDsef8TLbPLfyZMYXH8WTNqUdm9g8,DRJRBzZCidFWD6MobQYsvhigLQu5QrJKSBKYL1LfstSr,3563520,0.00356352,384
vault,Vau1t6sLNxnzB7ZDsef8TLbPLfyZMYXH8WTNqUdm9g8,DXYytBhi5ahWgZD65Ln4qt3DrYBML16CRht1rzirLv5D,3563520,0.00356352,384
vault,Vau1t6sLNxnzB7ZDsef8TLbPLfyZMYXH8WTNqUdm9g8,Fz8HFYh4vwwNcamViXKmpWpzMwH7DxPbCfx15cqZwQys,3563520,0.00356352,384
vault,Vau1t6sLNxnzB7ZDsef8TLbPLfyZMYXH8WTNqUdm9g8,6Ua7kiAoUth5zjV982TB3BFK8amBKvj8ukGPdkBhrs3h,3563520,0.00356352,384
vault,Vau1t6sLNxnzB7ZDsef8TLbPLfyZMYXH8WTNqUdm9g8,1AKa7hLv9ac9mS22JfitnJ1R44GoXoBzWaC7S333w6d,3563520,0.00356352,384
vault,Vau1t6sLNxnzB7ZDsef8TLbPLfyZMYXH8WTNqUdm9g8,7xm4zeGmYqTLYhjUJcGb4zMLJLcfrZEMUXASMXmMjKcp,3563520,0.00356352,384
vault,Vau1t6sLNxnzB7ZDsef8TLbPLfyZMYXH8WTNqUdm9g8,E4cfHmSqRasraVLMgTz97dBtyXbmM8DKLDCTTayAj2o7,3563520,0.00356352,384
vault,Vau1t6sLNxnzB7ZDsef8TLbPLfyZMYXH8WTNqUdm9g8,5kdYsqn9E1DbB1tcayUPWtrqmoqsrFFt3rsbvRXkNTmt,3563520,0.00356352,384
vault,Vau1t6sLNxnzB7ZDsef8TLbPLfyZMYXH8WTNqUdm9g8,842y16dAzkXUSeJ6epnfoCw61A3JYfeHsNUXikSFakAW,3563520,0.00356352,384
vault,Vau1t6sLNxnzB7ZDsef8TLbPLfyZMYXH8WTNqUdm9g8,6TT5qGrq93qGK7JKggn2WXyixMt1D7bMXWtSkRXEuZT9,3563520,0.00356352,384
vault,Vau1t6sLNxnzB7ZDsef8TLbPLfyZMYXH8WTNqUdm9g8,78M1tVm2A8krv9BgQrNxz4Z7cmksstqPaa7uMBNemmnp,3563520,0.00356352,384
vault,Vau1t6sLNxnzB7ZDsef8TLbPLfyZMYXH8WTNqUdm9g8,7YG56Xhx8EiGkTfUmnvbMfYpa8qjKVEVXH4uKzo1mKME,3563520,0.00356352,384
vault,Vau1t6sLNxnzB7ZDsef8TLbPLfyZMYXH8WTNqUdm9g8,36GcJuT9saXPEqZe6dXjFcamrH95zbjVHAGxSrYphvFW,5289600,0.0052896,632
vault,Vau1t6sLNxnzB7ZDsef8TLbPLfyZMYXH8WTNqUdm9g8,MCe6h3MM8ZqM7d5VeHoHcVmtWn29gRMooQyKpBGvYEw,3563520,0.00356352,384
vault,Vau1t6sLNxnzB7ZDsef8TLbPLfyZMYXH8WTNqUdm9g8,5QKXZ9Ac3n99CjS4BSV1oqEx7xqjneYNqaCJ79nMveT3,3563520,0.00356352,384
vault,Vau1t6sLNxnzB7ZDsef8TLbPLfyZMYXH8WTNqUdm9g8,6K4veuuC6LDSByjVZ7bJApEcuwPDywUeHkw7MEd8w5j8,3563520,0.00356352,384
vault,Vau1t6sLNxnzB7ZDsef8TLbPLfyZMYXH8WTNqUdm9g8,9kQMPqAhqVJGoFZEbyz3TfXhzzNBQwmL8WQ8Ef7zCRnt,3563520,0.00356352,384
vault,Vau1t6sLNxnzB7ZDsef8TLbPLfyZMYXH8WTNqUdm9g8,2jqmCUUdVvux8dh1ydZ1GPkH8hW3WGK7QMrJiJC2QSyb,3563520,0.00356352,384
vault,Vau1t6sLNxnzB7ZDsef8TLbPLfyZMYXH8WTNqUdm9g8,3StfAN44TotvKwbAdgq46jfkiuRLBywx7oRxSZFRxgLa,3563520,0.00356352,384
vault,Vau1t6sLNxnzB7ZDsef8TLbPLfyZMYXH8WTNqUdm9g8,961vsuTbjZtR4A8nskaSLwTQVExoJ5XCRXX77wpuhntz,5289600,0.0052896,632
vault,Vau1t6sLNxnzB7ZDsef8TLbPLfyZMYXH8WTNqUdm9g8,BxjbbzY9pEATg49TNL9VCpwVLkrS4ou4occ1FwRqaJUY,3563520,0.00356352,384
vault,Vau1t6sLNxnzB7ZDsef8TLbPLfyZMYXH8WTNqUdm9g8,3mEgQrmU38E1ByDeAUM6x4CrD8bQCbN6hVQKFyt7yoNw,3563520,0.00356352,384
vault,Vau1t6sLNxnzB7ZDsef8TLbPLfyZMYXH8WTNqUdm9g8,3gDuaUwjgo79woXugSvkmXWsdW1M3cXeFnQScU2Jea8g,5289600,0.0052896,632
vault,Vau1t6sLNxnzB7ZDsef8TLbPLfyZMYXH8WTNqUdm9g8,HNzfg5P8CHSFFdxbkP85oY6D3vHsnFuaFjvds7fDDNB6,3563520,0.00356352,384
vault,Vau1t6sLNxnzB7ZDsef8TLbPLfyZMYXH8WTNqUdm9g8,GGNx8gvUGPQJhgv7t1RRgwz9RSgrXizUS9vq1Gn8oQrj,3563520,0.00356352,384
vault,Vau1t6sLNxnzB7ZDsef8TLbPLfyZMYXH8WTNqUdm9g8,G2MJsGnTH6umgHGBoZSuVwW5s9GasGzEK5SnezYrQ1y1,3563520,0.00356352,384
vault,Vau1t6sLNxnzB7ZDsef8TLbPLfyZMYXH8WTNqUdm9g8,C33WcgigqqgF8DVTHmwCouKTh2x6tCkQxipeS8Y6MTxx,3563520,0.00356352,384
vault,Vau1t6sLNxnzB7ZDsef8TLbPLfyZMYXH8WTNqUdm9g8,78AyFovjGrJ2msGErcdmnjNZJR7SVquo6NHyconSjDpn,3563520,0.00356352,384
vault,Vau1t6sLNxnzB7ZDsef8TLbPLfyZMYXH8WTNqUdm9g8,AdhW97ELvcD2yGb69PPdY6vYUY28mYXbvPMtpQteg8NE,3563520,0.00356352,384
vault,Vau1t6sLNxnzB7ZDsef8TLbPLfyZMYXH8WTNqUdm9g8,8waM4vvH9EH2ECVjXJVkoDfnkyat6B9Wc8C4Zve7771k,3563520,0.00356352,384
vault,Vau1t6sLNxnzB7ZDsef8TLbPLfyZMYXH8WTNqUdm9g8,7GkdEdGDUqH9Ny9fnhPLnCjHhPoMEhjjazdbceCozTTe,3619200,0.0036192,392
vault,Vau1t6sLNxnzB7ZDsef8TLbPLfyZMYXH8WTNqUdm9g8,Bwi3DnDTuQW2BAoEbDr7CAjm1FSjRkbsJEDuBCwp7PqH,3563520,0.00356352,384
vault,Vau1t6sLNxnzB7ZDsef8TLbPLfyZMYXH8WTNqUdm9g8,6HYq9yoB16Rry2a4hNp4yqvz5hQ1toLX2fjjPuMi7uiD,3563520,0.00356352,384
vault,Vau1t6sLNxnzB7ZDsef8TLbPLfyZMYXH8WTNqUdm9g8,FGMiqdZLMvXUithztM9KAo3pm6omur7KxQjkADiT5LBk,3563520,0.00356352,384
vault,Vau1t6sLNxnzB7ZDsef8TLbPLfyZMYXH8WTNqUdm9g8,CzfMmqcPXTACR5J1v9PQRU1Lo2ACKXJKJAWyj2gT7rAn,3563520,0.00356352,384
vault,Vau1t6sLNxnzB7ZDsef8TLbPLfyZMYXH8WTNqUdm9g8,6HV2o1ZjRYSDsNSnpTphUxfpFBL6rgV4EoqF5SqkanMa,3563520,0.00356352,384
vault,Vau1t6sLNxnzB7ZDsef8TLbPLfyZMYXH8WTNqUdm9g8,4pSdX3eZTHKLMqpQPwcRfH51W9q8L4XarAUcNwVw9g7K,3563520,0.00356352,384
vault,Vau1t6sLNxnzB7ZDsef8TLbPLfyZMYXH8WTNqUdm9g8,6FQd2w8BWHZheRo9Erc1bF5MGTM2xHV4qJ5hS2Wgjpw6,3563520,0.00356352,384
vault,Vau1t6sLNxnzB7ZDsef8TLbPLfyZMYXH8WTNqUdm9g8,ARvoPbs6EWHtsSEKnpsjdjZuc5ygPdcP5ywPK3Dq9iA8,3563520,0.00356352,384
vault,Vau1t6sLNxnzB7ZDsef8TLbPLfyZMYXH8WTNqUdm9g8,Hcp2AmQkxoAwjrJv9rVYoSf6qWtf4ZYQhbiqNyKmfL7L,3563520,0.00356352,384
vault,Vau1t6sLNxnzB7ZDsef8TLbPLfyZMYXH8WTNqUdm9g8,3Wv7PUgCf2sCiM7zBEHnGaE8vVARTjk85VF2MmNoTiEW,3563520,0.00356352,384
vault,Vau1t6sLNxnzB7ZDsef8TLbPLfyZMYXH8WTNqUdm9g8,F6QmUMSWHpRYXzPK8fF9sVLSqq1pv2VP5T12XVcPFUR,3563520,0.00356352,384
vault,Vau1t6sLNxnzB7ZDsef8TLbPLfyZMYXH8WTNqUdm9g8,6R2Zqd222WLWffmhnwRYSeL3FrToWRtVPuzked3tiEj4,3563520,0.00356352,384
vault,Vau1t6sLNxnzB7ZDsef8TLbPLfyZMYXH8WTNqUdm9g8,8to7S6vSQpCzWeUxpDqyrJKRSn9QRY664gwkUFHSXR8P,3563520,0.00356352,384
vault,Vau1t6sLNxnzB7ZDsef8TLbPLfyZMYXH8WTNqUdm9g8,37hs1yuGwLiYcHsksmQs8FyPP7RsEhxFuS6rbHXCwaw7,3563520,0.00356352,384
vault,Vau1t6sLNxnzB7ZDsef8TLbPLfyZMYXH8WTNqUdm9g8,7zc84WC7sbZFs9Sm1HgbuF8zQNwkJyEoavcLVzQogWNU,3563520,0.00356352,384
vault,Vau1t6sLNxnzB7ZDsef8TLbPLfyZMYXH8WTNqUdm9g8,Ca2V27Wm6KfhML5QFzShwrzbccJhBG33Gh6bJmShozEC,3563520,0.00356352,384
vault,Vau1t6sLNxnzB7ZDsef8TLbPLfyZMYXH8WTNqUdm9g8,of5v8T1GcYVKHSS8V6UMvfBpVKjAGhTDYs1wzsmWGQA,8623440,0.00862344,1111
vault,Vau1t6sLNxnzB7ZDsef8TLbPLfyZMYXH8WTNqUdm9g8,HjNFSgBEnSEeGJyLBt19MazgGCWLPRz3jawy5rYVM6wi,3563520,0.00356352,384
vault,Vau1t6sLNxnzB7ZDsef8TLbPLfyZMYXH8WTNqUdm9g8,FdUBSzwd2cwTxqxKSHPyfWrSCVRZVzudYhknJK4XEu8i,3563520,0.00356352,384
vault,Vau1t6sLNxnzB7ZDsef8TLbPLfyZMYXH8WTNqUdm9g8,4vLqMuKCG33BHjRnzxjrbY2BnV4gxpSjXp2twcpc1yYs,3563520,0.00356352,384
vault,Vau1t6sLNxnzB7ZDsef8TLbPLfyZMYXH8WTNqUdm9g8,HvDGnqGo5EM5pfZFWswpKBQBwvBEjiN9JX6VGd8NThPe,3563520,0.00356352,384
vault,Vau1t6sLNxnzB7ZDsef8TLbPLfyZMYXH8WTNqUdm9g8,9537JqbjNXDJFiajyM486q63ZQfuBXf3jyAeSAc5E9d1,3563520,0.00356352,384
vault,Vau1t6sLNxnzB7ZDsef8TLbPLfyZMYXH8WTNqUdm9g8,2Krmd5R2qSbv6H52Y7wXyF3K4MWS6YRcTAzpLzHAyR4M,3563520,0.00356352,384
vault,Vau1t6sLNxnzB7ZDsef8TLbPLfyZMYXH8WTNqUdm9g8,9hzSbjCZNc1aMB5ZYxUTJFoNnoSorGvk6EfeuZjfhkCK,3563520,0.00356352,384
vault,Vau1t6sLNxnzB7ZDsef8TLbPLfyZMYXH8WTNqUdm9g8,Do2GDbwtqZacXbLWBvqEL5dNVw6DYVz9jGW77nBerHW2,3563520,0.00356352,384
vault,Vau1t6sLNxnzB7ZDsef8TLbPLfyZMYXH8WTNqUdm9g8,H9jS94tU8TWxYZFchVbNAfTXMzuv5fhgE46xuQfQgMxP,3563520,0.00356352,384
vault,Vau1t6sLNxnzB7ZDsef8TLbPLfyZMYXH8WTNqUdm9g8,BrmDriNXzqDh5Wa6WTT1aBo6D5d5Nkw9XPczUhRqBSaW,3563520,0.00356352,384
vault,Vau1t6sLNxnzB7ZDsef8TLbPLfyZMYXH8WTNqUdm9g8,FQ1JtsehRn5HxxGq8zEjnK8eKxvL1E9FioKNHRVAbEQm,3563520,0.00356352,384
vault,Vau1t6sLNxnzB7ZDsef8TLbPLfyZMYXH8WTNqUdm9g8,9VYUrueCcLbeam5qj74oLacp9XyAwTU8iYAHHhjbkH3e,3563520,0.00356352,384
vault,Vau1t6sLNxnzB7ZDsef8TLbPLfyZMYXH8WTNqUdm9g8,FJUb8Hgc6uGN9bw2svAuwBM4pJEVJeMLe1vypUruzad4,3563520,0.00356352,384
vault,Vau1t6sLNxnzB7ZDsef8TLbPLfyZMYXH8WTNqUdm9g8,69xparxa9RbbWtk9wmLSPHJhKqMKSEYha4Kx1Cvgz3fB,3563520,0.00356352,384
vault,Vau1t6sLNxnzB7ZDsef8TLbPLfyZMYXH8WTNqUdm9g8,G15U1rz2BL3ET9D51YTVu28m2aSicLpiZviFTBeNA2Lj,3563520,0.00356352,384
vault,Vau1t6sLNxnzB7ZDsef8TLbPLfyZMYXH8WTNqUdm9g8,GcwXYtqBhHSU5tBzYDMdEEgmyx3t6eQ11Gb1qXKS5ghS,3563520,0.00356352,384
vault,Vau1t6sLNxnzB7ZDsef8TLbPLfyZMYXH8WTNqUdm9g8,HiXQCdq37GKBw85fvtKBJxdxjJqteyjMYwvn19qq4o9M,3563520,0.00356352,384
vault,Vau1t6sLNxnzB7ZDsef8TLbPLfyZMYXH8WTNqUdm9g8,EqvgP49XpFLdXZVZpbcgnaPgvsK3GYaVdJkMV27Vcq7F,3563520,0.00356352,384
vault,Vau1t6sLNxnzB7ZDsef8TLbPLfyZMYXH8WTNqUdm9g8,CpeLF1B66hxCaTC4Ga1zyhqNr7UorXY8fE8zAjV3ydTb,3563520,0.00356352,384
vault,Vau1t6sLNxnzB7ZDsef8TLbPLfyZMYXH8WTNqUdm9g8,A7BPvsNhA7Q4DhtPasBLoW9yD3mNHLjNKT3fuMWFGnB1,3563520,0.00356352,384
vault,Vau1t6sLNxnzB7ZDsef8TLbPLfyZMYXH8WTNqUdm9g8,DwwNevb19FgqcnJ9BokhM8sAFUaQpsukq7DDD9PhgRQN,3563520,0.00356352,384
vault,Vau1t6sLNxnzB7ZDsef8TLbPLfyZMYXH8WTNqUdm9g8,8f7DxnxgFdEhYbmJouwS7b29DBNFs6nEEK1sezPZAEfi,3563520,0.00356352,384
vault,Vau1t6sLNxnzB7ZDsef8TLbPLfyZMYXH8WTNqUdm9g8,3n6FqSRc6U66JhPoZyR3HT1ay9hNcStdzaVPekRAaUxf,3563520,0.00356352,384
vault,Vau1t6sLNxnzB7ZDsef8TLbPLfyZMYXH8WTNqUdm9g8,JDbnre2CSmUrj41kJKMZvPXDakr1XV3KiUopFhDcFaRY,3563520,0.00356352,384
vault,Vau1t6sLNxnzB7ZDsef8TLbPLfyZMYXH8WTNqUdm9g8,535JD6RPPPucNsVUEFUUwpzQXzkCLKUQ9thfCWnJHh1t,3563520,0.00356352,384
vault,Vau1t6sLNxnzB7ZDsef8TLbPLfyZMYXH8WTNqUdm9g8,A7tsDYj7XrKwdbGVVyFMf33s3gsZQPaJbLwbmeiNLEdJ,3563520,0.00356352,384
vault,Vau1t6sLNxnzB7ZDsef8TLbPLfyZMYXH8WTNqUdm9g8,AXPQQ4pU2Eh4EzSDvUsLgGD6ZCgzUPHu7cThfDMNejcx,3563520,0.00356352,384
vault,Vau1t6sLNxnzB7ZDsef8TLbPLfyZMYXH8WTNqUdm9g8,FvgzaeB5HUqCtrEdv6mjLi1jo6RNXgGK9BBMo7dAfav7,3563520,0.00356352,384
vault,Vau1t6sLNxnzB7ZDsef8TLbPLfyZMYXH8WTNqUdm9g8,DK28GiEtyVh7ov4wWEnG82H2D8fBBN1TZMSJrZ8b1ULP,3563520,0.00356352,384
vault,Vau1t6sLNxnzB7ZDsef8TLbPLfyZMYXH8WTNqUdm9g8,xiwDLnN4ZSNaSx2sAyVQM5s5MmdJw39kdeu34tp77qe,3563520,0.00356352,384
vault,Vau1t6sLNxnzB7ZDsef8TLbPLfyZMYXH8WTNqUdm9g8,9QJLpMCKvWBMiBZWcYQxeR8e3boQ7o6bLdEWt2aXthog,3563520,0.00356352,384
vault,Vau1t6sLNxnzB7ZDsef8TLbPLfyZMYXH8WTNqUdm9g8,9iN442EpRy1GS1iooS2He9eJ8sFfZM7pkpV64ukKCisd,3563520,0.00356352,384
vault,Vau1t6sLNxnzB7ZDsef8TLbPLfyZMYXH8WTNqUdm9g8,Hjr2UsH8i3dfsaidvDyy8N4eyNqvasWnxV4KejNBo8Ta,3563520,0.00356352,384
vault,Vau1t6sLNxnzB7ZDsef8TLbPLfyZMYXH8WTNqUdm9g8,2R35V6okyqkPPSUojZoFw6zCi7uB5yStHHrzbLKfxgP8,5289600,0.0052896,632
vault,Vau1t6sLNxnzB7ZDsef8TLbPLfyZMYXH8WTNqUdm9g8,669vq4w7hZW8dgWm861qNWYfVJ7gbuRfcYS4dR7ozgoS,3563520,0.00356352,384
vault,Vau1t6sLNxnzB7ZDsef8TLbPLfyZMYXH8WTNqUdm9g8,6NFeLSN1kKXapapwYELj4W5XLRuXpXUioYT57gStCn2a,3563520,0.00356352,384
vault,Vau1t6sLNxnzB7ZDsef8TLbPLfyZMYXH8WTNqUdm9g8,57NcGdQYYpViJqWtwA4Vb4BNVWi54WmGgCjnDWridZZH,3563520,0.00356352,384
vault,Vau1t6sLNxnzB7ZDsef8TLbPLfyZMYXH8WTNqUdm9g8,A2uKzicdbDiQSZKpkTzcB4kJeRdrbmxdCqUYas7HfGcu,3563520,0.00356352,384
vault,Vau1t6sLNxnzB7ZDsef8TLbPLfyZMYXH8WTNqUdm9g8,2YRrYh4CvoynUz9eySmTVddRp9rVLZBDdhpC4RqEpnY4,3563520,0.00356352,384
vault,Vau1t6sLNxnzB7ZDsef8TLbPLfyZMYXH8WTNqUdm9g8,CaRJWZFhMDjThWYsc42Na1ieq8Etqgjee1jHL8zdjRTx,3563520,0.00356352,384
vault,Vau1t6sLNxnzB7ZDsef8TLbPLfyZMYXH8WTNqUdm9g8,6g4QCqkszrGutEC524F35m7BbdVsK2aR3w4rScon4Piu,3563520,0.00356352,384
vault,Vau1t6sLNxnzB7ZDsef8TLbPLfyZMYXH8WTNqUdm9g8,E7g7fLxUbXaeoJCyDAyKXvYHW9WAbQCs87VnXZHMLZUP,3563520,0.00356352,384
vault,Vau1t6sLNxnzB7ZDsef8TLbPLfyZMYXH8WTNqUdm9g8,ESinv1GjMrccCXTep5kySJPWA25YtFCeVLak4jfbygRs,3563520,0.00356352,384
vault,Vau1t6sLNxnzB7ZDsef8TLbPLfyZMYXH8WTNqUdm9g8,4SyHkMc1iG7meSCevuAFpimCtSpCwR2LEZXXhpR6AjA6,3563520,0.00356352,384
vault,Vau1t6sLNxnzB7ZDsef8TLbPLfyZMYXH8WTNqUdm9g8,2G8CRir4L6jTPJcSGZPLfSHBLbUEuLvcfRkjKU68QnBn,3563520,0.00356352,384
vault,Vau1t6sLNxnzB7ZDsef8TLbPLfyZMYXH8WTNqUdm9g8,3JFZwBwaYnYFp1Y7UnwTcE31XW5z1zm8kFr6eV3r7wTN,3563520,0.00356352,384
vault,Vau1t6sLNxnzB7ZDsef8TLbPLfyZMYXH8WTNqUdm9g8,CvM5EhhHMBKWS1jNb4tZJ3VJto1kGaHYn5w6uYYCfrQi,3563520,0.00356352,384
vault,Vau1t6sLNxnzB7ZDsef8TLbPLfyZMYXH8WTNqUdm9g8,5J8khi9W6RrczGGjYexxFAAdHQR4rFnTLiiDsJQJbNqs,3563520,0.00356352,384
vault,Vau1t6sLNxnzB7ZDsef8TLbPLfyZMYXH8WTNqUdm9g8,MMo822JMSnNwqqgd6f8MD8ZQdxsPVoJ5QxZuijZsoP5,3563520,0.00356352,384
vault,Vau1t6sLNxnzB7ZDsef8TLbPLfyZMYXH8WTNqUdm9g8,CQbYF4CsHdUAcoT8jBUgExNBxsUBhns8udjWtXTRENDY,3563520,0.00356352,384
vault,Vau1t6sLNxnzB7ZDsef8TLbPLfyZMYXH8WTNqUdm9g8,2tHrh7QEFWaitBBXdtYa53Ht7BFpAUpQx56w54qtj27s,3563520,0.00356352,384
vault,Vau1t6sLNxnzB7ZDsef8TLbPLfyZMYXH8WTNqUdm9g8,9yNaMAnQZtNMJgBkqtBsGciEiT8nXeHnHLwcL3yYmmaW,3563520,0.00356352,384
vault,Vau1t6sLNxnzB7ZDsef8TLbPLfyZMYXH8WTNqUdm9g8,DNekvfiXRcsB7ixs2VRHFc6PXGPwAh4MSryNJpPU49fc,3563520,0.00356352,384
vault,Vau1t6sLNxnzB7ZDsef8TLbPLfyZMYXH8WTNqUdm9g8,78jV3dKKwWEJExFvs7cRvkTmbn57eGXsg7QJhV7k5Wkg,3563520,0.00356352,384
vault,Vau1t6sLNxnzB7ZDsef8TLbPLfyZMYXH8WTNqUdm9g8,2F4YDeUL8NgURvapE4kfymB7PqZBKqf9Duc3MKUFjSTr,3563520,0.00356352,384
vault,Vau1t6sLNxnzB7ZDsef8TLbPLfyZMYXH8WTNqUdm9g8,De1ju19Cb3iz3Kb9Q6y6w7D7T4rfNbzcf1XA31g5gs8n,3563520,0.00356352,384
vault,Vau1t6sLNxnzB7ZDsef8TLbPLfyZMYXH8WTNqUdm9g8,KLqu8EtGddQk3VdvYMgDqW66KoR8mZY1cKWkFrJpqDj,3563520,0.00356352,384
vault,Vau1t6sLNxnzB7ZDsef8TLbPLfyZMYXH8WTNqUdm9g8,7R6wfvnoePsUDd9PcNVjTZ8WhR996PdGSLR7QXsRmHDn,3563520,0.00356352,384
vault,Vau1t6sLNxnzB7ZDsef8TLbPLfyZMYXH8WTNqUdm9g8,FQhjDVM7r19u16CZJJtA63phQFxzFoQHDDnk8wFFxmup,3563520,0.00356352,384
vault,Vau1t6sLNxnzB7ZDsef8TLbPLfyZMYXH8WTNqUdm9g8,7MQ1DANLp97tcnBoFg12iQzzvYrrqxAPYNa8oyZvAqgL,3563520,0.00356352,384
vault,Vau1t6sLNxnzB7ZDsef8TLbPLfyZMYXH8WTNqUdm9g8,DUT2LxermUpkgJVb7MJxamhAoUGFjNGDnS8oJaAfWEyu,3563520,0.00356352,384
vault,Vau1t6sLNxnzB7ZDsef8TLbPLfyZMYXH8WTNqUdm9g8,C8FGS8u3E78AkSmo5uCN9Y6pJrNBrGGp47yboEGk5rMd,3563520,0.00356352,384
vault,Vau1t6sLNxnzB7ZDsef8TLbPLfyZMYXH8WTNqUdm9g8,6uhr9Tb7C5MfSsCVHMVkgE9XTemFPCxpNRyHUo5vRftv,3563520,0.00356352,384
vault,Vau1t6sLNxnzB7ZDsef8TLbPLfyZMYXH8WTNqUdm9g8,4ZjK2DEMpGP44mbDDF3LNdJ3UGeKLmwJ6ftNB47XiuB5,3563520,0.00356352,384
vault,Vau1t6sLNxnzB7ZDsef8TLbPLfyZMYXH8WTNqUdm9g8,EDuRuDxpzopMwAXV1KpwMfwX6BnBmJe2doKQkMYeCK9C,3563520,0.00356352,384
vault,Vau1t6sLNxnzB7ZDsef8TLbPLfyZMYXH8WTNqUdm9g8,GiVRwQrN1fNzDZf8gzXXigKNMoBFdK51gLPXskS2e5yb,3563520,0.00356352,384
vault,Vau1t6sLNxnzB7ZDsef8TLbPLfyZMYXH8WTNqUdm9g8,A2v3nVuSCkRxwHKzCAZysnoRtXZJD4ckBqv2R6LQPdcU,3563520,0.00356352,384
vault,Vau1t6sLNxnzB7ZDsef8TLbPLfyZMYXH8WTNqUdm9g8,G8qVshxZJedi3g5DKtGvMqkrsodyob8xTQ5oxkQwd71f,3563520,0.00356352,384
vault,Vau1t6sLNxnzB7ZDsef8TLbPLfyZMYXH8WTNqUdm9g8,4YmvdVyEm2Z1MxaLykP4c3X3p2r5D5CpcAaj3aS1CBiD,3563520,0.00356352,384
vault,Vau1t6sLNxnzB7ZDsef8TLbPLfyZMYXH8WTNqUdm9g8,3w2UsL49N8jzPnjy8fT9zrSbesGu7yV4Gjj4QugeZk8i,3563520,0.00356352,384
vault,Vau1t6sLNxnzB7ZDsef8TLbPLfyZMYXH8WTNqUdm9g8,GFRZLGRH2WhsNp8V7ByJNp8oWy6rzbgh517bmDaL9DQq,3563520,0.00356352,384
vault,Vau1t6sLNxnzB7ZDsef8TLbPLfyZMYXH8WTNqUdm9g8,4Vi6XMq1fW7dfCexyTcMJr6yN4MFHwEnwic9d5tMED1X,3563520,0.00356352,384
vault,Vau1t6sLNxnzB7ZDsef8TLbPLfyZMYXH8WTNqUdm9g8,HYUEaiCDhxUC2RQTCMwmtCEvc3VfDDCABW4a9ScwLJeE,3563520,0.00356352,384
vault,Vau1t6sLNxnzB7ZDsef8TLbPLfyZMYXH8WTNqUdm9g8,6qjG36ou3eDByv6D41hWyMfrGeg9zg9m6o75vLoFTezU,3563520,0.00356352,384
vault,Vau1t6sLNxnzB7ZDsef8TLbPLfyZMYXH8WTNqUdm9g8,AD6jSYjoqYUtV2ayFTA5iFKJYpriEYN6oyF6Zkma8nq7,3563520,0.00356352,384
vault,Vau1t6sLNxnzB7ZDsef8TLbPLfyZMYXH8WTNqUdm9g8,9EF9GtnoxhTGwrjR8TBN42RyRMRKUCh7iiE58WTEqYgZ,3563520,0.00356352,384
vault,Vau1t6sLNxnzB7ZDsef8TLbPLfyZMYXH8WTNqUdm9g8,86pAxdov6bvZjcJ7Tk1CUnQfRxk7UJmFzSXHVvAiErXN,3563520,0.00356352,384
vault,Vau1t6sLNxnzB7ZDsef8TLbPLfyZMYXH8WTNqUdm9g8,GFaAEfcLkto3GWewmvMUy5dTD3Vv1DMQ9JNWSQ2Fc1YX,3563520,0.00356352,384
vault,Vau1t6sLNxnzB7ZDsef8TLbPLfyZMYXH8WTNqUdm9g8,FyHPYouSvYy4Sw7DTz6gPSBxornRLpaSfeTY6f6TWW3r,3563520,0.00356352,384
vault,Vau1t6sLNxnzB7ZDsef8TLbPLfyZMYXH8WTNqUdm9g8,H1DQLcL1MkHup1KVWjQ997iUhk9c7MFbXieb8q2DryJh,3563520,0.00356352,384
vault,Vau1t6sLNxnzB7ZDsef8TLbPLfyZMYXH8WTNqUdm9g8,7Q4xQUUVRvekn8WxtD1sKCM9enTwvTLuBnYLbw81zxN2,3563520,0.00356352,384
vault,Vau1t6sLNxnzB7ZDsef8TLbPLfyZMYXH8WTNqUdm9g8,D9v1bTk6eEG8AthU8dTDTKhSaJKkS8KfnZ4crBQGZSeg,5289600,0.0052896,632
vault,Vau1t6sLNxnzB7ZDsef8TLbPLfyZMYXH8WTNqUdm9g8,BQRXu4g7McHB9vH2sf2ehfdddTcQYMaieKXVNc3T87ib,3563520,0.00356352,384
vault,Vau1t6sLNxnzB7ZDsef8TLbPLfyZMYXH8WTNqUdm9g8,AfrefRUYVKTq7vLfx6341fA2tFazfbm41jbJwY7vWwKi,3563520,0.00356352,384
vault,Vau1t6sLNxnzB7ZDsef8TLbPLfyZMYXH8WTNqUdm9g8,3esgbmxWedGNnGyhzw7jNQn1bjNi4WKGwpNw7wDBvSKc,3563520,0.00356352,384
vault,Vau1t6sLNxnzB7ZDsef8TLbPLfyZMYXH8WTNqUdm9g8,5JdtLmmVCnpj34oR3RMuxJGMUJ5fToHhkSoy9aKKSP7D,3563520,0.00356352,384
vault,Vau1t6sLNxnzB7ZDsef8TLbPLfyZMYXH8WTNqUdm9g8,DTqijw8tTeDxRMkHGfcktSmKwLuRJUyfngXtV1B6unGF,3563520,0.00356352,384
vault,Vau1t6sLNxnzB7ZDsef8TLbPLfyZMYXH8WTNqUdm9g8,Gf25yu5Ekcp56MjkSAviogBxyJs6yJqrLfG6uoFJAcdz,3563520,0.00356352,384
vault,Vau1t6sLNxnzB7ZDsef8TLbPLfyZMYXH8WTNqUdm9g8,JAHyaw3A5wJ2yLLgnmY78s5owLNmMVECnatP7J5NWDNZ,3563520,0.00356352,384
vault,Vau1t6sLNxnzB7ZDsef8TLbPLfyZMYXH8WTNqUdm9g8,2dzj31x269oGHAwBmeHr7AxrVCZLqrLJ8sne4aMkqF6p,3563520,0.00356352,384
vault,Vau1t6sLNxnzB7ZDsef8TLbPLfyZMYXH8WTNqUdm9g8,FVLsdzoSmtcW7uTRmfAmpLrPhqWfhNg3tmMzGhHBeqLv,3563520,0.00356352,384
vault,Vau1t6sLNxnzB7ZDsef8TLbPLfyZMYXH8WTNqUdm9g8,9iocgtAfrje8LhtLeraNxX2pSe1Pf7n1b5QvnTvBBdsW,3563520,0.00356352,384
vault,Vau1t6sLNxnzB7ZDsef8TLbPLfyZMYXH8WTNqUdm9g8,BBBay3UBDa4NS2wReSdz8DBYbbm5xPPpTprMTdQNsUx3,3563520,0.00356352,384
vault,Vau1t6sLNxnzB7ZDsef8TLbPLfyZMYXH8WTNqUdm9g8,BiFt7j7m4CqHKUrGR5CQjcnPSDntERKvroFL6nsPQYY5,3563520,0.00356352,384
vault,Vau1t6sLNxnzB7ZDsef8TLbPLfyZMYXH8WTNqUdm9g8,GETGAmv7dCn2ZFd68brp1AKJqLY2YssN2u76ddmSyqCy,3563520,0.00356352,384
vault,Vau1t6sLNxnzB7ZDsef8TLbPLfyZMYXH8WTNqUdm9g8,DTusNsmaHTompG8fM3X4v6372BviNZBy7dYkZGp2xuZa,5289600,0.0052896,632
vault,Vau1t6sLNxnzB7ZDsef8TLbPLfyZMYXH8WTNqUdm9g8,HtLmjq2mJ8jTWHtSi9Qci25zH2otRHC6GqW4YxFSD1FT,3563520,0.00356352,384
vault,Vau1t6sLNxnzB7ZDsef8TLbPLfyZMYXH8WTNqUdm9g8,FTNNPa7A1Euho8HgWXx6zqboqYtL9Cwn7V8SNGvqucpj,3563520,0.00356352,384
vault,Vau1t6sLNxnzB7ZDsef8TLbPLfyZMYXH8WTNqUdm9g8,CFACamFPhYAQHzv6BNwD2Bgbs45aisCxzKL9TYQuEWrq,3563520,0.00356352,384
vault,Vau1t6sLNxnzB7ZDsef8TLbPLfyZMYXH8WTNqUdm9g8,aupgwbT4JdfzmsttActWxu8YKhegh6U95t5bfV6eYtd,3563520,0.00356352,384
vault,Vau1t6sLNxnzB7ZDsef8TLbPLfyZMYXH8WTNqUdm9g8,BKis5CrsboKe5kEoUZLp7piUDoDATTDwfVcr4mahhLS4,3563520,0.00356352,384
vault,Vau1t6sLNxnzB7ZDsef8TLbPLfyZMYXH8WTNqUdm9g8,EoaZwfnVokB5gQP1nhvhW29Tg2zkLboTAbvwJCApHXfi,3563520,0.00356352,384
vault,Vau1t6sLNxnzB7ZDsef8TLbPLfyZMYXH8WTNqUdm9g8,67aFgKHhCZHZNcSFkmoSEhV3Yu8qr5D5ntfMQ9Jy2iw8,3563520,0.00356352,384
vault,Vau1t6sLNxnzB7ZDsef8TLbPLfyZMYXH8WTNqUdm9g8,6WsdZEf8gtoQ9LHeBb3qi3Bd95eVC8jkRkDj7E5C3UsJ,3563520,0.00356352,384
vault,Vau1t6sLNxnzB7ZDsef8TLbPLfyZMYXH8WTNqUdm9g8,CwR7JFdfzNCo2VE3Cj6vdnaTndMPnieafyr5SxCbMDQ7,3563520,0.00356352,384
vault,Vau1t6sLNxnzB7ZDsef8TLbPLfyZMYXH8WTNqUdm9g8,4dtjFaPgfF8fhfGmaQoiZeba2YLSDjCMPnv7sy7Y64z3,3563520,0.00356352,384
vault,Vau1t6sLNxnzB7ZDsef8TLbPLfyZMYXH8WTNqUdm9g8,6D25F4BHPRdpmZTS6RMrJtvSLVpqkYnttQ38H7fZCheK,3563520,0.00356352,384
vault,Vau1t6sLNxnzB7ZDsef8TLbPLfyZMYXH8WTNqUdm9g8,GpjSVZXdKDJjS8tDhKv5XvXQ95aZMRaAx6KNUrsmRGBm,3563520,0.00356352,384
vault,Vau1t6sLNxnzB7ZDsef8TLbPLfyZMYXH8WTNqUdm9g8,7fTRsNTuH6KkzKAefFKEPiowfUh5JVZQQiAC2GERB2u1,3563520,0.00356352,384
vault,Vau1t6sLNxnzB7ZDsef8TLbPLfyZMYXH8WTNqUdm9g8,4h51BPoQPWxu5WixhVrxJc9pk79BD7eciUAh1R19HeZW,3563520,0.00356352,384
vault,Vau1t6sLNxnzB7ZDsef8TLbPLfyZMYXH8WTNqUdm9g8,733X2qZor1kjeMbLqf9yR7GzAXsywE3MqnZy3oVMp248,3563520,0.00356352,384
vault,Vau1t6sLNxnzB7ZDsef8TLbPLfyZMYXH8WTNqUdm9g8,Dw6XhTTu4kpJvouojLSjHdfAZft9cEzUzWDmgHxUebqu,3563520,0.00356352,384
vault,Vau1t6sLNxnzB7ZDsef8TLbPLfyZMYXH8WTNqUdm9g8,9PXMxZx32RjVjC6TLGjvfjbEW2nZ8R3RZ7cdqmccTy53,3563520,0.00356352,384
vault,Vau1t6sLNxnzB7ZDsef8TLbPLfyZMYXH8WTNqUdm9g8,4RfbpiBCvBZy2RXDXU6VdrKvrejGwYETVdwUdrLKQHDi,3563520,0.00356352,384
vault,Vau1t6sLNxnzB7ZDsef8TLbPLfyZMYXH8WTNqUdm9g8,H4jSYh4RRGzt7KpNaUWvmC9mdaqHL8B2D2LewLhq1CM1,3563520,0.00356352,384
vault,Vau1t6sLNxnzB7ZDsef8TLbPLfyZMYXH8WTNqUdm9g8,BSmycfFRaBMxpSE2v9JfY1hDfsC6jz3PHaydhmEbuWGA,3563520,0.00356352,384
vault,Vau1t6sLNxnzB7ZDsef8TLbPLfyZMYXH8WTNqUdm9g8,EANmpuAPWXdNigcnXzvzQr7vG6mzzVv72dfU9wkG9hBr,3563520,0.00356352,384
vault,Vau1t6sLNxnzB7ZDsef8TLbPLfyZMYXH8WTNqUdm9g8,HeMFizyx8xRDLHVvLxLmLxhK1fkZpkcunGCBSuoEKsHF,3563520,0.00356352,384
vault,Vau1t6sLNxnzB7ZDsef8TLbPLfyZMYXH8WTNqUdm9g8,7wuy6wcVdCeJDEWHHcRzk3x8uApkvimhUib9X4fFAZ5k,3563520,0.00356352,384
vault,Vau1t6sLNxnzB7ZDsef8TLbPLfyZMYXH8WTNqUdm9g8,7R81JikLyELoERs7P9fV1x8YEnxDTCoGgSCFZFvrm5DE,3563520,0.00356352,384
vault,Vau1t6sLNxnzB7ZDsef8TLbPLfyZMYXH8WTNqUdm9g8,5uzFD8uc2z5SuVNrbTXMET23ruiENbDuFKiM6x8oMbmj,3563520,0.00356352,384
vault,Vau1t6sLNxnzB7ZDsef8TLbPLfyZMYXH8WTNqUdm9g8,2k73yvQXeNHps7LJgYGVjomE1nkPfqJKWRT4Cd6Epd7H,3563520,0.00356352,384
vault,Vau1t6sLNxnzB7ZDsef8TLbPLfyZMYXH8WTNqUdm9g8,J7vyAipMvn6gcYZpW44ofmAYZJNPzfUY91bEghpS9EJN,3563520,0.00356352,384
vault,Vau1t6sLNxnzB7ZDsef8TLbPLfyZMYXH8WTNqUdm9g8,78p1FbwLFkp8c8e4JWWK7Tv27QJYTDh5fEAcVTR87YJb,3563520,0.00356352,384
vault,Vau1t6sLNxnzB7ZDsef8TLbPLfyZMYXH8WTNqUdm9g8,E5pm8szqoH1HEAm2xqesFyVynkfpRpZ8iwhBpddgkM84,3563520,0.00356352,384
vault,Vau1t6sLNxnzB7ZDsef8TLbPLfyZMYXH8WTNqUdm9g8,4SdnaJQ5fgGaQVWn1VdLsC311msNJ7iqnNuy2qokqJ9i,3563520,0.00356352,384
vault,Vau1t6sLNxnzB7ZDsef8TLbPLfyZMYXH8WTNqUdm9g8,723i6ATDCS3MABAkbFmYtnAie8gv9Sz6Z1vYEnR52KkR,3563520,0.00356352,384
vault,Vau1t6sLNxnzB7ZDsef8TLbPLfyZMYXH8WTNqUdm9g8,BMgxhXDi8uJVtgENH1JMpB7dK4sjbZaxiSwC53EwrsSS,3563520,0.00356352,384
vault,Vau1t6sLNxnzB7ZDsef8TLbPLfyZMYXH8WTNqUdm9g8,B5XJNo9HdMYnjcCRmxfREmsM63tbaLD3yYfKmApQKPic,3563520,0.00356352,384
vault,Vau1t6sLNxnzB7ZDsef8TLbPLfyZMYXH8WTNqUdm9g8,7bXDeH6pJiYmQkKvQLkcDYRMwwkFeV826ZugiTXvxEp5,3563520,0.00356352,384
vault,Vau1t6sLNxnzB7ZDsef8TLbPLfyZMYXH8WTNqUdm9g8,2vVLAoNNRjrRNsGFKYf1vevYg4FmH8g2zhbVJV8jcFTY,3563520,0.00356352,384
vault,Vau1t6sLNxnzB7ZDsef8TLbPLfyZMYXH8WTNqUdm9g8,DjwBBZz1m4DPTNSJJn2iMpJC2fT12c5vpXUvGx1HjbEX,3563520,0.00356352,384
vault,Vau1t6sLNxnzB7ZDsef8TLbPLfyZMYXH8WTNqUdm9g8,71HUgqAhRZkbcUTANumD8RTFApydCp6HjGBK6XdjRzxM,3563520,0.00356352,384
vault,Vau1t6sLNxnzB7ZDsef8TLbPLfyZMYXH8WTNqUdm9g8,DD3oCcQhL2a5AU3fwYAPxE2QVn46FNsi3cLzdrM6MVce,3563520,0.00356352,384
vault,Vau1t6sLNxnzB7ZDsef8TLbPLfyZMYXH8WTNqUdm9g8,4XoZW1B9V42eMs6mhGWDAEcr2RWjMBKpK8qZLMvq8ZhT,3563520,0.00356352,384
vault,Vau1t6sLNxnzB7ZDsef8TLbPLfyZMYXH8WTNqUdm9g8,GuUS32rp846h8XzPiyWqsAe4CcPXe1K9ivBSDhKj6By4,3619200,0.0036192,392
vault,Vau1t6sLNxnzB7ZDsef8TLbPLfyZMYXH8WTNqUdm9g8,BohenixWn9Mw4iQEmnuMVtWnkmRLmsgTGEDBWtCZNANh,3563520,0.00356352,384
vault,Vau1t6sLNxnzB7ZDsef8TLbPLfyZMYXH8WTNqUdm9g8,5SP2nW2bZr3WL1nz6q7kuG4izKbDCwgGQBr5CU7zdfDf,3563520,0.00356352,384
vault,Vau1t6sLNxnzB7ZDsef8TLbPLfyZMYXH8WTNqUdm9g8,7iczuGzMgXseqAJ6LtJA1MSgsfCB2QAiVfiVQpGSbkig,3563520,0.00356352,384
vault,Vau1t6sLNxnzB7ZDsef8TLbPLfyZMYXH8WTNqUdm9g8,71nRNhyKsSsnX8ANmZsQLFiA44FiAC7sLLunCH8N5B3c,3563520,0.00356352,384
vault,Vau1t6sLNxnzB7ZDsef8TLbPLfyZMYXH8WTNqUdm9g8,8ke46o76dxsTRiME1UtzjAXXaeYnp2pX7J8ayENQt1Yx,5289600,0.0052896,632
vault,Vau1t6sLNxnzB7ZDsef8TLbPLfyZMYXH8WTNqUdm9g8,5mF5fPhfRbEKtK8UWNfgDhBeudH5CKMa5DDw6vGLJ6q,3563520,0.00356352,384
vault,Vau1t6sLNxnzB7ZDsef8TLbPLfyZMYXH8WTNqUdm9g8,93KwviHjcBWyxtidkFu2fbEqL58WorE1VrdVPjvrjqtF,3563520,0.00356352,384
vault,Vau1t6sLNxnzB7ZDsef8TLbPLfyZMYXH8WTNqUdm9g8,6m862zAfQkmBB6L1f7xLH86VNnJ4F5KqbiWB9RAg55oq,3563520,0.00356352,384
vault,Vau1t6sLNxnzB7ZDsef8TLbPLfyZMYXH8WTNqUdm9g8,BwFJTuP96np7Eih3B9XakRS1PtYSJVyqiZxtn7QKk4wy,3563520,0.00356352,384
vault,Vau1t6sLNxnzB7ZDsef8TLbPLfyZMYXH8WTNqUdm9g8,43uQ9vcieeML2RBUuowAG17vMYsdu7L1mNB2ujBQYE7Y,3563520,0.00356352,384
vault,Vau1t6sLNxnzB7ZDsef8TLbPLfyZMYXH8WTNqUdm9g8,2nqmysP1tFwDn6hp3dPznTP2aSNWBhaDbg4bBRKtLbB4,3563520,0.00356352,384
vault,Vau1t6sLNxnzB7ZDsef8TLbPLfyZMYXH8WTNqUdm9g8,GhDSVemhz8KAG1TjJTkE7QUeg1gWBKDiDjrZFhgtxRc3,3563520,0.00356352,384
vault,Vau1t6sLNxnzB7ZDsef8TLbPLfyZMYXH8WTNqUdm9g8,8W6Wd7CZEmSTNuz8gaYZXkXawWATYYcjgyPkrWEQ1DYt,8823440,0.00882344,1111
vault,Vau1t6sLNxnzB7ZDsef8TLbPLfyZMYXH8WTNqUdm9g8,7PDDYfhD8g1ccQ7VYhPVc6wvtYxSBYU4154wuGuasZrK,3563520,0.00356352,384
vault,Vau1t6sLNxnzB7ZDsef8TLbPLfyZMYXH8WTNqUdm9g8,69jRPczJ1ctbspKaR7VyVoGDToomfQ63chbXCwEgQ9Xz,3563520,0.00356352,384
vault,Vau1t6sLNxnzB7ZDsef8TLbPLfyZMYXH8WTNqUdm9g8,HGAQrVrW3xCS8s3rd7yUpbVDNurcHFRqkmGGEPkUweSK,3563520,0.00356352,384
vault,Vau1t6sLNxnzB7ZDsef8TLbPLfyZMYXH8WTNqUdm9g8,FmvX1DwTQkDvdVY5cUUDJ4mjJjsgYHj3NWCntLiuhf85,3563520,0.00356352,384
vault,Vau1t6sLNxnzB7ZDsef8TLbPLfyZMYXH8WTNqUdm9g8,Gwy921SgcXMn2wYc4V8b8GbM37JtmA4X2NBibwHoBb17,3563520,0.00356352,384
vault,Vau1t6sLNxnzB7ZDsef8TLbPLfyZMYXH8WTNqUdm9g8,FfpqxsQBoNvzGadxcyaFoqhFr5cvooHCwv9nb2DWngeo,3563520,0.00356352,384
vault,Vau1t6sLNxnzB7ZDsef8TLbPLfyZMYXH8WTNqUdm9g8,A6bhMaRA94UWj2EhhfcPqYYY6xhoohnBbKoU6LksnJx7,3563520,0.00356352,384
vault,Vau1t6sLNxnzB7ZDsef8TLbPLfyZMYXH8WTNqUdm9g8,3JirDFFd8goXesYZfag85sHBm9YMexJgmxUdJnpubNNk,3563520,0.00356352,384
vault,Vau1t6sLNxnzB7ZDsef8TLbPLfyZMYXH8WTNqUdm9g8,4yVFrCYgbyfFEgK9eM2TizEKAt4pKwJrqD5TwBxUEBvz,5289600,0.0052896,632
vault,Vau1t6sLNxnzB7ZDsef8TLbPLfyZMYXH8WTNqUdm9g8,wMTE3nWWYLsZeWvrDfs2QzTvjCqTa2mJXJEZHtRdtg8,3563520,0.00356352,384
vault,Vau1t6sLNxnzB7ZDsef8TLbPLfyZMYXH8WTNqUdm9g8,7BtyxDy8kGtjuR3XHo6papZLCDwrkQ33BTY2QdcqWyAd,3563520,0.00356352,384
vault,Vau1t6sLNxnzB7ZDsef8TLbPLfyZMYXH8WTNqUdm9g8,2mDd9dkAr3Rraf4ASUvU4K1GYhyNq4NHhKxV6SRdx9vP,3563520,0.00356352,384
vault,Vau1t6sLNxnzB7ZDsef8TLbPLfyZMYXH8WTNqUdm9g8,G44tXX4Fftr8BJVZ829A3mSJAKG7Rp4cmjfy3JADoCER,5289600,0.0052896,632
vault,Vau1t6sLNxnzB7ZDsef8TLbPLfyZMYXH8WTNqUdm9g8,C3XQCepVzPSF2k2WhhbHTknoqUe9L2gniy1K8evYiu45,3563520,0.00356352,384
vault,Vau1t6sLNxnzB7ZDsef8TLbPLfyZMYXH8WTNqUdm9g8,2YTDgQtENwrdsVxSTPQEPjLTi3LhNse4W71NBy79hdLU,3563520,0.00356352,384
vault,Vau1t6sLNxnzB7ZDsef8TLbPLfyZMYXH8WTNqUdm9g8,Ag1gQTY9X1DC5q5LHYGBquEGqs73ec5ss9Qc7Ecutfey,3563520,0.00356352,384
vault,Vau1t6sLNxnzB7ZDsef8TLbPLfyZMYXH8WTNqUdm9g8,98wb79QSeFCJrwRSjwFzk9kYryxDiuTaxEEQ9VE7Buez,3563520,0.00356352,384
vault,Vau1t6sLNxnzB7ZDsef8TLbPLfyZMYXH8WTNqUdm9g8,H81jTD8JH4CmZ7mxv2WKkWzHNLbZX9TQoZ9tNEAecGQ,3563520,0.00356352,384
vault,Vau1t6sLNxnzB7ZDsef8TLbPLfyZMYXH8WTNqUdm9g8,3GDhhXq9YRLq4WfxQnFA6LpkaH2hWBpxSZoup1qEYcrR,3619200,0.0036192,392
vault,Vau1t6sLNxnzB7ZDsef8TLbPLfyZMYXH8WTNqUdm9g8,4eGaPYLWB9yKitoZE2Fx6vaP6KxxomystJLxeseH6zPQ,3563520,0.00356352,384
vault,Vau1t6sLNxnzB7ZDsef8TLbPLfyZMYXH8WTNqUdm9g8,7X9r8fjtF5PsXHoPShsRzn18d4okULoLf6UFsDX1S56Y,3563520,0.00356352,384
vault,Vau1t6sLNxnzB7ZDsef8TLbPLfyZMYXH8WTNqUdm9g8,3D9Z72VzH8RMX6yNmEaVShdP8i41JThrg6HY1jM6Na1Z,3563520,0.00356352,384
vault,Vau1t6sLNxnzB7ZDsef8TLbPLfyZMYXH8WTNqUdm9g8,DrzM9WDySJJbhXyq16U1nG3C6A5TabiTTMiAdrChTyQ6,3563520,0.00356352,384
vault,Vau1t6sLNxnzB7ZDsef8TLbPLfyZMYXH8WTNqUdm9g8,AUCGqP9dVB73fth4evmAyWR3MEx174MU391k5qdSCHKN,3563520,0.00356352,384
vault,Vau1t6sLNxnzB7ZDsef8TLbPLfyZMYXH8WTNqUdm9g8,8vzBwSSqMomw5ragejtHEDVpdBsGDLjjYGqpHLKYaGVp,3563520,0.00356352,384
vault,Vau1t6sLNxnzB7ZDsef8TLbPLfyZMYXH8WTNqUdm9g8,DnWpP2bfwv872zdryXvX9TNakSpQ66Byf4eJgEoUQJeC,3563520,0.00356352,384
vault,Vau1t6sLNxnzB7ZDsef8TLbPLfyZMYXH8WTNqUdm9g8,8VhrKahJhvFpgeF3zviMskvEnKUxUF3DThnxcoWjFhfz,3563520,0.00356352,384
vault,Vau1t6sLNxnzB7ZDsef8TLbPLfyZMYXH8WTNqUdm9g8,ALiy7PPBLWoFz1RqrsKWGWVdeKbxvr829gmjZmVfYcUF,3563520,0.00356352,384
vault,Vau1t6sLNxnzB7ZDsef8TLbPLfyZMYXH8WTNqUdm9g8,EjcFwEmP8g7LuV33SdVuGRgHr9wUBKgUTedvKdXxoUCF,3563520,0.00356352,384
vault,Vau1t6sLNxnzB7ZDsef8TLbPLfyZMYXH8WTNqUdm9g8,5n3NEETTWJ2DJmbVZxfNzfzRwUysLJpSNk6ZJNCiggf,3563520,0.00356352,384
vault,Vau1t6sLNxnzB7ZDsef8TLbPLfyZMYXH8WTNqUdm9g8,2H5WcvsFbEcQnjJgaqq6kL1vDuGfjtDsnFBhyghxBBDE,3563520,0.00356352,384
vault,Vau1t6sLNxnzB7ZDsef8TLbPLfyZMYXH8WTNqUdm9g8,9dSfsXYGV1QJY2Lmi1hNzKXjhMEM5E3pQjndEkzDc93x,3563520,0.00356352,384
vault,Vau1t6sLNxnzB7ZDsef8TLbPLfyZMYXH8WTNqUdm9g8,CjMGjhtv9Ng8uB7MLQqfnBj9TD2GncDweeWke3yyqVxa,3563520,0.00356352,384
vault,Vau1t6sLNxnzB7ZDsef8TLbPLfyZMYXH8WTNqUdm9g8,BupjshfMGHFc6eRZ1DuvYzXCp9bmqwmj6z62REGb9GJr,3563520,0.00356352,384
vault,Vau1t6sLNxnzB7ZDsef8TLbPLfyZMYXH8WTNqUdm9g8,EzRK3NcxZi2SuP1KZ1duhd9oMKe3dAG7r2FojMKvLmyY,3563520,0.00356352,384
vault,Vau1t6sLNxnzB7ZDsef8TLbPLfyZMYXH8WTNqUdm9g8,9D1SC6Uhu6uzjz9CgoNJ4Nx8RLVNJ3jxyMpELNWSo4u9,3563520,0.00356352,384
vault,Vau1t6sLNxnzB7ZDsef8TLbPLfyZMYXH8WTNqUdm9g8,A5BR88mWjL9CTLqSTvHT1xuXaD4KWyTSirzzHAouXbu3,3563520,0.00356352,384
vault,Vau1t6sLNxnzB7ZDsef8TLbPLfyZMYXH8WTNqUdm9g8,2Kb3wtbbLVm6WBxU8pC1hNaJbw4UPdkqcF4J33kWe2rr,3563520,0.00356352,384
vault,Vau1t6sLNxnzB7ZDsef8TLbPLfyZMYXH8WTNqUdm9g8,DVW2YpLnPAkSLojAnB3W5DAFXKRqQwcCr5YebAcQiMS6,3563520,0.00356352,384
vault,Vau1t6sLNxnzB7ZDsef8TLbPLfyZMYXH8WTNqUdm9g8,3djmBUPt8XrN6thtfVbGQmfcDHkJJPNb6GB7euE167yh,3563520,0.00356352,384
vault,Vau1t6sLNxnzB7ZDsef8TLbPLfyZMYXH8WTNqUdm9g8,VutKhiaYT1X6of6WSXYbBEbKdWX6kgpQ5jrGB8GcbZ4,3563520,0.00356352,384
vault,Vau1t6sLNxnzB7ZDsef8TLbPLfyZMYXH8WTNqUdm9g8,J25vAScmyHFvfjfvieZASRvU67fZGTH5vq4TJVsP7aEX,3563520,0.00356352,384
vault,Vau1t6sLNxnzB7ZDsef8TLbPLfyZMYXH8WTNqUdm9g8,YbaE93HGA5B89iXrHVR46ZumX3xHr9A2QmCU5u1WFGo,3563520,0.00356352,384
vault,Vau1t6sLNxnzB7ZDsef8TLbPLfyZMYXH8WTNqUdm9g8,9zW7pmdcogRLFe8zQzx1GD3CxyeLLnwsRus2yiDszJiY,3563520,0.00356352,384
vault,Vau1t6sLNxnzB7ZDsef8TLbPLfyZMYXH8WTNqUdm9g8,8EHnmzvofcsTYj9pqrMRpUVvwGhpx9UpSBqxcGaRi5Tk,3563520,0.00356352,384
vault,Vau1t6sLNxnzB7ZDsef8TLbPLfyZMYXH8WTNqUdm9g8,5vxvMb5d6koh8rSZu67MdXgxTSs7me8FHjqBmE5x3LDm,3563520,0.00356352,384
vault,Vau1t6sLNxnzB7ZDsef8TLbPLfyZMYXH8WTNqUdm9g8,2x9KzcZR7VJtj3Ze5iK2RbXZoPFncuCMCex7JXb5u3UC,3563520,0.00356352,384
vault,Vau1t6sLNxnzB7ZDsef8TLbPLfyZMYXH8WTNqUdm9g8,57qfDzTvXGUKqjPL5JBsmtGTpWMVT99f3zf4SYhVREex,3563520,0.00356352,384
vault,Vau1t6sLNxnzB7ZDsef8TLbPLfyZMYXH8WTNqUdm9g8,DErobEVctghgFwypcXRkZkMUhdkmR4YC2ebhMP7tERZV,3563520,0.00356352,384
vault,Vau1t6sLNxnzB7ZDsef8TLbPLfyZMYXH8WTNqUdm9g8,4Az5scfejzn7gc62Jyqgodn484v21FVRDFw8PA4E8utT,3563520,0.00356352,384
vault,Vau1t6sLNxnzB7ZDsef8TLbPLfyZMYXH8WTNqUdm9g8,4Rr8dEaHhKUFjb38WZZXdFhCg7GCgrXeUxeusWAYbkWT,3563520,0.00356352,384
vault,Vau1t6sLNxnzB7ZDsef8TLbPLfyZMYXH8WTNqUdm9g8,FHZn52L3wUUUvdxkxwYTpL7xT8emfPABaxVu6jCZsyKJ,3563520,0.00356352,384
vault,Vau1t6sLNxnzB7ZDsef8TLbPLfyZMYXH8WTNqUdm9g8,BetfNc8HDbScEHzehT4d3k9QRjs7hHt62RAyQeFPsH22,3563520,0.00356352,384
vault,Vau1t6sLNxnzB7ZDsef8TLbPLfyZMYXH8WTNqUdm9g8,HtbwWHm5dnFY2q9NbTpYkMJ1BUYtnBCpMQRLtXTsxqLE,3563520,0.00356352,384
vault,Vau1t6sLNxnzB7ZDsef8TLbPLfyZMYXH8WTNqUdm9g8,HBqCtzuzsV4ncs7fRgfSMbZ1jpBtAAM4MCW7iSEdPopL,3563520,0.00356352,384
vault,Vau1t6sLNxnzB7ZDsef8TLbPLfyZMYXH8WTNqUdm9g8,3Yxo5mof3F6bJjTrZ5hQjFS3XwViUK6LHgnd9qL8eYzT,3563520,0.00356352,384
vault,Vau1t6sLNxnzB7ZDsef8TLbPLfyZMYXH8WTNqUdm9g8,4FNCP6DZLZqun95NGevmUn9KM9ypQLXar9wi7f3k4yJK,3563520,0.00356352,384
vault,Vau1t6sLNxnzB7ZDsef8TLbPLfyZMYXH8WTNqUdm9g8,exSCTQbdwS3Kqnu92XDUSfLDoCfx4kJL7aehj799BeU,3563520,0.00356352,384
vault,Vau1t6sLNxnzB7ZDsef8TLbPLfyZMYXH8WTNqUdm9g8,51Umm5q3z6VTp3j1pFW2FWv16AdPDmz8GQP7V2GBJZNX,3563520,0.00356352,384
vault,Vau1t6sLNxnzB7ZDsef8TLbPLfyZMYXH8WTNqUdm9g8,JCRtZ87UtwfrZ8rbRbnRacE3JyWroZWprL6zbdnyJ8TT,5289600,0.0052896,632
vault,Vau1t6sLNxnzB7ZDsef8TLbPLfyZMYXH8WTNqUdm9g8,8oHGszRX5ttDAD4rxi7z3sSDDCTuCvqFz4YnjYVFeNa5,3563520,0.00356352,384
vault,Vau1t6sLNxnzB7ZDsef8TLbPLfyZMYXH8WTNqUdm9g8,Bwkw6mukDW4pUyjp9zXbBgRmwVq9bSAHhaMznUyGnMQj,3563520,0.00356352,384
vault,Vau1t6sLNxnzB7ZDsef8TLbPLfyZMYXH8WTNqUdm9g8,AKMx4hCRWPQhax9hFLCjZDNDgPmMtso4LxQe28szoFJx,3563520,0.00356352,384
vault,Vau1t6sLNxnzB7ZDsef8TLbPLfyZMYXH8WTNqUdm9g8,2iFdU4GXxyTtWdFhceTdGvE3eFgQJVhrvGZdYGrEA2Ct,3563520,0.00356352,384
vault,Vau1t6sLNxnzB7ZDsef8TLbPLfyZMYXH8WTNqUdm9g8,D8DABXGNSq7f3PsvjPC6HKnQQsttm9BGvDmcgknFAYbH,3567520,0.00356752,384
vault,Vau1t6sLNxnzB7ZDsef8TLbPLfyZMYXH8WTNqUdm9g8,Dv7MbYynYqNsf29i9weq3wTKNr4EZdm313czJtgYWVLK,3563520,0.00356352,384
vault,Vau1t6sLNxnzB7ZDsef8TLbPLfyZMYXH8WTNqUdm9g8,HU58KzyT2ZY4wy8b8Z4oNnZFxpsrmKPw7SpjB5HgNLYa,3563520,0.00356352,384
vault,Vau1t6sLNxnzB7ZDsef8TLbPLfyZMYXH8WTNqUdm9g8,BmJvUzoiiNBRx3v2Gqsix9WvVtw8FaztrfBHQyqpMbTd,8623463,0.008623463,1111
vault,Vau1t6sLNxnzB7ZDsef8TLbPLfyZMYXH8WTNqUdm9g8,6YgdWQCurAdo4wUuTLTpN6DjYDwFRtHcHrZ5gk4cfyuU,3563520,0.00356352,384
vault,Vau1t6sLNxnzB7ZDsef8TLbPLfyZMYXH8WTNqUdm9g8,3Ta73sB6hGG22KVg2St2XqhuRJkFVu8wmyaxp998tFp3,3563520,0.00356352,384
vault,Vau1t6sLNxnzB7ZDsef8TLbPLfyZMYXH8WTNqUdm9g8,84NaHpPC7eSyE7xt92Zs5cREY7n6j9LrTaLPdjEcEu8x,3563520,0.00356352,384
vault,Vau1t6sLNxnzB7ZDsef8TLbPLfyZMYXH8WTNqUdm9g8,A1Jo72yVdPdEQGyBdwXwJM4NgKBf4htiREmmdijZqp2b,3563520,0.00356352,384
vault,Vau1t6sLNxnzB7ZDsef8TLbPLfyZMYXH8WTNqUdm9g8,HERn9sDw15uDrinfduL8PQZVc54z3oKPEaWxGykLzf5i,3563520,0.00356352,384
vault,Vau1t6sLNxnzB7ZDsef8TLbPLfyZMYXH8WTNqUdm9g8,FugYyLfivGtLGTT3nCL5RmJzcPivMbDzKU7r95gnUT2h,5289600,0.0052896,632
vault,Vau1t6sLNxnzB7ZDsef8TLbPLfyZMYXH8WTNqUdm9g8,GxmiQG1H3nS9Um1gC3VLq83tdHJrZExpUBeWa6k8e9sq,3563520,0.00356352,384
vault,Vau1t6sLNxnzB7ZDsef8TLbPLfyZMYXH8WTNqUdm9g8,2156FC8zi5UYCPkRDgejmrUC8spVhdAjnXRehFsRaZfJ,3563520,0.00356352,384
vault,Vau1t6sLNxnzB7ZDsef8TLbPLfyZMYXH8WTNqUdm9g8,4cdyFrWykBN9xxWQixiDk6oFTorzfqPLtwctwKpKr5bM,3563520,0.00356352,384
vault,Vau1t6sLNxnzB7ZDsef8TLbPLfyZMYXH8WTNqUdm9g8,FCdUdL4SFPJHmBftJQN4aQHvbko6T5TL9vA5GGts9Kag,3563520,0.00356352,384
vault,Vau1t6sLNxnzB7ZDsef8TLbPLfyZMYXH8WTNqUdm9g8,7PMHJephPeyHqeFE1ofR5F5A2DFGNoZAxK8pPTDYYibe,3563520,0.00356352,384
vault,Vau1t6sLNxnzB7ZDsef8TLbPLfyZMYXH8WTNqUdm9g8,84dfrPaJYbw7tmhDPptJcPS1a4ZVa2t2B9LhWc8fiSfo,3563520,0.00356352,384
vault,Vau1t6sLNxnzB7ZDsef8TLbPLfyZMYXH8WTNqUdm9g8,7yDkz7wJMpRkyNNcCKL1Z63FjcjJdmKYwCQvZCY5vdkL,3563520,0.00356352,384
vault,Vau1t6sLNxnzB7ZDsef8TLbPLfyZMYXH8WTNqUdm9g8,CNcj1MboYwUZZGQJJPHPCnUtfbuRFo97TgSMvQJUK7Bj,3563520,0.00356352,384
vault,Vau1t6sLNxnzB7ZDsef8TLbPLfyZMYXH8WTNqUdm9g8,6mMpDpxg32iGZjPnhtxP6wEmhwwfE7HGPbseDudgoLhR,3563520,0.00356352,384
vault,Vau1t6sLNxnzB7ZDsef8TLbPLfyZMYXH8WTNqUdm9g8,66tXRqmMxdFauKyKCyMpjpJgHYzFc3312dCMmBew2fEf,3563520,0.00356352,384
vault,Vau1t6sLNxnzB7ZDsef8TLbPLfyZMYXH8WTNqUdm9g8,F3unJLrtNJUwfzGgrsNgdPYReAb1snE15ApQzX15X3zA,3563520,0.00356352,384
vault,Vau1t6sLNxnzB7ZDsef8TLbPLfyZMYXH8WTNqUdm9g8,HrWV8UkYY7HqCZXNdyfzH6Tsq3MrDdsTB83X2gPXJxnC,3563520,0.00356352,384
vault,Vau1t6sLNxnzB7ZDsef8TLbPLfyZMYXH8WTNqUdm9g8,7vadcJMaqXWA5ZFFJUoUWVKoxE4gVEaD1Lzrpv3nc1zV,3563520,0.00356352,384
vault,Vau1t6sLNxnzB7ZDsef8TLbPLfyZMYXH8WTNqUdm9g8,AabawnRXcBxazQRUgKcvUjde9ZvwfsfRLVLr9rwDVxr3,3563520,0.00356352,384
vault,Vau1t6sLNxnzB7ZDsef8TLbPLfyZMYXH8WTNqUdm9g8,5f9ADC7RiMoZE3gBMyzZZsqfbehVK6ApeTqSChjb3DXD,3563520,0.00356352,384
vault,Vau1t6sLNxnzB7ZDsef8TLbPLfyZMYXH8WTNqUdm9g8,EiLdmX7ftYiKbFuEhn4sctYZJnJYWo1ZMUBEWa46m7HW,3563520,0.00356352,384
vault,Vau1t6sLNxnzB7ZDsef8TLbPLfyZMYXH8WTNqUdm9g8,8S2EuLtmmPt2g2DRH82uowo38kow4agqPDvzAShdKtok,3563520,0.00356352,384
vault,Vau1t6sLNxnzB7ZDsef8TLbPLfyZMYXH8WTNqUdm9g8,dWVLiMnRTFXnf2a6nrsDpe2wZia8jbTtCKVspjt9kKw,3563520,0.00356352,384
vault,Vau1t6sLNxnzB7ZDsef8TLbPLfyZMYXH8WTNqUdm9g8,G9oprv73XynBbt41kazHp2H7HtF9XqReMK9uUmMaq4Tq,5289600,0.0052896,632
vault,Vau1t6sLNxnzB7ZDsef8TLbPLfyZMYXH8WTNqUdm9g8,963sUkk5Krde5ETnpKdNQqpek8A63quKeUsEQBKCJyRY,3563520,0.00356352,384
vault,Vau1t6sLNxnzB7ZDsef8TLbPLfyZMYXH8WTNqUdm9g8,6pcLJDHduUmpomoZ4Keksam4j3DbvL7oGZnnVjj2wPVs,3563520,0.00356352,384
vault,Vau1t6sLNxnzB7ZDsef8TLbPLfyZMYXH8WTNqUdm9g8,7A5uRdTzEe2St2d4D6Yzn3eNotMknmL2esNrjGTXZKV,3563520,0.00356352,384
vault,Vau1t6sLNxnzB7ZDsef8TLbPLfyZMYXH8WTNqUdm9g8,3Neg83fXYSkBA17PNqexBot1W7bqFWrFXKZT4oDKre2D,5289600,0.0052896,632
vault,Vau1t6sLNxnzB7ZDsef8TLbPLfyZMYXH8WTNqUdm9g8,E5gR8CVtukn6u38LhuVCce8ujcBKoS3gzaGsJj3wTpAf,3563520,0.00356352,384
vault,Vau1t6sLNxnzB7ZDsef8TLbPLfyZMYXH8WTNqUdm9g8,H5xFLjBM7PocDpmVTBdqsstjsC4muSkiGAsCJcD5tKLA,3563520,0.00356352,384
vault,Vau1t6sLNxnzB7ZDsef8TLbPLfyZMYXH8WTNqUdm9g8,74G6gCVEEMe8tvXjKdGKr4BgirDkrGdeVkFcZHYVn6aq,3563520,0.00356352,384
vault,Vau1t6sLNxnzB7ZDsef8TLbPLfyZMYXH8WTNqUdm9g8,GAqXhRKedYxWrWoXxdmA1oskF6YQGvkhVPz6tw6homBu,3563520,0.00356352,384
vault,Vau1t6sLNxnzB7ZDsef8TLbPLfyZMYXH8WTNqUdm9g8,D1e416RwRsvgMSYSGDJyhmjcptswaED2bndXu5yQjU2e,3563520,0.00356352,384
vault,Vau1t6sLNxnzB7ZDsef8TLbPLfyZMYXH8WTNqUdm9g8,HhMrcbMyrRe7aK3feYL6eaJZo2dRDZWGRtcShSZYPX9Q,3563520,0.00356352,384
vault,Vau1t6sLNxnzB7ZDsef8TLbPLfyZMYXH8WTNqUdm9g8,4mHxA2DKXEUG3m9ego2P5bm1zBdGG99wj5hgQK2VW7KJ,3563520,0.00356352,384
vault,Vau1t6sLNxnzB7ZDsef8TLbPLfyZMYXH8WTNqUdm9g8,D28ftdv6BfUtavujC9RZVrVmuhZUobZFSDtQ6ooJ31Ef,3563520,0.00356352,384
vault,Vau1t6sLNxnzB7ZDsef8TLbPLfyZMYXH8WTNqUdm9g8,3mvYTtwze2FYG5JSu5hnmkLZPzdioBtgyMSwRfYcKka8,3563520,0.00356352,384
vault,Vau1t6sLNxnzB7ZDsef8TLbPLfyZMYXH8WTNqUdm9g8,2V1kXivba22M5NhMFQssCMAQZvJekxmvwXr61APpjXZ6,3563520,0.00356352,384
vault,Vau1t6sLNxnzB7ZDsef8TLbPLfyZMYXH8WTNqUdm9g8,EApGccX64mjKaVES98noPbh6xKtVSXazZGiMvhNKPhEL,3563520,0.00356352,384
vault,Vau1t6sLNxnzB7ZDsef8TLbPLfyZMYXH8WTNqUdm9g8,8xGfcVjBb25smKpTEb3cpF57s3mycvbxL1MFEz9rbBzi,3563520,0.00356352,384
vault,Vau1t6sLNxnzB7ZDsef8TLbPLfyZMYXH8WTNqUdm9g8,9nY2mYViLzAQMgPUF7xRjrirCKkCEfpvMvX2br848Rao,3563520,0.00356352,384
vault,Vau1t6sLNxnzB7ZDsef8TLbPLfyZMYXH8WTNqUdm9g8,Do1SLeF7FZpPX69DsiHavnUD1pNXoBJWW9yeEad1mH9a,3563520,0.00356352,384
vault,Vau1t6sLNxnzB7ZDsef8TLbPLfyZMYXH8WTNqUdm9g8,4mAXjksJW2i4dgp1S9mQrhNm2JwL77nCxL19oCvG2jd3,3563520,0.00356352,384
vault,Vau1t6sLNxnzB7ZDsef8TLbPLfyZMYXH8WTNqUdm9g8,2xFcGj1HUH5huEgupCYeq4NrvmMVsj96nrik4fHTFpx8,3563520,0.00356352,384
vault,Vau1t6sLNxnzB7ZDsef8TLbPLfyZMYXH8WTNqUdm9g8,HZupyPUJXnzgwHW2LzY7gy36EPXVyq5P8gByiLcZtMSF,3563520,0.00356352,384
vault,Vau1t6sLNxnzB7ZDsef8TLbPLfyZMYXH8WTNqUdm9g8,9RYY2CtDQ73EXR5Ymi2rwCoyrAAZyKVkxpA6mMiDXfVE,3563520,0.00356352,384
vault,Vau1t6sLNxnzB7ZDsef8TLbPLfyZMYXH8WTNqUdm9g8,BQPf2K6Cwf6SsrA8ZmRnB5fKvtNQnG9yaENL2dxpRa4f,3619200,0.0036192,392
vault,Vau1t6sLNxnzB7ZDsef8TLbPLfyZMYXH8WTNqUdm9g8,J5QEU9sdTFRBzzB5pRGFPFYVEGUf655hx7gNcdUD35bu,3563520,0.00356352,384
vault,Vau1t6sLNxnzB7ZDsef8TLbPLfyZMYXH8WTNqUdm9g8,E5y5CDKiuXwMDGvXmc4xjHbStYv7YF2ChnuppwdvyqmH,3563520,0.00356352,384
vault,Vau1t6sLNxnzB7ZDsef8TLbPLfyZMYXH8WTNqUdm9g8,2ZLuwf1xbotuUF87SA3iXyJo29juD8ZQqQCgjer2YiZL,3563520,0.00356352,384
vault,Vau1t6sLNxnzB7ZDsef8TLbPLfyZMYXH8WTNqUdm9g8,HMCjt2rByVPirH7vQuHBBUV3GyBN9q1oxc9w9ziHSRz3,3563520,0.00356352,384
vault,Vau1t6sLNxnzB7ZDsef8TLbPLfyZMYXH8WTNqUdm9g8,9gC7w3m3Hh8mGXhdheo9Z8LJUXmhNSJmqBg24cntZAW4,3563520,0.00356352,384
vault,Vau1t6sLNxnzB7ZDsef8TLbPLfyZMYXH8WTNqUdm9g8,7xdqhB4428joMmm7Qtv2SUinWw8QNHWQcqnR5GA3n1Vj,3563520,0.00356352,384
vault,Vau1t6sLNxnzB7ZDsef8TLbPLfyZMYXH8WTNqUdm9g8,8NyDS8gqkLTTWwcL6ez9TH7B6bsKCoP9KPBCjnEMvTQC,3563520,0.00356352,384
vault,Vau1t6sLNxnzB7ZDsef8TLbPLfyZMYXH8WTNqUdm9g8,6v8YGU89dZLvVP7ipqKrWhnnrV3qqDGdquYGomPvoH6S,3563520,0.00356352,384
vault,Vau1t6sLNxnzB7ZDsef8TLbPLfyZMYXH8WTNqUdm9g8,JHZ6JLaCyWtXzYcN21VsKsZAUCwwW1mMAFvGTDWzZ3w,3563520,0.00356352,384
vault,Vau1t6sLNxnzB7ZDsef8TLbPLfyZMYXH8WTNqUdm9g8,8mQxq6pvbABWR7aCFk7XtkKWTVJhFV6ZfeLKxtuNJbRt,3563520,0.00356352,384
vault,Vau1t6sLNxnzB7ZDsef8TLbPLfyZMYXH8WTNqUdm9g8,mJdySiQF4R3o3rAVRd2Q8Hfv7CCpSM22vnbvqSMKHj3,3563520,0.00356352,384
vault,Vau1t6sLNxnzB7ZDsef8TLbPLfyZMYXH8WTNqUdm9g8,CNrVZGuLZRKBbX2pdFuDFch7KcGu5e121AyXKpzdnhyo,3563520,0.00356352,384
vault,Vau1t6sLNxnzB7ZDsef8TLbPLfyZMYXH8WTNqUdm9g8,BVngdeSp9BVq6J2t6rqQPhzbT3tNTbNZXGPHBipyxoj6,3563520,0.00356352,384
vault,Vau1t6sLNxnzB7ZDsef8TLbPLfyZMYXH8WTNqUdm9g8,2aM4f7R9DUn4X6fuEWDsXtjH6BSLnUgbzeeiH8MRZaZj,3563520,0.00356352,384
vault,Vau1t6sLNxnzB7ZDsef8TLbPLfyZMYXH8WTNqUdm9g8,3MTGySh1KiCPnYGjQNTPP7p1Qr1bm9bQekKBQsXP5ur4,5289600,0.0052896,632
vault,Vau1t6sLNxnzB7ZDsef8TLbPLfyZMYXH8WTNqUdm9g8,6uNPiQfhkfD6LUwq5H1jp8URh2CZc4T99FLYzNft2cZ2,3563520,0.00356352,384
vault,Vau1t6sLNxnzB7ZDsef8TLbPLfyZMYXH8WTNqUdm9g8,6h4AyDhsus5JwaaLo1prfgr8B8BguEyh1Z3gM7WfxfbS,3563520,0.00356352,384
vault,Vau1t6sLNxnzB7ZDsef8TLbPLfyZMYXH8WTNqUdm9g8,GvGM8vUGTpavXpxXCsTpXjD4TgbQnzHso6qvzjKdeogd,3563520,0.00356352,384
vault,Vau1t6sLNxnzB7ZDsef8TLbPLfyZMYXH8WTNqUdm9g8,BWpQS9X7DBZRYzQSgzgNcxaB3xeZa9fU8HqN2Wr5j2Ym,3563520,0.00356352,384
vault,Vau1t6sLNxnzB7ZDsef8TLbPLfyZMYXH8WTNqUdm9g8,3xzQMhXuKTFpzsez9zEbpqwuUcQWTyqSdVhs2rtBkDiW,3563520,0.00356352,384
vault,Vau1t6sLNxnzB7ZDsef8TLbPLfyZMYXH8WTNqUdm9g8,CDFewDHc2GEiAgZMz9aAyZwxN3VUuYTzKy1ULpguHdRE,3563520,0.00356352,384
vault,Vau1t6sLNxnzB7ZDsef8TLbPLfyZMYXH8WTNqUdm9g8,4sdbU3JzgY6piMQhoDinYoNjBy9Ed3Y3xobM8rxAiKSj,3563520,0.00356352,384
vault,Vau1t6sLNxnzB7ZDsef8TLbPLfyZMYXH8WTNqUdm9g8,8xs5RCBmAJKRG9eGHUgtizbr4XYQAWQGZ8hPQa5zB4nb,3563520,0.00356352,384
vault,Vau1t6sLNxnzB7ZDsef8TLbPLfyZMYXH8WTNqUdm9g8,HXN7gMqaDe9GLQ5sepraD2S3nDf77iEGQPN2e3bE23Zz,3563520,0.00356352,384
vault,Vau1t6sLNxnzB7ZDsef8TLbPLfyZMYXH8WTNqUdm9g8,bsP9tw7xHPeqiTNNPmchvQmris86DgdE2ezPVJBJFm2,3563520,0.00356352,384
vault,Vau1t6sLNxnzB7ZDsef8TLbPLfyZMYXH8WTNqUdm9g8,HMXiWhWG3zQJMimCGP6FeK3sSvZDv6PqNZ6SUv4qMFkh,3563520,0.00356352,384
vault,Vau1t6sLNxnzB7ZDsef8TLbPLfyZMYXH8WTNqUdm9g8,EfZVGiAS1vE2kbXYp5viYwao4GWfjUPMHkug5mMj7b7P,3563520,0.00356352,384
vault,Vau1t6sLNxnzB7ZDsef8TLbPLfyZMYXH8WTNqUdm9g8,B91LSkqZ5Hcj8CthDsgywvmtUFuRBtaxY2c2Me5hbMwx,3563520,0.00356352,384
vault,Vau1t6sLNxnzB7ZDsef8TLbPLfyZMYXH8WTNqUdm9g8,F5pj1HcycrogDpqXo4hZszZHEmN9bEUeSBWBvzkJKbny,3563520,0.00356352,384
vault,Vau1t6sLNxnzB7ZDsef8TLbPLfyZMYXH8WTNqUdm9g8,4m7yPCq5Mr8HJP66i5A3H8jiBdF6S4MKNSvQetoAMQHB,3563520,0.00356352,384
vault,Vau1t6sLNxnzB7ZDsef8TLbPLfyZMYXH8WTNqUdm9g8,GDVqSyUH2LntiFpbymoWCwxzXcic6CoTyVP8h1NGCEoJ,3563520,0.00356352,384
vault,Vau1t6sLNxnzB7ZDsef8TLbPLfyZMYXH8WTNqUdm9g8,J5q5qCqurxUZhZLrRijHcbon8p4btbMKWw6Lst4XWNDy,3563520,0.00356352,384
vault,Vau1t6sLNxnzB7ZDsef8TLbPLfyZMYXH8WTNqUdm9g8,EAq4Wfeq2grKJt2P6XfpiuVzsJCPqHexZkJrH3XZBQ3e,3563520,0.00356352,384
vault,Vau1t6sLNxnzB7ZDsef8TLbPLfyZMYXH8WTNqUdm9g8,8RsbfW6fj7StjvG1gJjbioDKctUS55dcEbyN2KTME9Vt,3563520,0.00356352,384
vault,Vau1t6sLNxnzB7ZDsef8TLbPLfyZMYXH8WTNqUdm9g8,CKT6U7D1v8Vvc9ZMZ3Mgfgk1hi6AaNT3eWVFZDaGJjNH,3563520,0.00356352,384
vault,Vau1t6sLNxnzB7ZDsef8TLbPLfyZMYXH8WTNqUdm9g8,9GijgYiEs62KhpKg9VyXqaySjYbWLigBh3uxEfUF8JF6,5289600,0.0052896,632
vault,Vau1t6sLNxnzB7ZDsef8TLbPLfyZMYXH8WTNqUdm9g8,AWzYcqknLzeyt6mkhQGd9WqKNAWmAx6rWj5n9Nk9MZNc,3563520,0.00356352,384
vault,Vau1t6sLNxnzB7ZDsef8TLbPLfyZMYXH8WTNqUdm9g8,Eh778jCHWaNNqEDHKv624oCU69TftnvVWTczQK5bgWhv,3563520,0.00356352,384
vault,Vau1t6sLNxnzB7ZDsef8TLbPLfyZMYXH8WTNqUdm9g8,B1qAj6JY2Am7Y3Zht345rMaTNjXyqRszp5LhLPZQEdbZ,3563520,0.00356352,384
vault,Vau1t6sLNxnzB7ZDsef8TLbPLfyZMYXH8WTNqUdm9g8,52oqpJ1e67EAekqVA3b5HpznXWWN5T1mXFKb3UkMK3Qc,3563520,0.00356352,384
vault,Vau1t6sLNxnzB7ZDsef8TLbPLfyZMYXH8WTNqUdm9g8,8krGL3xQaFkXUhLurvCmph7KmUt2M1cfmBhvHZXbkAJA,3563520,0.00356352,384
vault,Vau1t6sLNxnzB7ZDsef8TLbPLfyZMYXH8WTNqUdm9g8,CeTTbF7Lt5kv6K8sfiE9BUhPUKZ6MASUXRHY6BRHCTov,3563520,0.00356352,384
vault,Vau1t6sLNxnzB7ZDsef8TLbPLfyZMYXH8WTNqUdm9g8,C4sWxKqqU9oCpkry2agPB4eTU8hSTDoty4BFvTUViMd4,3563520,0.00356352,384
vault,Vau1t6sLNxnzB7ZDsef8TLbPLfyZMYXH8WTNqUdm9g8,7gPehiRoTt8PWDbgXwMTH6DZHEQum1NdQRnPtm2eiZYV,3563520,0.00356352,384
vault,Vau1t6sLNxnzB7ZDsef8TLbPLfyZMYXH8WTNqUdm9g8,9fsaS6UTtao7B8Ps8GCeXS5qqXpiM1sLmFG1tEEFN4sk,3563520,0.00356352,384
vault,Vau1t6sLNxnzB7ZDsef8TLbPLfyZMYXH8WTNqUdm9g8,HPvLegQx5scy1L4XE49fGW3aSC6f3K2paYBMbYJrX6ZR,5289600,0.0052896,632
vault,Vau1t6sLNxnzB7ZDsef8TLbPLfyZMYXH8WTNqUdm9g8,CQpvXgoaaawDCLh8FwMZEwQqnPakRUZ5BnzhjnEBPJv,12627468,0.012627468,1111
vault,Vau1t6sLNxnzB7ZDsef8TLbPLfyZMYXH8WTNqUdm9g8,8QdpCMcE6LZKq3XX99uwLnQL9S9QuCHxSXgQVBgS2MED,3563520,0.00356352,384
vault,Vau1t6sLNxnzB7ZDsef8TLbPLfyZMYXH8WTNqUdm9g8,ALEEgpU4NpFD7UUSKG6sVrdskp7XdYveTNMpVnhRcks,3563520,0.00356352,384
vault,Vau1t6sLNxnzB7ZDsef8TLbPLfyZMYXH8WTNqUdm9g8,921y5L8vqttqYdX2UcPhEu4R6dBodShavxjmKPWXeoyc,3563520,0.00356352,384
vault,Vau1t6sLNxnzB7ZDsef8TLbPLfyZMYXH8WTNqUdm9g8,9KMnLuRex51TwponxYGq1ngPtkv7y1gA8FH3KMppSDGq,3563520,0.00356352,384
vault,Vau1t6sLNxnzB7ZDsef8TLbPLfyZMYXH8WTNqUdm9g8,DqwBsL7hFaj8PYzqVLUBMU1FoaAd6QuAFmd5CXq8epHY,3563520,0.00356352,384
vault,Vau1t6sLNxnzB7ZDsef8TLbPLfyZMYXH8WTNqUdm9g8,BoJBKf9NjPLx8DX3Dpt9Q48EXsh7uhB8VbADfAi3d8r3,3563520,0.00356352,384
vault,Vau1t6sLNxnzB7ZDsef8TLbPLfyZMYXH8WTNqUdm9g8,Gi9i7AwcaSrCA54LHbVgYi2PoRELprQG1DyrQmSX32io,3563520,0.00356352,384
vault,Vau1t6sLNxnzB7ZDsef8TLbPLfyZMYXH8WTNqUdm9g8,cv4bmH2LEzHe2Y6rLrboxnatGiqQensUThA1BtsAPCj,5289600,0.0052896,632
vault,Vau1t6sLNxnzB7ZDsef8TLbPLfyZMYXH8WTNqUdm9g8,4pZCvfBvSEQTxsUh83TmKHhdM3nw8eSnP97nrg6Ffhga,3563520,0.00356352,384
vault,Vau1t6sLNxnzB7ZDsef8TLbPLfyZMYXH8WTNqUdm9g8,79D23vePDXL9nbSuxQqh3aMdxPt3mPdVosqNKPTMSWDX,3563520,0.00356352,384
vault,Vau1t6sLNxnzB7ZDsef8TLbPLfyZMYXH8WTNqUdm9g8,DfH4wNkS7MoQ6g3NPHyjFosfF74WcLyoHzdkhLyz7yCr,3563520,0.00356352,384
vault,Vau1t6sLNxnzB7ZDsef8TLbPLfyZMYXH8WTNqUdm9g8,5k2ESXFtzPrmMhHH2A4CdnQnstnFxpbN7FUtRe7Xo1iz,3563520,0.00356352,384
vault,Vau1t6sLNxnzB7ZDsef8TLbPLfyZMYXH8WTNqUdm9g8,GE4RbmBc9ZzLNo57tYZa9crBprNTMBGrZksTRA9E36Lh,3563520,0.00356352,384
vault,Vau1t6sLNxnzB7ZDsef8TLbPLfyZMYXH8WTNqUdm9g8,CXDRy76LytsX9sFZyuxv4pnVBL5a9dphqY8EGCMssy2Y,3563520,0.00356352,384
vault,Vau1t6sLNxnzB7ZDsef8TLbPLfyZMYXH8WTNqUdm9g8,FYuNPhQqW5WtED7nGyHcDgTywox3Ri945Z6GH4K1has8,3563520,0.00356352,384
vault,Vau1t6sLNxnzB7ZDsef8TLbPLfyZMYXH8WTNqUdm9g8,BDNb15KbtSqjZGHEtBbh6PTa8GK3VihN2aqbWBq22rvc,3563520,0.00356352,384
vault,Vau1t6sLNxnzB7ZDsef8TLbPLfyZMYXH8WTNqUdm9g8,4GW7FzLAantpudpQguFPAo4gjH8DyGZw2hYoF7U3sZbb,3563520,0.00356352,384
vault,Vau1t6sLNxnzB7ZDsef8TLbPLfyZMYXH8WTNqUdm9g8,CNauhv79anjhvvELc4G4TcS2gJLGTSgd4g7oByFfAr8i,3619200,0.0036192,392
vault,Vau1t6sLNxnzB7ZDsef8TLbPLfyZMYXH8WTNqUdm9g8,bj4ZsSEPamF8nJmreAPKzvb6oZ1vbAQLiSxnSDf9iFM,3563520,0.00356352,384
vault,Vau1t6sLNxnzB7ZDsef8TLbPLfyZMYXH8WTNqUdm9g8,8nRERJJAeYVwuLQhietkD6u3dVQgASJVQMitj5fk6kix,3563520,0.00356352,384
vault,Vau1t6sLNxnzB7ZDsef8TLbPLfyZMYXH8WTNqUdm9g8,Bgr9wDPoQKA1zB8CX5S4NFMoaBCmqrXTKoYMpDUyuTnj,5066880,0.00506688,600
vault,Vau1t6sLNxnzB7ZDsef8TLbPLfyZMYXH8WTNqUdm9g8,5rSRPf15oyRmQjc5eoKZvAq1YiVYPikQAGa9ho19iuoC,3563520,0.00356352,384
vault,Vau1t6sLNxnzB7ZDsef8TLbPLfyZMYXH8WTNqUdm9g8,AHnNWs6VmJca8NzKRwW6zdTQpKrR3sDH4sM96E2z5JRv,3563520,0.00356352,384
vault,Vau1t6sLNxnzB7ZDsef8TLbPLfyZMYXH8WTNqUdm9g8,7QU5EJVxBSd85z7JNAsRByrHXgvycZRifH5oUknNfYfh,3563520,0.00356352,384
vault,Vau1t6sLNxnzB7ZDsef8TLbPLfyZMYXH8WTNqUdm9g8,FMm7iYdqAkiCZsahKH7XBNSARw4yCcneMN2vxSjVFiT3,3563520,0.00356352,384
vault,Vau1t6sLNxnzB7ZDsef8TLbPLfyZMYXH8WTNqUdm9g8,6JZhVeiXJ7JgpPPSE5USEVCiaQYa3Z3Fx4o74M6BrtZV,3563520,0.00356352,384
vault,Vau1t6sLNxnzB7ZDsef8TLbPLfyZMYXH8WTNqUdm9g8,HxA2vWT5VbYAkU1PMonicc2TfDXjyPKRxLGaEPg9V6rg,3563520,0.00356352,384
vault,Vau1t6sLNxnzB7ZDsef8TLbPLfyZMYXH8WTNqUdm9g8,8t1Lwz8JpeHKgTzaikS3zWukALuPaZ6UU4B57c8WMq5W,3563520,0.00356352,384
vault,Vau1t6sLNxnzB7ZDsef8TLbPLfyZMYXH8WTNqUdm9g8,DZ8wJdktBRARnoR3ZQZCTo6CLAkmL8cwZs1tTssPqfh5,3563520,0.00356352,384
vault,Vau1t6sLNxnzB7ZDsef8TLbPLfyZMYXH8WTNqUdm9g8,HHiUGyM1hxuPXg1AUTeqJeGHv1zWoLAJtVMqxDftLo93,3563520,0.00356352,384
vault,Vau1t6sLNxnzB7ZDsef8TLbPLfyZMYXH8WTNqUdm9g8,FQ3Wdpvbj5zS7TkRKxJH2wrUMudWCSPqFBHhgHkgpCJv,3563520,0.00356352,384
vault,Vau1t6sLNxnzB7ZDsef8TLbPLfyZMYXH8WTNqUdm9g8,DbcEdWD8s8AXo6VdVxjubrdera7kCvG3ynekv5oqqoZD,3563520,0.00356352,384
vault,Vau1t6sLNxnzB7ZDsef8TLbPLfyZMYXH8WTNqUdm9g8,CTUeJP27Xb2uqVjEySEfe38VCBPfVysUnSg4qf2cFhby,3563520,0.00356352,384
vault,Vau1t6sLNxnzB7ZDsef8TLbPLfyZMYXH8WTNqUdm9g8,2YHRUkZa1fbsRwE1TfkGppNVdZax7AoH6vrvkgVZdxqS,8623440,0.00862344,1111
vault,Vau1t6sLNxnzB7ZDsef8TLbPLfyZMYXH8WTNqUdm9g8,2AZchbwFSPXZmd85buqdpvMvZufP3W4tAG2P47D58mM8,3563520,0.00356352,384
vault,Vau1t6sLNxnzB7ZDsef8TLbPLfyZMYXH8WTNqUdm9g8,66N3fTUgVbho2mm2aysjsr7wEbDbaGPqVYuzo6cEedDs,3563520,0.00356352,384
vault,Vau1t6sLNxnzB7ZDsef8TLbPLfyZMYXH8WTNqUdm9g8,CZ47PCVW1iAFneFq2yTQA4SPFQ2Z9zagKKQZDaKmDMkq,3563520,0.00356352,384
vault,Vau1t6sLNxnzB7ZDsef8TLbPLfyZMYXH8WTNqUdm9g8,6N5DNrk3LbSRkWWsR2Z3xphhdJzumLNnUn1d2Q36bgnA,3563520,0.00356352,384
vault,Vau1t6sLNxnzB7ZDsef8TLbPLfyZMYXH8WTNqUdm9g8,7Xj2R3UZCoRLDbDGt5pPwx8qdHdwE7PjPsQzYFwqGNxC,3563520,0.00356352,384
vault,Vau1t6sLNxnzB7ZDsef8TLbPLfyZMYXH8WTNqUdm9g8,3aVWvuhWbsLzGwDRutaxQYHAcjbKnBRp6EtUMFPJsvts,3563520,0.00356352,384
vault,Vau1t6sLNxnzB7ZDsef8TLbPLfyZMYXH8WTNqUdm9g8,4Df18nKBBQkxMPvsrDytL9Yy7u6SEYUF2mfyRdpiVYRZ,3563520,0.00356352,384
vault,Vau1t6sLNxnzB7ZDsef8TLbPLfyZMYXH8WTNqUdm9g8,81YeXYg12waTMrnmLmDU4aFTbqi7dqANA4XXKwmxqo4T,3563520,0.00356352,384
vault,Vau1t6sLNxnzB7ZDsef8TLbPLfyZMYXH8WTNqUdm9g8,9T47Sivxc5NSADF3GCdoWyGa48DsD6QJaoEcGbMF87TZ,3563520,0.00356352,384
vault,Vau1t6sLNxnzB7ZDsef8TLbPLfyZMYXH8WTNqUdm9g8,C66FCYYV97XBTm9gnWiz43GFvNr7Spa1HzzAwfoq6Xv9,3563520,0.00356352,384
vault,Vau1t6sLNxnzB7ZDsef8TLbPLfyZMYXH8WTNqUdm9g8,8tR62x6wxJRVry4EmtKDih6ADqxavVcLXL1H1pkayxAh,8623440,0.00862344,1111
vault,Vau1t6sLNxnzB7ZDsef8TLbPLfyZMYXH8WTNqUdm9g8,6dZrsEx31RVMh3q988dSS86ScjKgGeAy6rmjxzGE1SrX,3563520,0.00356352,384
vault,Vau1t6sLNxnzB7ZDsef8TLbPLfyZMYXH8WTNqUdm9g8,71p9n1TuvfwcvmfuoQuWxyHaQNPJAC8fLyCbrmNK1rgG,3563520,0.00356352,384
vault,Vau1t6sLNxnzB7ZDsef8TLbPLfyZMYXH8WTNqUdm9g8,4pPbxES8Q1mwsNvcGMgCMW8DH8aX9yvhYnTQ5PcKzTFo,3563520,0.00356352,384
vault,Vau1t6sLNxnzB7ZDsef8TLbPLfyZMYXH8WTNqUdm9g8,4ekc5xHJbHCnqj79uLfwGSSBXjbp19WDL8gyxxX93ZbG,3563520,0.00356352,384
vault,Vau1t6sLNxnzB7ZDsef8TLbPLfyZMYXH8WTNqUdm9g8,4CK9rEU2LmB6hzd1s9iYSY8SRjypxCvYpJ9EcZptP2Tc,3563520,0.00356352,384
vault,Vau1t6sLNxnzB7ZDsef8TLbPLfyZMYXH8WTNqUdm9g8,4R1pVR2nEgs8N1avXEuW9HsmhvRAL1LkePuULzLdfTZL,3563520,0.00356352,384
vault,Vau1t6sLNxnzB7ZDsef8TLbPLfyZMYXH8WTNqUdm9g8,GHpo7W3GQqRxChSMnGvzeRXe8TjzrLPw1NyTvtKd6sbn,3563520,0.00356352,384
vault,Vau1t6sLNxnzB7ZDsef8TLbPLfyZMYXH8WTNqUdm9g8,FaQ5GD1YwVoEYhXN6Y3SCcgnTVmPsmHdFMpV6Q1U3gEB,3563520,0.00356352,384
vault,Vau1t6sLNxnzB7ZDsef8TLbPLfyZMYXH8WTNqUdm9g8,5bnGRtqwjmQ9s8aoATKsSKjK4m8C9UU82m9LyFRimAij,3563520,0.00356352,384
vault,Vau1t6sLNxnzB7ZDsef8TLbPLfyZMYXH8WTNqUdm9g8,DPrVf4mTD3VHAkDpoMw2ZFSEVPwgYSMAY2Cn91Qr38Ec,3563520,0.00356352,384
vault,Vau1t6sLNxnzB7ZDsef8TLbPLfyZMYXH8WTNqUdm9g8,3vfBruUvmuhsxEVS23D7fPwbScz5D97meq8K1fetQCr5,3563520,0.00356352,384
vault,Vau1t6sLNxnzB7ZDsef8TLbPLfyZMYXH8WTNqUdm9g8,J7sRqNCYb8RMpL1SvkNsz5w8dGXgQjeKRuUCPKtH4tWE,3563520,0.00356352,384
vault,Vau1t6sLNxnzB7ZDsef8TLbPLfyZMYXH8WTNqUdm9g8,29AHyBg54tSep92LLTk5R6wPrEXnZx5DJjCmHPf16ahP,3563520,0.00356352,384
vault,Vau1t6sLNxnzB7ZDsef8TLbPLfyZMYXH8WTNqUdm9g8,22FvAKiGuJKXPGJmVPnrBPwWq1zZU9kHufqo2NvbAdWM,3563520,0.00356352,384
vault,Vau1t6sLNxnzB7ZDsef8TLbPLfyZMYXH8WTNqUdm9g8,Fi6JTs1GXX8gJrhEeawoURXYtr7du3o31MEkbbwkF4C1,3563520,0.00356352,384
vault,Vau1t6sLNxnzB7ZDsef8TLbPLfyZMYXH8WTNqUdm9g8,D4pFPbj4YNJQyTUy5xKmn25FnUeoPNkccu72cbYMCxnM,3563520,0.00356352,384
vault,Vau1t6sLNxnzB7ZDsef8TLbPLfyZMYXH8WTNqUdm9g8,3N1ySp5zYTs5S6FXhc52bXH1QBGVtwuxxHTPLkAfa6pn,3563520,0.00356352,384
vault,Vau1t6sLNxnzB7ZDsef8TLbPLfyZMYXH8WTNqUdm9g8,4sLu2AmTCPzLczvwBeZMkFUZEMfAsKCiUyN8igK2YH9K,3563520,0.00356352,384
vault,Vau1t6sLNxnzB7ZDsef8TLbPLfyZMYXH8WTNqUdm9g8,F5dQvopfVaJpeya4NQkmb8kw7AWpiCVkhgQie5ytDqCq,3563520,0.00356352,384
vault,Vau1t6sLNxnzB7ZDsef8TLbPLfyZMYXH8WTNqUdm9g8,9wX7Me2pCxnvN7GDNqhqfzwsmXrrF9KfuUJbjGVJHR85,3563520,0.00356352,384
vault,Vau1t6sLNxnzB7ZDsef8TLbPLfyZMYXH8WTNqUdm9g8,8UN6Vnp74m1MC1E9Ao4SxKwCKbQHQyxBDqbxmsoi7Emn,3619200,0.0036192,392
vault,Vau1t6sLNxnzB7ZDsef8TLbPLfyZMYXH8WTNqUdm9g8,BhaBwP4jw9kwyL2ANRqwZCtjCHsswXEtpLwHbc3MKXEm,3563520,0.00356352,384
vault,Vau1t6sLNxnzB7ZDsef8TLbPLfyZMYXH8WTNqUdm9g8,23CJXL9tuD6fxghXH7ypNqGacAz6vNcrWZV4xdNUQdN1,5289600,0.0052896,632
vault,Vau1t6sLNxnzB7ZDsef8TLbPLfyZMYXH8WTNqUdm9g8,DNcxrS22TNsaq8kBbXJoVow7e2deRFeQSRvQGBBtd5rs,3563520,0.00356352,384
vault,Vau1t6sLNxnzB7ZDsef8TLbPLfyZMYXH8WTNqUdm9g8,478cYs6gCBYmB3J59XmZgVLMGDDourHe1bgwRvTZNc4o,3563520,0.00356352,384
vault,Vau1t6sLNxnzB7ZDsef8TLbPLfyZMYXH8WTNqUdm9g8,BmvzHfDi9Vk2AYKRLmondLPbcNacNBbfGanDN5FPeixe,3563520,0.00356352,384
vault,Vau1t6sLNxnzB7ZDsef8TLbPLfyZMYXH8WTNqUdm9g8,CBpoJiJFC1DQc5HsGNYHyFd664YHwb825jjw9DwzLQzh,3563520,0.00356352,384
vault,Vau1t6sLNxnzB7ZDsef8TLbPLfyZMYXH8WTNqUdm9g8,5ePQN6Kr5JiBE1H82a2sm4wPweE75RmhmecMrrAJyKXw,3563520,0.00356352,384
vault,Vau1t6sLNxnzB7ZDsef8TLbPLfyZMYXH8WTNqUdm9g8,9NJFhU7HFdsGxNnp6gBqhftNUxc4QpmgsALGddFGdRQ6,3563520,0.00356352,384
vault,Vau1t6sLNxnzB7ZDsef8TLbPLfyZMYXH8WTNqUdm9g8,2FWmHD3btqjnvA5tTWhhdoTFP11gXrUavm3KY4Xkg1rd,3563520,0.00356352,384
vault,Vau1t6sLNxnzB7ZDsef8TLbPLfyZMYXH8WTNqUdm9g8,A7DD9dpHtB9SfGckBN7kjxPt1nzYTggRLJS66dk47E42,3563520,0.00356352,384
vault,Vau1t6sLNxnzB7ZDsef8TLbPLfyZMYXH8WTNqUdm9g8,2pf4FYxXDUgYybhcPcNafGRZ3VB3Ejwb56xHujHD38YY,3563520,0.00356352,384
vault,Vau1t6sLNxnzB7ZDsef8TLbPLfyZMYXH8WTNqUdm9g8,GzArFH262Ry2wToFhAETvX4sATro9hV6mhZf9Pe1jWuX,3563520,0.00356352,384
vault,Vau1t6sLNxnzB7ZDsef8TLbPLfyZMYXH8WTNqUdm9g8,8MtnzSSZuT1QmnBcnS63VmLBWP6zTRWvuRiP2RrrwHZZ,3563520,0.00356352,384
vault,Vau1t6sLNxnzB7ZDsef8TLbPLfyZMYXH8WTNqUdm9g8,C9kPyhMxNjkXJmwrKfrZtHMZ1T9Ss2Eziu1iRPb1Amtc,3563520,0.00356352,384
vault,Vau1t6sLNxnzB7ZDsef8TLbPLfyZMYXH8WTNqUdm9g8,3osmJiZaUSqLDnwfRkKLGyRCMUqUdcvBxvuXReCj2JQt,3563520,0.00356352,384
vault,Vau1t6sLNxnzB7ZDsef8TLbPLfyZMYXH8WTNqUdm9g8,834tenRPVB6pwNjiBuYWLNN6TwsMR7Dg9XdjR9sRJY5x,3563520,0.00356352,384
vault,Vau1t6sLNxnzB7ZDsef8TLbPLfyZMYXH8WTNqUdm9g8,fC7AXhv2ow9QJDAbkTaftvtLNxCnQrw7HSYfhmADh7S,3563520,0.00356352,384
vault,Vau1t6sLNxnzB7ZDsef8TLbPLfyZMYXH8WTNqUdm9g8,8YnUoGxTeR2xWQ5vvFKiGaxWSES9jQ7vyvZPXw43EQQQ,3563520,0.00356352,384
vault,Vau1t6sLNxnzB7ZDsef8TLbPLfyZMYXH8WTNqUdm9g8,G9fszV7cgyckZ1pAgXstjfmChBF9zs6DswWiCwCLmEtx,3563520,0.00356352,384
vault,Vau1t6sLNxnzB7ZDsef8TLbPLfyZMYXH8WTNqUdm9g8,PKavF31r8y45CxRNgtzMgrXe9iCoX5jefS8Q5HDUUhW,3563520,0.00356352,384
vault,Vau1t6sLNxnzB7ZDsef8TLbPLfyZMYXH8WTNqUdm9g8,5hW8iNKZWVkiszmuVVKAgWdAAQRehcFBvMvLfbxnc1p4,3563520,0.00356352,384
vault,Vau1t6sLNxnzB7ZDsef8TLbPLfyZMYXH8WTNqUdm9g8,6Uy3McQQLLAp8SccdemLzpgppFfFksE9JtUhnArvTSVx,3563520,0.00356352,384
vault,Vau1t6sLNxnzB7ZDsef8TLbPLfyZMYXH8WTNqUdm9g8,2tHPNo3XNRUbmPNhEcLdvnxNGcjznrAbfuCCYMvjh5D5,3563520,0.00356352,384
vault,Vau1t6sLNxnzB7ZDsef8TLbPLfyZMYXH8WTNqUdm9g8,Hk93fLWV3mxc3jwQ9cixcYunrbxK2qtXzUSd3qiqHAvN,3563520,0.00356352,384
vault,Vau1t6sLNxnzB7ZDsef8TLbPLfyZMYXH8WTNqUdm9g8,7CpHjM4Z4xo1f82qKQikw3Ymo6E58yxsasE9xPuKMkio,3563520,0.00356352,384
vault,Vau1t6sLNxnzB7ZDsef8TLbPLfyZMYXH8WTNqUdm9g8,9NobBqnDELCMib53v9w6rKL8BBtC32QK2gEsCGCaJxob,3563520,0.00356352,384
vault,Vau1t6sLNxnzB7ZDsef8TLbPLfyZMYXH8WTNqUdm9g8,4ofUQzXpG9VynqGLr4ZcpPLBhntAPR63n798JqPccG16,5289600,0.0052896,632
vault,Vau1t6sLNxnzB7ZDsef8TLbPLfyZMYXH8WTNqUdm9g8,B3A4PgSxMwNaxqRFtgE85GLTddmHNutuAyxfCcuBuBSF,3563520,0.00356352,384
vault,Vau1t6sLNxnzB7ZDsef8TLbPLfyZMYXH8WTNqUdm9g8,4TjdAK6yF2ALy5y34oS1P8jetyUge64gBAcoJUuvN6bs,3563520,0.00356352,384
vault,Vau1t6sLNxnzB7ZDsef8TLbPLfyZMYXH8WTNqUdm9g8,AsNmpEfffrwX7bnmXsDe537Uep6aM9swL7a8RJKCFAvf,3563520,0.00356352,384
vault,Vau1t6sLNxnzB7ZDsef8TLbPLfyZMYXH8WTNqUdm9g8,GjdQJpcvtnRA9B6WTifMZHaPFzHUm1QLjxFUnAgeT1RT,3563520,0.00356352,384
vault,Vau1t6sLNxnzB7ZDsef8TLbPLfyZMYXH8WTNqUdm9g8,GBghcfg3vuWXUButu7ieoaDA9ZM7B1qYwEqErnoVds8T,3563520,0.00356352,384
vault,Vau1t6sLNxnzB7ZDsef8TLbPLfyZMYXH8WTNqUdm9g8,FW1sbcUXCkiRRA1t4jzRTVcD4r81vCmBEdtvP7btsLaf,3563520,0.00356352,384
vault,Vau1t6sLNxnzB7ZDsef8TLbPLfyZMYXH8WTNqUdm9g8,HpcyaWBvyhtU22zR4zj58br72Z9KVtVXdn6jPMBGgvN2,3563520,0.00356352,384
vault,Vau1t6sLNxnzB7ZDsef8TLbPLfyZMYXH8WTNqUdm9g8,EwgjvRGYuyveJ6TZbg49nuizxNGDopoy65Eq842QQv1p,3563520,0.00356352,384
vault,Vau1t6sLNxnzB7ZDsef8TLbPLfyZMYXH8WTNqUdm9g8,Hk5CYs1fdLxBrYrk78xEqjcMCWqy4Tn9DiKv3FZN49Nv,3563520,0.00356352,384
vault,Vau1t6sLNxnzB7ZDsef8TLbPLfyZMYXH8WTNqUdm9g8,BB6mjjquhAPwVCs8Mmbhf95ELxwcGaMyTeR5LQpJFTmZ,3563520,0.00356352,384
vault,Vau1t6sLNxnzB7ZDsef8TLbPLfyZMYXH8WTNqUdm9g8,ASoF2X9cHkHYeEuaNopjyLjsk2X6BMfia2GE29uTj7KK,3563520,0.00356352,384
vault,Vau1t6sLNxnzB7ZDsef8TLbPLfyZMYXH8WTNqUdm9g8,9x7rVZ86nYbmygQobiaeFvRjn1vZkm9AQDRMQ7vFympq,3563520,0.00356352,384
vault,Vau1t6sLNxnzB7ZDsef8TLbPLfyZMYXH8WTNqUdm9g8,7bdCAHg1QyKEDn5zH26UMn3Vbtf47jUQLL8wUH5Z3fsL,3563520,0.00356352,384
vault,Vau1t6sLNxnzB7ZDsef8TLbPLfyZMYXH8WTNqUdm9g8,CNCJRKxgsMuUNATadQYmUPbCCXBqFAJFghdGup8hFDWE,3563520,0.00356352,384
vault,Vau1t6sLNxnzB7ZDsef8TLbPLfyZMYXH8WTNqUdm9g8,tvFSQHRqp8mjTQU3y7yMPtAfMGhddW9n6hV2EAi8C8o,3563520,0.00356352,384
vault,Vau1t6sLNxnzB7ZDsef8TLbPLfyZMYXH8WTNqUdm9g8,32Y9zKCeEqTww1AGUZo2ZZwJCQujtUp2bEVbxP854hQL,5289600,0.0052896,632
vault,Vau1t6sLNxnzB7ZDsef8TLbPLfyZMYXH8WTNqUdm9g8,6tw5i6NbwufZz4MQ6tEC5cg6c8Qr2RC2qvy8qx4jFGBM,3563520,0.00356352,384
vault,Vau1t6sLNxnzB7ZDsef8TLbPLfyZMYXH8WTNqUdm9g8,F4FGpe7yXJavFs5qgNjhx2hpPxbFHs2tRvnSKh2cJeFP,3563520,0.00356352,384
vault,Vau1t6sLNxnzB7ZDsef8TLbPLfyZMYXH8WTNqUdm9g8,9XuGB8EXjMBqYUhkmt2o83UFpSHNpSevijr1J2j5cRGw,5289600,0.0052896,632
vault,Vau1t6sLNxnzB7ZDsef8TLbPLfyZMYXH8WTNqUdm9g8,BcTizRNfMwzT3VESRibADcq19pa5B6m13K6FNA5tXMkh,3563520,0.00356352,384
vault,Vau1t6sLNxnzB7ZDsef8TLbPLfyZMYXH8WTNqUdm9g8,CxbJtCMKesGo7C4k6jPUrFDsR93fHLRTk4EGnsLFT34J,3563520,0.00356352,384
vault,Vau1t6sLNxnzB7ZDsef8TLbPLfyZMYXH8WTNqUdm9g8,2EfCBXdAME796aD6geSAvVV8vFffCCjyfNPedkTibR1z,8623440,0.00862344,1111
vault,Vau1t6sLNxnzB7ZDsef8TLbPLfyZMYXH8WTNqUdm9g8,DtBojaDhtcAua6sQXRRiQtbRxnboiFniTvZSB8d147wL,3563520,0.00356352,384
vault,Vau1t6sLNxnzB7ZDsef8TLbPLfyZMYXH8WTNqUdm9g8,DU7bCWAY4dWHEdKr2a1nCgniZkvRncKk9TvqD9vCDDMh,3563520,0.00356352,384
vault,Vau1t6sLNxnzB7ZDsef8TLbPLfyZMYXH8WTNqUdm9g8,F6P5evtW34HvZMbFVAJ3ZSsvkYvd1gBMJo726aEXnUr7,5289600,0.0052896,632
vault,Vau1t6sLNxnzB7ZDsef8TLbPLfyZMYXH8WTNqUdm9g8,sbAYoPuxFdNQ9xGvPKsFCfvsBZ6uCzHTa3GFwKmCH3c,3563520,0.00356352,384
vault,Vau1t6sLNxnzB7ZDsef8TLbPLfyZMYXH8WTNqUdm9g8,gPjqtvyAnN3vWJU11QoZeJEnpTgMeJnZPFswMTiByTW,3563520,0.00356352,384
vault,Vau1t6sLNxnzB7ZDsef8TLbPLfyZMYXH8WTNqUdm9g8,3xurZsCK5ntKsybM1XiUnxhvMYH5YJGQ2pke3FgXJWbw,3563520,0.00356352,384
vault,Vau1t6sLNxnzB7ZDsef8TLbPLfyZMYXH8WTNqUdm9g8,4cyNbhSZgVm7FZxgd147H3QZ8FSR5KzRCcSCS7mZZZXS,3563520,0.00356352,384
vault,Vau1t6sLNxnzB7ZDsef8TLbPLfyZMYXH8WTNqUdm9g8,J2agwfYimp7myAq8vE7yHZWCPeq8RWvRTgq174XWyLUs,3563520,0.00356352,384
vault,Vau1t6sLNxnzB7ZDsef8TLbPLfyZMYXH8WTNqUdm9g8,ChsnXQmoTG9vLiTs2S9Hd1tH19f6p123woQByBxSCmFF,3563520,0.00356352,384
vault,Vau1t6sLNxnzB7ZDsef8TLbPLfyZMYXH8WTNqUdm9g8,69giEZ2PCd5Ls3hmPuoJvPAiYajBEWPMGkTueoeeVKw2,3563520,0.00356352,384
vault,Vau1t6sLNxnzB7ZDsef8TLbPLfyZMYXH8WTNqUdm9g8,6mFE4bYgL7iPsN4uvMDtpcpWMbMPzFexc83pFvkb3ijA,3563520,0.00356352,384
vault,Vau1t6sLNxnzB7ZDsef8TLbPLfyZMYXH8WTNqUdm9g8,4fcUMrFBSgXXgnV4Cq86GeG2pEofgkJ6E6vHT26nFzUH,3563520,0.00356352,384
vault,Vau1t6sLNxnzB7ZDsef8TLbPLfyZMYXH8WTNqUdm9g8,8WgP3NgtVWLFuSzCk7aBz7FLuqEpcJwRPhkNJ5PnBTsV,8623440,0.00862344,1111
vault,Vau1t6sLNxnzB7ZDsef8TLbPLfyZMYXH8WTNqUdm9g8,5CCSvMMXkesxvJAp7aby4K1PghH1hBhjMM1kfU6hzduQ,3563520,0.00356352,384
vault,Vau1t6sLNxnzB7ZDsef8TLbPLfyZMYXH8WTNqUdm9g8,qa8Y68roQkcFZKNuXgdhUZTo9eheKTQUZx3YpqGfh5S,5289600,0.0052896,632
vault,Vau1t6sLNxnzB7ZDsef8TLbPLfyZMYXH8WTNqUdm9g8,FCkchPEqFQhuKEzbt51ygAf4DcE3qugR8jLNmTebTaDH,3563520,0.00356352,384
vault,Vau1t6sLNxnzB7ZDsef8TLbPLfyZMYXH8WTNqUdm9g8,3BZCBYbiwCqNGX9cTBjwPKvREusydyXbcbebTFd9Z7vd,8623440,0.00862344,1111
vault,Vau1t6sLNxnzB7ZDsef8TLbPLfyZMYXH8WTNqUdm9g8,896Cnn8aUayF4XCMfVoNVXAcxeiFdASouHJw2vuhvh8T,3563520,0.00356352,384
vault,Vau1t6sLNxnzB7ZDsef8TLbPLfyZMYXH8WTNqUdm9g8,Ded5RH57jbsEDafx6etv1taVTgAkF7rrrFZBDshD2s8C,5289600,0.0052896,632
vault,Vau1t6sLNxnzB7ZDsef8TLbPLfyZMYXH8WTNqUdm9g8,Gixc16aYv1n8wbGR31orbDv85DugWGqAsBKMmcAxBKQ5,3563520,0.00356352,384
vault,Vau1t6sLNxnzB7ZDsef8TLbPLfyZMYXH8WTNqUdm9g8,3ArYDDm4WmRFXRtGXXdjLXfxB4s6h6UyFZKiX9ohq57t,3563520,0.00356352,384
vault,Vau1t6sLNxnzB7ZDsef8TLbPLfyZMYXH8WTNqUdm9g8,2af8DKAaVU9tNJdHGbWcN5H8AbX2LqzakjxFQCoQas5w,3563520,0.00356352,384
vault,Vau1t6sLNxnzB7ZDsef8TLbPLfyZMYXH8WTNqUdm9g8,3Yo7cejyeBGMppym4ouRPsW9A8SEYdHg3G51W3gDY3zy,3563520,0.00356352,384
vault,Vau1t6sLNxnzB7ZDsef8TLbPLfyZMYXH8WTNqUdm9g8,FABZGeX5fgQjSiau52WQPQehDXsUSUwNqaaTYeVinTEi,3563520,0.00356352,384
vault,Vau1t6sLNxnzB7ZDsef8TLbPLfyZMYXH8WTNqUdm9g8,BNuX3fEBTn1uSBAVQEVpGamDQSy5HWoP44RF8GFMcKt2,3563520,0.00356352,384
vault,Vau1t6sLNxnzB7ZDsef8TLbPLfyZMYXH8WTNqUdm9g8,Brg48BWiHXFzW1iTezPnT6sTahMFnM9ntg56xfABE4g2,3563520,0.00356352,384
vault,Vau1t6sLNxnzB7ZDsef8TLbPLfyZMYXH8WTNqUdm9g8,85g6mHSvMUrYSApCDMg35HCXXkcQPwo8XY2q1McYVeAt,3563520,0.00356352,384
vault,Vau1t6sLNxnzB7ZDsef8TLbPLfyZMYXH8WTNqUdm9g8,5ijy3EamrSEmzwfYCbb6zfHaTafRixZY2cKBXmNoqder,3563520,0.00356352,384
vault,Vau1t6sLNxnzB7ZDsef8TLbPLfyZMYXH8WTNqUdm9g8,GHcdYXy1HFM7tSChWLT6hp86rNm455eWhxatu9P217TV,3563520,0.00356352,384
vault,Vau1t6sLNxnzB7ZDsef8TLbPLfyZMYXH8WTNqUdm9g8,5XbfPUTCCd9UjBpmNbJAgSsDmTw2VhMnuCcNi9sczkzH,3563520,0.00356352,384
vault,Vau1t6sLNxnzB7ZDsef8TLbPLfyZMYXH8WTNqUdm9g8,HNQM47waSKFf9WJiSokejjGc8VEev8YCQJA4vGxmAhP3,5289600,0.0052896,632
vault,Vau1t6sLNxnzB7ZDsef8TLbPLfyZMYXH8WTNqUdm9g8,8wB9fW4BAm5NDdq5voPTfoukw4DnPsdgP2WkyPqBb6gC,3563520,0.00356352,384
vault,Vau1t6sLNxnzB7ZDsef8TLbPLfyZMYXH8WTNqUdm9g8,4fvucTBF4sEovVGKjpNBdmd8K6q6jA1TL3t3QhGPpfow,3563520,0.00356352,384
vault,Vau1t6sLNxnzB7ZDsef8TLbPLfyZMYXH8WTNqUdm9g8,6aBAt7ATQZqAQfihHdpZga2urEf6YRkGDngJrMii7fNm,3563520,0.00356352,384
vault,Vau1t6sLNxnzB7ZDsef8TLbPLfyZMYXH8WTNqUdm9g8,3DTUPFaQDJJwMgobUZ5ZfqQiFe7PaxAWCEvj9RYQ3tKV,3563520,0.00356352,384
vault,Vau1t6sLNxnzB7ZDsef8TLbPLfyZMYXH8WTNqUdm9g8,5E2K1VdKyACbuBoatFTc9dX5DHqZXUnQ63T9aHs3Jsc1,5289600,0.0052896,632
vault,Vau1t6sLNxnzB7ZDsef8TLbPLfyZMYXH8WTNqUdm9g8,76uqSjbz5zAyXo9ZYGL6WusrhuF1R3vuKYeFuyhvGHJy,3563520,0.00356352,384
vault,Vau1t6sLNxnzB7ZDsef8TLbPLfyZMYXH8WTNqUdm9g8,AXsvRoi2nvUAp5mhaiiGNuVkSsyyP74CEEhTPYstQuNP,3563520,0.00356352,384
vault,Vau1t6sLNxnzB7ZDsef8TLbPLfyZMYXH8WTNqUdm9g8,8RiQLiejZLF9rdjDywxkH68yz8JqdfsqdjUEzKoitg8k,3563520,0.00356352,384
vault,Vau1t6sLNxnzB7ZDsef8TLbPLfyZMYXH8WTNqUdm9g8,4Ci4ZpvBE981scbtQvRq6ep6X4KAiVuvEfaTHMjVexpM,3563520,0.00356352,384
vault,Vau1t6sLNxnzB7ZDsef8TLbPLfyZMYXH8WTNqUdm9g8,8QN7exoC4pWQggpx4yCUsZyXQdP1LUhgRnJzJwA8MybV,3563520,0.00356352,384
vault,Vau1t6sLNxnzB7ZDsef8TLbPLfyZMYXH8WTNqUdm9g8,A4tWK2qoCQLEs8ajSm3Gj6ZuKFbzwb4zgCd8MpdLDxzd,3563520,0.00356352,384
vault,Vau1t6sLNxnzB7ZDsef8TLbPLfyZMYXH8WTNqUdm9g8,8vLRo648yFpe21kWNcuwyWgdWbWooThXrbjnWubYgNq2,3563520,0.00356352,384
vault,Vau1t6sLNxnzB7ZDsef8TLbPLfyZMYXH8WTNqUdm9g8,td6gvZRYXLD7nMWeJA8zsxsNmo1DhRCnndanj6v1zcB,3563520,0.00356352,384
vault,Vau1t6sLNxnzB7ZDsef8TLbPLfyZMYXH8WTNqUdm9g8,EXYNrXAZC1Wv1HVBjkjoQxUfPJNbhNEqFdXXTKKco4b7,3563520,0.00356352,384
vault,Vau1t6sLNxnzB7ZDsef8TLbPLfyZMYXH8WTNqUdm9g8,FPM9uaM9yJZp7HWMbD5CjjHUqWVKomMrgPvNjQb1hRr9,3563520,0.00356352,384
vault,Vau1t6sLNxnzB7ZDsef8TLbPLfyZMYXH8WTNqUdm9g8,GJrHTnwQLm31edvtqovGmNeA5Qc7NYsbVAHtUGXxuYPs,3563520,0.00356352,384
vault,Vau1t6sLNxnzB7ZDsef8TLbPLfyZMYXH8WTNqUdm9g8,H6ATn67hj7eBTi4Zs7txTv83uNHbPvnbfKPrj6SdkpdJ,3563520,0.00356352,384
vault,Vau1t6sLNxnzB7ZDsef8TLbPLfyZMYXH8WTNqUdm9g8,7o7dpHCnF4dP9sZZoAypEP4DHYrmDVbAvq8oWeuB8a9L,3563520,0.00356352,384
vault,Vau1t6sLNxnzB7ZDsef8TLbPLfyZMYXH8WTNqUdm9g8,DJZ1d5neYCcFdU99mN8VhjxRJ1Ki18BLkBib6B9q2YL2,3563520,0.00356352,384
vault,Vau1t6sLNxnzB7ZDsef8TLbPLfyZMYXH8WTNqUdm9g8,FFzVb4W51BqLwxQjGF339uFnRd5sYhwGMra8gRZ2qk4W,3563520,0.00356352,384
vault,Vau1t6sLNxnzB7ZDsef8TLbPLfyZMYXH8WTNqUdm9g8,4fXxtT7eHkqjHPW9VquCHdes1K3s637n14HC7Sr7FkEw,3563520,0.00356352,384
vault,Vau1t6sLNxnzB7ZDsef8TLbPLfyZMYXH8WTNqUdm9g8,2dgbGvfyRH4zioJaDfBSe1aRqxYxdyK7ErWJcLARcDi7,3563520,0.00356352,384
vault,Vau1t6sLNxnzB7ZDsef8TLbPLfyZMYXH8WTNqUdm9g8,3AjHjuZYhqvCgvcZtqcMRyn7dPnJGJK1Q5tfun7aKio1,3563520,0.00356352,384
vault,Vau1t6sLNxnzB7ZDsef8TLbPLfyZMYXH8WTNqUdm9g8,8G2E4PUwh5jhhCz9irjrgA8Y5TUomdHPnK3fxjfq9vak,3563520,0.00356352,384
vault,Vau1t6sLNxnzB7ZDsef8TLbPLfyZMYXH8WTNqUdm9g8,5Rnr56r7UHuRfnR3dbAQzi4UFzMpPPfwfkLujnNNcSw2,3563520,0.00356352,384
vault,Vau1t6sLNxnzB7ZDsef8TLbPLfyZMYXH8WTNqUdm9g8,EqTRcX5f235sL9dq5MXMRxVdpTWsjbB6asnt3aDAofcJ,3563520,0.00356352,384
vault,Vau1t6sLNxnzB7ZDsef8TLbPLfyZMYXH8WTNqUdm9g8,2Aj3ZKVX3goVKeVbpdJi2g9h34BDPQcEUj484zkf5Y7Y,3563520,0.00356352,384
vault,Vau1t6sLNxnzB7ZDsef8TLbPLfyZMYXH8WTNqUdm9g8,CMw7iJQyV1xEnVaydDYpCdS9etddrcAUtBbQWSCytNpa,8623440,0.00862344,1111
vault,Vau1t6sLNxnzB7ZDsef8TLbPLfyZMYXH8WTNqUdm9g8,G9nokcwvHPeT3URQEuVibkHtKtgxMNSoUuyyiQVhCmY3,3563520,0.00356352,384
vault,Vau1t6sLNxnzB7ZDsef8TLbPLfyZMYXH8WTNqUdm9g8,DFbRy6kUcbzrXsTWySyPECnUWYef1iQE5dd6N4e4qD6J,3563520,0.00356352,384
vault,Vau1t6sLNxnzB7ZDsef8TLbPLfyZMYXH8WTNqUdm9g8,DJuUri5VxFYbSq3jEu364zJKrLNaLnUrjxhUL9KkCQJ5,3563520,0.00356352,384
vault,Vau1t6sLNxnzB7ZDsef8TLbPLfyZMYXH8WTNqUdm9g8,F35zMM6ZqHAVC9gemStVn2BdkxhdBFiaUsLSVZ6kNs6b,3563520,0.00356352,384
vault,Vau1t6sLNxnzB7ZDsef8TLbPLfyZMYXH8WTNqUdm9g8,ESVXhmib7qvnKrTmNqbkJRCLW3unBJxeJ8jYvFLa8c4r,3563520,0.00356352,384
vault,Vau1t6sLNxnzB7ZDsef8TLbPLfyZMYXH8WTNqUdm9g8,5FiC8ok5X2ZsBMy5qHKRZYBcuDV9sXmEZZVAq5NLpJhb,3563520,0.00356352,384
vault,Vau1t6sLNxnzB7ZDsef8TLbPLfyZMYXH8WTNqUdm9g8,J3KHbeMhBiF5YhezTFc3fa8PJSEavBfEgNfPxnvYG6RH,3563520,0.00356352,384
vault,Vau1t6sLNxnzB7ZDsef8TLbPLfyZMYXH8WTNqUdm9g8,DT3znMZg61qogYLcVkE7tUhWjQ2fabvGbu56gYVSZ5up,3563520,0.00356352,384
vault,Vau1t6sLNxnzB7ZDsef8TLbPLfyZMYXH8WTNqUdm9g8,CQbCDnCbWBXgbAALUpp9ePd9T5yfX5qQGGmRXJb75AJT,3563520,0.00356352,384
vault,Vau1t6sLNxnzB7ZDsef8TLbPLfyZMYXH8WTNqUdm9g8,4KhUN9chZzZWmjGci3SemV5PDamnVLjQvzHuD4trWGnJ,3619200,0.0036192,392
vault,Vau1t6sLNxnzB7ZDsef8TLbPLfyZMYXH8WTNqUdm9g8,AYsijpn4tfsw72ifKeRQy3QRCnVGR3CXa7nsvmFiwrpa,3563520,0.00356352,384
vault,Vau1t6sLNxnzB7ZDsef8TLbPLfyZMYXH8WTNqUdm9g8,2GqP1TWN8Tb8L1pMmtwqbyKb2pCjhDE6PCzjpezCFJTs,3563520,0.00356352,384
vault,Vau1t6sLNxnzB7ZDsef8TLbPLfyZMYXH8WTNqUdm9g8,7JB4Ez1EJCbMEjo9AWkVr32sm9uDY5csLEoVPMFewC41,3563520,0.00356352,384
vault,Vau1t6sLNxnzB7ZDsef8TLbPLfyZMYXH8WTNqUdm9g8,NFY7dGctqp9RZMwNSM3zUUCJVr7JwkhGABn3YB9E9X6,8623440,0.00862344,1111
vault,Vau1t6sLNxnzB7ZDsef8TLbPLfyZMYXH8WTNqUdm9g8,GSP5hvtn4LD1wkUHuMyERLR3BmXuqk43gt41xGX6WSVf,3619200,0.0036192,392
vault,Vau1t6sLNxnzB7ZDsef8TLbPLfyZMYXH8WTNqUdm9g8,82SYY2VVPMQ6D8orBbPidfdJSn1VxdtpuhZoyod7XJfU,3563520,0.00356352,384
vault,Vau1t6sLNxnzB7ZDsef8TLbPLfyZMYXH8WTNqUdm9g8,2DrB7LNMZXjNTNUQTJV6x1oNJY8dP3Vfjcx1RA3SL15v,3563520,0.00356352,384
vault,Vau1t6sLNxnzB7ZDsef8TLbPLfyZMYXH8WTNqUdm9g8,5mk52VxLUninc5ssSJEcnhUUX75PRuV3xnnPFipXpajV,3563520,0.00356352,384
vault,Vau1t6sLNxnzB7ZDsef8TLbPLfyZMYXH8WTNqUdm9g8,kgCg3d9fPTvnpTLnRgM28RMhVpUpXXoi35njMfGDpEh,3563520,0.00356352,384
vault,Vau1t6sLNxnzB7ZDsef8TLbPLfyZMYXH8WTNqUdm9g8,DKaVFqH4C7KCDYL4U18NWyjFadqpz4AzxkKm9hnt5H5R,3563520,0.00356352,384
vault,Vau1t6sLNxnzB7ZDsef8TLbPLfyZMYXH8WTNqUdm9g8,GZguzteS1QWebCcq2TkwEewp9S8tZaHbpMAXB57StyDv,3563520,0.00356352,384
vault,Vau1t6sLNxnzB7ZDsef8TLbPLfyZMYXH8WTNqUdm9g8,BZpLiqS9e7HcwMRNH6Wot8pA7FN9gw7pVYnPUnDzt2Pt,3563520,0.00356352,384
vault,Vau1t6sLNxnzB7ZDsef8TLbPLfyZMYXH8WTNqUdm9g8,6d5zAwnfM6xb11ibJAFFprPykCzYw3MHXmDq9sw8w7fG,3563520,0.00356352,384
vault,Vau1t6sLNxnzB7ZDsef8TLbPLfyZMYXH8WTNqUdm9g8,BGHk85DaXtLeHWKAAEFmYAKft6Pqhp8wx88vwHDBmox9,3563520,0.00356352,384
vault,Vau1t6sLNxnzB7ZDsef8TLbPLfyZMYXH8WTNqUdm9g8,CSpUws4AR58TXGF8UrGtKtrCf7HJZesiR6vneA3F2gzt,3563520,0.00356352,384
vault,Vau1t6sLNxnzB7ZDsef8TLbPLfyZMYXH8WTNqUdm9g8,4us8ccnhw2AWRfCRrbyxctqz2CFjpmdyKuGxHpD2Q2gV,3563520,0.00356352,384
vault,Vau1t6sLNxnzB7ZDsef8TLbPLfyZMYXH8WTNqUdm9g8,Hfar5t7iis4XmJMMBVAyTtcyhkQ7x3CVTYJNTGHmdeJH,3563520,0.00356352,384
vault,Vau1t6sLNxnzB7ZDsef8TLbPLfyZMYXH8WTNqUdm9g8,2jgFrCHzVaT66ta7B2phEUqKY6AM7N6UJyfZXUadwPtd,3563520,0.00356352,384
vault,Vau1t6sLNxnzB7ZDsef8TLbPLfyZMYXH8WTNqUdm9g8,9CrthBSVYSBG5oRDb1bc17frgcSDbPG58yoQsim6FTVk,3563520,0.00356352,384
vault,Vau1t6sLNxnzB7ZDsef8TLbPLfyZMYXH8WTNqUdm9g8,H8eCryX5SyXvPYmM3hkYJMB2rC4NPM54gJcPb1xDqTCF,3563520,0.00356352,384
vault,Vau1t6sLNxnzB7ZDsef8TLbPLfyZMYXH8WTNqUdm9g8,HkUdzgc8Sck9SJLyKwc9iXVBr9RTttjqFhKmtmtfin4C,3563520,0.00356352,384
vault,Vau1t6sLNxnzB7ZDsef8TLbPLfyZMYXH8WTNqUdm9g8,3xxutGxx1q5rFqz8LQcmBLtrVxQnjGZzCjTPPWsfe2tm,5289600,0.0052896,632
vault,Vau1t6sLNxnzB7ZDsef8TLbPLfyZMYXH8WTNqUdm9g8,BuMnuqyAkkWbEkSaufhKd8GhPXWQhoxpiY1Ei3etRB7k,5289600,0.0052896,632
vault,Vau1t6sLNxnzB7ZDsef8TLbPLfyZMYXH8WTNqUdm9g8,2yd37Y69UitvdduAYRwv6F8QHgekHrkP6kgiFXZHVe33,3563520,0.00356352,384
vault,Vau1t6sLNxnzB7ZDsef8TLbPLfyZMYXH8WTNqUdm9g8,HVyKLHf2m5iZ5GhynVL7Z3wwTKEY2gC8ThXNXCRSdcKf,3563520,0.00356352,384
vault,Vau1t6sLNxnzB7ZDsef8TLbPLfyZMYXH8WTNqUdm9g8,3yEN5Hrd2qi3S7dTDad5ii5BhBf7TSJuAJQeNXawznWW,3563520,0.00356352,384
vault,Vau1t6sLNxnzB7ZDsef8TLbPLfyZMYXH8WTNqUdm9g8,EKdNzvPMskc78gEMTZdAcWWGUWiDY5ZMvCDbLmUMYYN2,3563520,0.00356352,384
vault,Vau1t6sLNxnzB7ZDsef8TLbPLfyZMYXH8WTNqUdm9g8,5yL2S2wKhLzDizb1szYJVbKVQZWDQ4gFXLSmM8aKjvxV,3563520,0.00356352,384
vault,Vau1t6sLNxnzB7ZDsef8TLbPLfyZMYXH8WTNqUdm9g8,Ftau47Xwf1mif2WmAhDdqxyxr4VerB9AjWbuH6i7GHMY,3563520,0.00356352,384
vault,Vau1t6sLNxnzB7ZDsef8TLbPLfyZMYXH8WTNqUdm9g8,Cf84aYtrnUbVpUFnSdSjigozQR4hEi8xcj5sNEH9hyxM,3563520,0.00356352,384
vault,Vau1t6sLNxnzB7ZDsef8TLbPLfyZMYXH8WTNqUdm9g8,FHfY7Vr198uSXv4P4EtgQRbfdURZbRSRZrjj3c5bdxDL,3563520,0.00356352,384
vault,Vau1t6sLNxnzB7ZDsef8TLbPLfyZMYXH8WTNqUdm9g8,GiybtS4onrF4dCf9tCwQfFar2HhknAr2Hqcgd5j7ZUVA,3563520,0.00356352,384
vault,Vau1t6sLNxnzB7ZDsef8TLbPLfyZMYXH8WTNqUdm9g8,8QsZDLrWtGMwKwNT3f2vXhBcQRHHJf3PcXQJ1gMnLntL,3563520,0.00356352,384
vault,Vau1t6sLNxnzB7ZDsef8TLbPLfyZMYXH8WTNqUdm9g8,4GMgtkfGCr7yb7LvVewiBbcaGjzMoVtWLNvN395bbPeg,8623440,0.00862344,1111
vault,Vau1t6sLNxnzB7ZDsef8TLbPLfyZMYXH8WTNqUdm9g8,BPXw7qpZ6nQYu3XeryK42FBUpdhCknqW4MZjkbZeUMMh,3563520,0.00356352,384
vault,Vau1t6sLNxnzB7ZDsef8TLbPLfyZMYXH8WTNqUdm9g8,EZXajuKxbgotWA4hsaNxqtV2Z27SVPepf5M8XeYmEb9,3563520,0.00356352,384
vault,Vau1t6sLNxnzB7ZDsef8TLbPLfyZMYXH8WTNqUdm9g8,7LaZfSahqMWntiTNGPnY7RCqifEak5XxPtaApEgL2k8,3563520,0.00356352,384
vault,Vau1t6sLNxnzB7ZDsef8TLbPLfyZMYXH8WTNqUdm9g8,5uzLozECzJGrB3hAeRjp68jDzAX2eENn2M8wCS5QKJb9,5289600,0.0052896,632
vault,Vau1t6sLNxnzB7ZDsef8TLbPLfyZMYXH8WTNqUdm9g8,CBEbxQNNh5nAfzi86q5962Lqb9UH6yzQ9v7ssSM61kdn,3563520,0.00356352,384
vault,Vau1t6sLNxnzB7ZDsef8TLbPLfyZMYXH8WTNqUdm9g8,7kqZsEdt1dMoX8QmteqD6dZpHmgELMPBwezWzXpA7Fx4,3563520,0.00356352,384
vault,Vau1t6sLNxnzB7ZDsef8TLbPLfyZMYXH8WTNqUdm9g8,DVQuK8qi2hkE6xWX1tCKSTvyfxuVAcrjVToSeFJiQpn,3563520,0.00356352,384
vault,Vau1t6sLNxnzB7ZDsef8TLbPLfyZMYXH8WTNqUdm9g8,DeXFqEJGy1BguzxxzFuqDEfXdsR4qVjvbFAMdKP4fdoa,3563520,0.00356352,384
vault,Vau1t6sLNxnzB7ZDsef8TLbPLfyZMYXH8WTNqUdm9g8,3TTRGreTPbMXg4GE3KpKr5ZumgW4EV9ekkFswwEx7dDR,3563520,0.00356352,384
vault,Vau1t6sLNxnzB7ZDsef8TLbPLfyZMYXH8WTNqUdm9g8,CeHQr9DNwGfmPBRt2CXzaByoyhahZh4CzsnQ5SJLgFUT,3563520,0.00356352,384
vault,Vau1t6sLNxnzB7ZDsef8TLbPLfyZMYXH8WTNqUdm9g8,sezSJQ3ofbrKtwVCMy4nS5KtFzYpCSJMQX3UPNAxMpK,3563520,0.00356352,384
vault,Vau1t6sLNxnzB7ZDsef8TLbPLfyZMYXH8WTNqUdm9g8,GPXWoCPpkNHJvib64h3xN8LcyKJJkeX6nhV27gtVjaD8,3563520,0.00356352,384
vault,Vau1t6sLNxnzB7ZDsef8TLbPLfyZMYXH8WTNqUdm9g8,EuSkKoNzhFmJNHfTjzDxjKPgPPLThELYsrsDTATr46Kb,3563520,0.00356352,384
vault,Vau1t6sLNxnzB7ZDsef8TLbPLfyZMYXH8WTNqUdm9g8,B1SYLiA2QCu3yeaXsz9twWDCdSqgETDA43pYWPtwsUUh,5289600,0.0052896,632
vault,Vau1t6sLNxnzB7ZDsef8TLbPLfyZMYXH8WTNqUdm9g8,2iz5fNJevGqsHq9PgYX4FKLVMaVUmoHJQihJnKgC9bey,8623440,0.00862344,1111
vault,Vau1t6sLNxnzB7ZDsef8TLbPLfyZMYXH8WTNqUdm9g8,ANfYfsL7nndkoHcYbf1htCiSBpkgBRFQ5339iPmENvWb,3563520,0.00356352,384
vault,Vau1t6sLNxnzB7ZDsef8TLbPLfyZMYXH8WTNqUdm9g8,2Q5mGxPKxdtsfWMz2qJqKYivkr4h9XqA9VevVVqHGVN8,3563520,0.00356352,384
vault,Vau1t6sLNxnzB7ZDsef8TLbPLfyZMYXH8WTNqUdm9g8,HnSNfoQm2wCe4FRusNK89kV5uvp3ezjNoHm9ohFmzzVP,3563520,0.00356352,384
vault,Vau1t6sLNxnzB7ZDsef8TLbPLfyZMYXH8WTNqUdm9g8,AR5t573jPqqt34V39tFxR3pdzjNYDPtdDKPr1eib83Bd,3563520,0.00356352,384
vault,Vau1t6sLNxnzB7ZDsef8TLbPLfyZMYXH8WTNqUdm9g8,7Tbwt5BYUvYrqdwSrjthd6HMmuiAsFT7PNeCankeE9E4,3563520,0.00356352,384
vault,Vau1t6sLNxnzB7ZDsef8TLbPLfyZMYXH8WTNqUdm9g8,3N3ZwuQrCpdzn9wif3xPZYL92G5XCfAzfYj3c2sNa7fU,3563520,0.00356352,384
vault,Vau1t6sLNxnzB7ZDsef8TLbPLfyZMYXH8WTNqUdm9g8,HLpataJyLTgW9xSvKPVT66z3NKwXxbEBFhq5nSaZveYJ,3563520,0.00356352,384
vault,Vau1t6sLNxnzB7ZDsef8TLbPLfyZMYXH8WTNqUdm9g8,7Z1ssnxHEw51ieeJR1baJ8fNW2AdH72bQVU2cxkJY9G5,5289600,0.0052896,632
vault,Vau1t6sLNxnzB7ZDsef8TLbPLfyZMYXH8WTNqUdm9g8,C58YbC2pTq6wnp86MmHe57UHm3LM3eTgJiET34v7MpCw,3563520,0.00356352,384
vault,Vau1t6sLNxnzB7ZDsef8TLbPLfyZMYXH8WTNqUdm9g8,8anjkgFrYaoHjDemVP77WRbFXrdTzHgouZdo3AF7c4mw,3566520,0.00356652,384
vault,Vau1t6sLNxnzB7ZDsef8TLbPLfyZMYXH8WTNqUdm9g8,Ae9nPNrxwM6isCpPR1jEiYrfKHxG5Ph6HEa9VEvaFzop,3563520,0.00356352,384
vault,Vau1t6sLNxnzB7ZDsef8TLbPLfyZMYXH8WTNqUdm9g8,GsKhAThQ4UGXC6NFbUz7EY4VhPcFoVdMdKBBUopAyVnx,5289600,0.0052896,632
vault,Vau1t6sLNxnzB7ZDsef8TLbPLfyZMYXH8WTNqUdm9g8,2YrMFhfLkxEd1wJKhjPTzyZcTfTYwmGc8GnbeWjrX5Nd,3563520,0.00356352,384
vault,Vau1t6sLNxnzB7ZDsef8TLbPLfyZMYXH8WTNqUdm9g8,9u2NioNLMh2njFFfBzANa3oWpU5gTE8o6WC7gJGxKC1j,3563520,0.00356352,384
vault,Vau1t6sLNxnzB7ZDsef8TLbPLfyZMYXH8WTNqUdm9g8,CEQpapRgDmLz85QvTKkHixBnZ2AMxX8YxWzuWEpme2Gg,3563520,0.00356352,384
vault,Vau1t6sLNxnzB7ZDsef8TLbPLfyZMYXH8WTNqUdm9g8,6VK7H7EqguZKq4iMZrSqA4sgae8C4F8YDbFqgowxZQXC,3563520,0.00356352,384
vault,Vau1t6sLNxnzB7ZDsef8TLbPLfyZMYXH8WTNqUdm9g8,FUiDha2vw4bMKkoRizDYtbp1bLBGzhR6httta78sHpdE,3563520,0.00356352,384
vault,Vau1t6sLNxnzB7ZDsef8TLbPLfyZMYXH8WTNqUdm9g8,ECJDHgFXgg7KL6cKJyFGndvmW5CZK7KeWwMuWadDV7Uh,3563520,0.00356352,384
vault,Vau1t6sLNxnzB7ZDsef8TLbPLfyZMYXH8WTNqUdm9g8,4FeYcHNjYKEu4JbzjPGt6ojaccsxXDh8MbudF9wMrm9y,3563520,0.00356352,384
vault,Vau1t6sLNxnzB7ZDsef8TLbPLfyZMYXH8WTNqUdm9g8,EGSAkNCb9QrKUUqyBHMWUDjnWPLQC7n16mdmsBp8RUAZ,3563520,0.00356352,384
vault,Vau1t6sLNxnzB7ZDsef8TLbPLfyZMYXH8WTNqUdm9g8,HMSAsrkqQ1ZvUKy859rCJfp7Gq1mWGYzKfVSDfNSd25p,3563520,0.00356352,384
vault,Vau1t6sLNxnzB7ZDsef8TLbPLfyZMYXH8WTNqUdm9g8,Apoh5LXGvBLTm7ev7LmzZ9egtwyC7WKMoR7g75FcYdNw,3563520,0.00356352,384
vault,Vau1t6sLNxnzB7ZDsef8TLbPLfyZMYXH8WTNqUdm9g8,7ShdowAMiMncd9B1F6eZVx9BEM1q8wAmwZt6Pvsu1pq7,3563520,0.00356352,384
vault,Vau1t6sLNxnzB7ZDsef8TLbPLfyZMYXH8WTNqUdm9g8,8ejb3Yt2NcCM4DY14PB4fbdQkCVs3xS3VgEsjY91TZHM,3563520,0.00356352,384
vault,Vau1t6sLNxnzB7ZDsef8TLbPLfyZMYXH8WTNqUdm9g8,22weYybg6pQTy2KS1MshNCqqFtQsJmBmdCuWjzCUgBYM,3563520,0.00356352,384
vault,Vau1t6sLNxnzB7ZDsef8TLbPLfyZMYXH8WTNqUdm9g8,BCLLwMkLvN7p89d9wyPjcbef66PXNmN8tAHSJYbc7AUb,3563520,0.00356352,384
vault,Vau1t6sLNxnzB7ZDsef8TLbPLfyZMYXH8WTNqUdm9g8,HACaSnAE8pr9Vjh57f9wfbkfpiFoAm2BNneSg8BdSfCw,3563520,0.00356352,384
vault,Vau1t6sLNxnzB7ZDsef8TLbPLfyZMYXH8WTNqUdm9g8,6NVKwSoRzbLZkpdXgw4a5L6R2uDzb7w6MuW36rkxAomk,3563520,0.00356352,384
vault,Vau1t6sLNxnzB7ZDsef8TLbPLfyZMYXH8WTNqUdm9g8,AGM9Wa5cpDPA97M6egZGZWj2Q5B3K48sKSEpS1Tunfmo,3563520,0.00356352,384
vault,Vau1t6sLNxnzB7ZDsef8TLbPLfyZMYXH8WTNqUdm9g8,GnKMCQdVDa3osj3n8a9h24Z1QmePEv3WwZWdUQp2cL7h,3563520,0.00356352,384
vault,Vau1t6sLNxnzB7ZDsef8TLbPLfyZMYXH8WTNqUdm9g8,9wuKZGMHv1an2Ur5SnraHhsETC6enYqJ68fJrUiZyJTf,3619200,0.0036192,392
vault,Vau1t6sLNxnzB7ZDsef8TLbPLfyZMYXH8WTNqUdm9g8,CFqawnBAqNeehbXMzt21X5aTiPoRs95QvU8gwbpRtRp1,3563520,0.00356352,384
vault,Vau1t6sLNxnzB7ZDsef8TLbPLfyZMYXH8WTNqUdm9g8,HWLaEveaTKS5pZnyPzZVP2Un3K5Du97fVhVuTyvZkty7,3563520,0.00356352,384
vault,Vau1t6sLNxnzB7ZDsef8TLbPLfyZMYXH8WTNqUdm9g8,GtgVP9swHszmS6bchZeShqJjGSvnUbr7VJWQGLp873AE,3563520,0.00356352,384
vault,Vau1t6sLNxnzB7ZDsef8TLbPLfyZMYXH8WTNqUdm9g8,3TEmBJ8iHfwWnVAnWx9HXNuuuQYhLbjajcAcXPkAvkGw,3563520,0.00356352,384
vault,Vau1t6sLNxnzB7ZDsef8TLbPLfyZMYXH8WTNqUdm9g8,4XFnEuH2VoxFbV2zwSpUu9r35QTa9YKRLmnDtXKze6uV,3563520,0.00356352,384
vault,Vau1t6sLNxnzB7ZDsef8TLbPLfyZMYXH8WTNqUdm9g8,ESMUHwxYdwjVeaJmihQLRinr29wsNGZYdYfu6Fg3Jgf1,3563520,0.00356352,384
vault,Vau1t6sLNxnzB7ZDsef8TLbPLfyZMYXH8WTNqUdm9g8,4i8PgbdVUwigjs8Lb3SQ1HYGKbJamskv3RDzt7K4R3mi,3563520,0.00356352,384
vault,Vau1t6sLNxnzB7ZDsef8TLbPLfyZMYXH8WTNqUdm9g8,E8VVDpACTdZWeYCLaH3T55HUyDmqCvhW8wqz7dYAU8NR,3563520,0.00356352,384
vault,Vau1t6sLNxnzB7ZDsef8TLbPLfyZMYXH8WTNqUdm9g8,Kec3kAA2QW2hVYuAFbzxeDNdRPtxAgRorB9rsPd765m,3563520,0.00356352,384
vault,Vau1t6sLNxnzB7ZDsef8TLbPLfyZMYXH8WTNqUdm9g8,Ant4pQvaiKeG6m1tYtLTzfdgHL4kDpHAaM4x4NnawcjL,3563520,0.00356352,384
vault,Vau1t6sLNxnzB7ZDsef8TLbPLfyZMYXH8WTNqUdm9g8,chSwG6MJ7uCEo6tLoppXuEXTCQR8wJNp3J8DSWEhzwr,3563520,0.00356352,384
vault,Vau1t6sLNxnzB7ZDsef8TLbPLfyZMYXH8WTNqUdm9g8,28xcr3g4f8Wp6Nz9czRakozq159ajkvGDiXG1pGzSEVA,3563520,0.00356352,384
vault,Vau1t6sLNxnzB7ZDsef8TLbPLfyZMYXH8WTNqUdm9g8,F1uqeEa35UUAMXz66zciRbGDZr2ehHkWRivLovcuRXky,3563520,0.00356352,384
vault,Vau1t6sLNxnzB7ZDsef8TLbPLfyZMYXH8WTNqUdm9g8,BG4V4WTNKFYFUJPpDt1enQE5o563x4dMCc2A5UY4MPno,3563520,0.00356352,384
vault,Vau1t6sLNxnzB7ZDsef8TLbPLfyZMYXH8WTNqUdm9g8,Cax2g9wccLifQNYAo5P7FQwWkSVyTkWK5KwxVQNGKf31,3563520,0.00356352,384
vault,Vau1t6sLNxnzB7ZDsef8TLbPLfyZMYXH8WTNqUdm9g8,GeCoWGaVSr9oqfhKBPJXesz3uiUEtcrdZphHZf4vccGQ,3563520,0.00356352,384
vault,Vau1t6sLNxnzB7ZDsef8TLbPLfyZMYXH8WTNqUdm9g8,r8rnAqVZzQKEwPWEpaHx9M5XGJjUuz6sfemMFAjiNyM,3563520,0.00356352,384
vault,Vau1t6sLNxnzB7ZDsef8TLbPLfyZMYXH8WTNqUdm9g8,GAzHiLtYSLvKwLqnSWqzsqBXPYQ94MDV7BV82LE7Gb26,3563520,0.00356352,384
vault,Vau1t6sLNxnzB7ZDsef8TLbPLfyZMYXH8WTNqUdm9g8,FW61MDt5TGTaPz27GJqEdYDcRxmxZHsXDfPrM7KwW2Gq,3563520,0.00356352,384
vault,Vau1t6sLNxnzB7ZDsef8TLbPLfyZMYXH8WTNqUdm9g8,2A4z1nsWZwFDsrALBFJh8MNcApHpycSsbXwQWAxrWaBr,3563520,0.00356352,384
vault,Vau1t6sLNxnzB7ZDsef8TLbPLfyZMYXH8WTNqUdm9g8,3hDZ6DDCFeXAHZfK78VhvMigHZGuKAoRk4B3RBWKb19y,3563520,0.00356352,384
vault,Vau1t6sLNxnzB7ZDsef8TLbPLfyZMYXH8WTNqUdm9g8,6FkDnV4Lvi1j11ULEh947eJJ8VvAucFe6bRwoSi8vA1h,3563520,0.00356352,384
vault,Vau1t6sLNxnzB7ZDsef8TLbPLfyZMYXH8WTNqUdm9g8,DUtdzyRhKRHEy23XUkXnay6rYne6Fw6QWVSEGmXrYg59,3563520,0.00356352,384
vault,Vau1t6sLNxnzB7ZDsef8TLbPLfyZMYXH8WTNqUdm9g8,FsHK7imvPRvrgWqY3PXZmHzQ9wB2cwZ9SYELkzVuxTtU,3563520,0.00356352,384
vault,Vau1t6sLNxnzB7ZDsef8TLbPLfyZMYXH8WTNqUdm9g8,5re5crdk1u318j4h956of9gA9SCrm61vb7zw6Cr5MND3,8623440,0.00862344,1111
vault,Vau1t6sLNxnzB7ZDsef8TLbPLfyZMYXH8WTNqUdm9g8,AsnibJ9Kad3MFVQWLUwjnJkRdrbbH7aJTTkARpcfTGSD,5289600,0.0052896,632
vault,Vau1t6sLNxnzB7ZDsef8TLbPLfyZMYXH8WTNqUdm9g8,96VNdjkX24xHM3PEuyiJ1ux16mjXHzHgvJjHPKR5PJgb,3563520,0.00356352,384
vault,Vau1t6sLNxnzB7ZDsef8TLbPLfyZMYXH8WTNqUdm9g8,454pYpSfkwg5UqpcJyRGMvb5c29gZmc4Tkzz6wW4P9hr,3563520,0.00356352,384
vault,Vau1t6sLNxnzB7ZDsef8TLbPLfyZMYXH8WTNqUdm9g8,AnTL1ki24YzjJpi59hNCiGg3WXCvxxoDyS1uWGGao8NW,3563520,0.00356352,384
vault,Vau1t6sLNxnzB7ZDsef8TLbPLfyZMYXH8WTNqUdm9g8,AQ7CpcLENYtabXcmtpzpoDXYVYdaoPfkSQR9mjvCzm93,3563520,0.00356352,384
vault,Vau1t6sLNxnzB7ZDsef8TLbPLfyZMYXH8WTNqUdm9g8,93euYnRVVhjTD9yqqXpccSpBCG4QvuAaEDr2zFCriwQG,3563520,0.00356352,384
vault,Vau1t6sLNxnzB7ZDsef8TLbPLfyZMYXH8WTNqUdm9g8,EdBBW5BqEQv1niKmJBhreMhQwZuHdJma983rHXBKmCvv,3563520,0.00356352,384
vault,Vau1t6sLNxnzB7ZDsef8TLbPLfyZMYXH8WTNqUdm9g8,EFHJNDoty61audpbgDyHaHGNQeM1XqK7xzj5xodXUXhc,3563520,0.00356352,384
vault,Vau1t6sLNxnzB7ZDsef8TLbPLfyZMYXH8WTNqUdm9g8,5qQpDQH5r9J9sQ8AZbwL9hbjgHi54xVqAF3CH8t5XREu,3563520,0.00356352,384
vault,Vau1t6sLNxnzB7ZDsef8TLbPLfyZMYXH8WTNqUdm9g8,9zVjTa8vnpxYcWLJ2ehrUhKx9aE7CYkGbonCRygsQBF1,3563520,0.00356352,384
vault,Vau1t6sLNxnzB7ZDsef8TLbPLfyZMYXH8WTNqUdm9g8,3KtceJoEYu9mfeb59ke8njwdPJ8LrnDDEwwRawwiqaei,3563520,0.00356352,384
vault,Vau1t6sLNxnzB7ZDsef8TLbPLfyZMYXH8WTNqUdm9g8,GBRNzC9VFLmdQ1XpRm9VjJVCLBDGDaGPgETUgbbrYz1h,3563520,0.00356352,384
vault,Vau1t6sLNxnzB7ZDsef8TLbPLfyZMYXH8WTNqUdm9g8,3Vyf7fJg8kM6ckA47tfj7A8sHp9ksnBz8Nxec4FLWBPF,3563520,0.00356352,384
vault,Vau1t6sLNxnzB7ZDsef8TLbPLfyZMYXH8WTNqUdm9g8,5yQ4b4S5iD8KRq5oF9bKVMSZ4dbuCBhWE1rCGBUwbVs3,3563520,0.00356352,384
vault,Vau1t6sLNxnzB7ZDsef8TLbPLfyZMYXH8WTNqUdm9g8,DRVQ7P6cPrasP1s1Ua8u8bSaTa7N1PggrDJGABAuyh6N,3563520,0.00356352,384
vault,Vau1t6sLNxnzB7ZDsef8TLbPLfyZMYXH8WTNqUdm9g8,2M7PwwaisAPd9EazqFBrNApegYXJrjeWakje4VVfgzzQ,3563520,0.00356352,384
vault,Vau1t6sLNxnzB7ZDsef8TLbPLfyZMYXH8WTNqUdm9g8,6a78ZNhBXZcHcFTfDEjUW4pCqzvy6oohaaM9F4w2qSUF,3563520,0.00356352,384
vault,Vau1t6sLNxnzB7ZDsef8TLbPLfyZMYXH8WTNqUdm9g8,BTkRFqze13u24F9aCu49WfVZcuFPbA276zS5tKkBMunS,3563520,0.00356352,384
vault,Vau1t6sLNxnzB7ZDsef8TLbPLfyZMYXH8WTNqUdm9g8,31ELBza7MEeM8sFP4obrAuycu6dPLyaRzVtqBEbNhXEY,3563520,0.00356352,384
vault,Vau1t6sLNxnzB7ZDsef8TLbPLfyZMYXH8WTNqUdm9g8,2VWNdDPhLVTFNfVJmEXLN3NynbweuAYzqU5cwDwbx7Ny,3563520,0.00356352,384
vault,Vau1t6sLNxnzB7ZDsef8TLbPLfyZMYXH8WTNqUdm9g8,8UtYHLoK8295GCFLQEgWN4BSAWXiq2BhCwWHt4rhj1T5,3563520,0.00356352,384
vault,Vau1t6sLNxnzB7ZDsef8TLbPLfyZMYXH8WTNqUdm9g8,9VZ2eDL4yDPZZM2rkmsneSVsX7GQBusXPSXjvsHFX3tt,3563520,0.00356352,384
vault,Vau1t6sLNxnzB7ZDsef8TLbPLfyZMYXH8WTNqUdm9g8,9sBUf8ty9cBuJdmHbX6oi4zeDZF8UMdekJepwAAx93kx,3563520,0.00356352,384
vault,Vau1t6sLNxnzB7ZDsef8TLbPLfyZMYXH8WTNqUdm9g8,C5gxVpFXAzMyD4eBGQb52VsuFtwrLCNsiMgb9J7zKkrt,3563520,0.00356352,384
vault,Vau1t6sLNxnzB7ZDsef8TLbPLfyZMYXH8WTNqUdm9g8,6VfPZWQiyniyuvrM5wxpprD97FNVQBAVLB2xnLXWZPYK,3563520,0.00356352,384
vault,Vau1t6sLNxnzB7ZDsef8TLbPLfyZMYXH8WTNqUdm9g8,2kavwhKyz1VNski6G4KfJ8vtvZCBwNMeCVYoG5sVFeKQ,3563520,0.00356352,384
vault,Vau1t6sLNxnzB7ZDsef8TLbPLfyZMYXH8WTNqUdm9g8,6DR1Z9GX9E1DwRciwXkAvXvHB8G1T9vjR1inx3NJ5kBG,3563520,0.00356352,384
vault,Vau1t6sLNxnzB7ZDsef8TLbPLfyZMYXH8WTNqUdm9g8,2FeTGK1cSPRLKTN9UsovGJ1i4CqSCg68Xqhz27cnWTMY,3563520,0.00356352,384
vault,Vau1t6sLNxnzB7ZDsef8TLbPLfyZMYXH8WTNqUdm9g8,7Fp1H1s4r3qidtugMNC4veik5TdPPcQLqvyPSrxZ5LNV,3563520,0.00356352,384
vault,Vau1t6sLNxnzB7ZDsef8TLbPLfyZMYXH8WTNqUdm9g8,CzxKdBDTujXdL6YnkfAgLPR2qxUFyihbnffwnL9apUjr,3563520,0.00356352,384
vault,Vau1t6sLNxnzB7ZDsef8TLbPLfyZMYXH8WTNqUdm9g8,DcKUYsWTEaXCbbXZQUmoNaak4hvCz2pFh2LgaAC2iBUV,3563520,0.00356352,384
vault,Vau1t6sLNxnzB7ZDsef8TLbPLfyZMYXH8WTNqUdm9g8,4rWGCeWQfXYQHcCzUj8NPgtyD8maLPafsHCfBigs6jaX,3563520,0.00356352,384
vault,Vau1t6sLNxnzB7ZDsef8TLbPLfyZMYXH8WTNqUdm9g8,H8iX796y8o9QwZimR5qKYpgDbH84dTnKVp9YasQJjK8t,3563520,0.00356352,384
vault,Vau1t6sLNxnzB7ZDsef8TLbPLfyZMYXH8WTNqUdm9g8,2V82MdCqMTpc3LGoeLQCnu2AJAAuCZ1gJ9sxiWs6ojBE,3563520,0.00356352,384
vault,Vau1t6sLNxnzB7ZDsef8TLbPLfyZMYXH8WTNqUdm9g8,Fij5asHjnpoNntc27oHNDXvpfmTEhnYRcGUiGhaRFxZC,3563520,0.00356352,384
vault,Vau1t6sLNxnzB7ZDsef8TLbPLfyZMYXH8WTNqUdm9g8,81iw8kKE36U4MGbgnmEpCNCHAUeqGBZF1KpLSHnczr8z,3563520,0.00356352,384
vault,Vau1t6sLNxnzB7ZDsef8TLbPLfyZMYXH8WTNqUdm9g8,EVvSTcWAxNSVLRLtyTgmjMjewC6i9kXCbnQ1HLmBiHQf,3563520,0.00356352,384
vault,Vau1t6sLNxnzB7ZDsef8TLbPLfyZMYXH8WTNqUdm9g8,HtdnAWTht3xjnHePVEa4mvaJL27wvivFRCJXogHV8Wk8,3563520,0.00356352,384
vault,Vau1t6sLNxnzB7ZDsef8TLbPLfyZMYXH8WTNqUdm9g8,E937jjj3ywkf4YR2e5MRchPK6D2UrQ6ks5hHLyftD1tX,3563520,0.00356352,384
vault,Vau1t6sLNxnzB7ZDsef8TLbPLfyZMYXH8WTNqUdm9g8,GmoScpBEmFWyg9LtDVyV1pqiXhrTENnksoSgcCKmhvni,3563520,0.00356352,384
vault,Vau1t6sLNxnzB7ZDsef8TLbPLfyZMYXH8WTNqUdm9g8,Fy1yf3LTwcHwdzorYjmLX3B3Px1FsaShc7KT2CfnUfg,3563520,0.00356352,384
vault,Vau1t6sLNxnzB7ZDsef8TLbPLfyZMYXH8WTNqUdm9g8,3o6LsaLEW52c8WesnEypYoK85DEKRXfTpruTjoDR2Pws,3563520,0.00356352,384
vault,Vau1t6sLNxnzB7ZDsef8TLbPLfyZMYXH8WTNqUdm9g8,H1NDDDSxCaEaM6QKYW2Afpuh2teWsaUzZiqT3NkBWae,3563520,0.00356352,384
vault,Vau1t6sLNxnzB7ZDsef8TLbPLfyZMYXH8WTNqUdm9g8,5TYiL9TQUtpdLYpqZNzyveuXEqoKqyvAagnDEbyZtobp,3563520,0.00356352,384
vault,Vau1t6sLNxnzB7ZDsef8TLbPLfyZMYXH8WTNqUdm9g8,A9VWKEqURHMu2zYf7RqB69gQ77azoZEAjFsDTk5E4HNF,3563520,0.00356352,384
vault,Vau1t6sLNxnzB7ZDsef8TLbPLfyZMYXH8WTNqUdm9g8,EZToiGspFiEPaRPWa9icevxv6A1k6U21yT8BXXQCgQ5c,3563520,0.00356352,384
vault,Vau1t6sLNxnzB7ZDsef8TLbPLfyZMYXH8WTNqUdm9g8,7qnZrt38jUtmnioo6dTbkofvNHX3HeAwybEz9zb6isST,3563520,0.00356352,384
vault,Vau1t6sLNxnzB7ZDsef8TLbPLfyZMYXH8WTNqUdm9g8,DidAWo86cfHr2GZjdLFsmjUQQZ6wpYjCPEvsQtGmjbsD,3563520,0.00356352,384
vault,Vau1t6sLNxnzB7ZDsef8TLbPLfyZMYXH8WTNqUdm9g8,6ej7uF69gNRffK4eGRtsFFsWs57adoLDRzNaW9sLNMMP,3563520,0.00356352,384
vault,Vau1t6sLNxnzB7ZDsef8TLbPLfyZMYXH8WTNqUdm9g8,86HhfY9jz8d5weTHqao4BcVgB2BshFV4GrgrAnD1LP2h,3563520,0.00356352,384
vault,Vau1t6sLNxnzB7ZDsef8TLbPLfyZMYXH8WTNqUdm9g8,9aQSFzndja2WaZMv1vtwighn2NojxJVUCzLtVUBgzX3h,3563520,0.00356352,384
vault,Vau1t6sLNxnzB7ZDsef8TLbPLfyZMYXH8WTNqUdm9g8,GJP94rvfMWfs8nY83b6j891fgDrPa1F2i6kFAeMXN8Uy,3563520,0.00356352,384
vault,Vau1t6sLNxnzB7ZDsef8TLbPLfyZMYXH8WTNqUdm9g8,CA7MvAB1bhnTDhDmhKbHDaZLSgRkzek7KPDurz3B5DJG,3563520,0.00356352,384
vault,Vau1t6sLNxnzB7ZDsef8TLbPLfyZMYXH8WTNqUdm9g8,FuwNmdBfwcf3W26V1gauo91kNfNDF3rz6mpNEidtqbmu,5289600,0.0052896,632
vault,Vau1t6sLNxnzB7ZDsef8TLbPLfyZMYXH8WTNqUdm9g8,983J8At3g9aJWw6wabRLHNQio1TuMNUQ2vRv4oTS6WfN,3563520,0.00356352,384
vault,Vau1t6sLNxnzB7ZDsef8TLbPLfyZMYXH8WTNqUdm9g8,9R9Bd1u7Fts41usWqyGwpbHrz8dKuVnKWzH1EATbGb74,3563520,0.00356352,384
vault,Vau1t6sLNxnzB7ZDsef8TLbPLfyZMYXH8WTNqUdm9g8,HaT258UxXpnWVVtvdL3paTbuxPJfwf7EqMWqAMuNQEjg,3563520,0.00356352,384
vault,Vau1t6sLNxnzB7ZDsef8TLbPLfyZMYXH8WTNqUdm9g8,GSdp2YUPcgAdTMxgDXts9LtjiniUMKNBeTBCeRZwrDRz,3563520,0.00356352,384
vault,Vau1t6sLNxnzB7ZDsef8TLbPLfyZMYXH8WTNqUdm9g8,6nuEGgYs3dxLqaDvUyn797SgxxD4DTK23TbGETva4FAY,3563520,0.00356352,384
vault,Vau1t6sLNxnzB7ZDsef8TLbPLfyZMYXH8WTNqUdm9g8,J4Tj3QWTcPxM8EKBhhdQkwCD6ECj842YMYtjYqW5ZpzZ,3563520,0.00356352,384
vault,Vau1t6sLNxnzB7ZDsef8TLbPLfyZMYXH8WTNqUdm9g8,64HuGinNgbRAAX1wcZpUMoy2HAzP3GHGnm46CP2LCmdn,3619200,0.0036192,392
vault,Vau1t6sLNxnzB7ZDsef8TLbPLfyZMYXH8WTNqUdm9g8,BTgE8cgNA23S1JSVPxf4x8CdR1r3ag6C4tp3Td7AYr3A,3563520,0.00356352,384
vault,Vau1t6sLNxnzB7ZDsef8TLbPLfyZMYXH8WTNqUdm9g8,13CbeDvCpeTpbbooKwyZkdUANvPaKRVGuirZmcfprRs5,8623440,0.00862344,1111
vault,Vau1t6sLNxnzB7ZDsef8TLbPLfyZMYXH8WTNqUdm9g8,CTG2GGPDXiNPEeiFp7C769bxjjpTwsdg6SjEjHTNSsWv,5289600,0.0052896,632
vault,Vau1t6sLNxnzB7ZDsef8TLbPLfyZMYXH8WTNqUdm9g8,G27wEBeoT6NTQMQwKMMBhWtUQEsdWef2UdqgQkbPjhyB,5289600,0.0052896,632
vault,Vau1t6sLNxnzB7ZDsef8TLbPLfyZMYXH8WTNqUdm9g8,41xABVDgZkjxif8MQcdNWcMr5vCETDTYSJyRGAqALVFM,3563520,0.00356352,384
vault,Vau1t6sLNxnzB7ZDsef8TLbPLfyZMYXH8WTNqUdm9g8,GEhqUWE1ZUESFYjNGsQm1HNj5gsccGGm7yXFds5UBYCr,3563520,0.00356352,384
vault,Vau1t6sLNxnzB7ZDsef8TLbPLfyZMYXH8WTNqUdm9g8,5LLkL6ddDSHjpRE9hMvVhtiPxgnPH675TMfy9WftzqSu,3563520,0.00356352,384
vault,Vau1t6sLNxnzB7ZDsef8TLbPLfyZMYXH8WTNqUdm9g8,DJn7S6NR8C4FEm9zGqYxkhrjmTw8vDN7hZdYKB8HW2cV,3563520,0.00356352,384
vault,Vau1t6sLNxnzB7ZDsef8TLbPLfyZMYXH8WTNqUdm9g8,3WQUMcTQDWJ31mvxFjFKte2Um5npFKPKGvuvRmpHh7pK,3563520,0.00356352,384
vault,Vau1t6sLNxnzB7ZDsef8TLbPLfyZMYXH8WTNqUdm9g8,672M8HvyvVYf8yW4JhMCFWA7gMGSDpWrQcgPbVXGvWju,3563520,0.00356352,384
vault,Vau1t6sLNxnzB7ZDsef8TLbPLfyZMYXH8WTNqUdm9g8,4hMUZimPAFVe5KVmbj4sRJAKU3LNVU818swGQntCPqjx,3563520,0.00356352,384
vault,Vau1t6sLNxnzB7ZDsef8TLbPLfyZMYXH8WTNqUdm9g8,3uXz5Ewb6MGcRhgFn5vboWTmkwbzrYrKG62CeewUwxHs,3563520,0.00356352,384
vault,Vau1t6sLNxnzB7ZDsef8TLbPLfyZMYXH8WTNqUdm9g8,BdxZY3dK8PrS2W1SQtkwvRGnvce725MLK3hteATKCQZ5,3563520,0.00356352,384
vault,Vau1t6sLNxnzB7ZDsef8TLbPLfyZMYXH8WTNqUdm9g8,7v7PV3gJpBXhVfFL9miHe3o2bfH9EyAKupsYBqxnhZpU,3563520,0.00356352,384
vault,Vau1t6sLNxnzB7ZDsef8TLbPLfyZMYXH8WTNqUdm9g8,E8ontQ5HCF1miCiwmJ4VfRWPTqQoeTxABNVLQi1oS8vR,3563520,0.00356352,384
vault,Vau1t6sLNxnzB7ZDsef8TLbPLfyZMYXH8WTNqUdm9g8,7HDTzUapHVZUWpK46MWoJSrHCMDbTp9aHuRyScb1zdiA,3563520,0.00356352,384
vault,Vau1t6sLNxnzB7ZDsef8TLbPLfyZMYXH8WTNqUdm9g8,5kM55t8kvWw8rxWR6vYHQArFaRHmXJpx2qTfWeGUGnVR,3563520,0.00356352,384
vault,Vau1t6sLNxnzB7ZDsef8TLbPLfyZMYXH8WTNqUdm9g8,3p51rKzKmDitTNmj9gmu87XwSgkRLKpG4MrvfAnYZxcF,5289600,0.0052896,632
vault,Vau1t6sLNxnzB7ZDsef8TLbPLfyZMYXH8WTNqUdm9g8,DRtyyHLMK5LQwX8osGvRhrxGktxLNagUbsHoQq1jPvjs,5289600,0.0052896,632
vault,Vau1t6sLNxnzB7ZDsef8TLbPLfyZMYXH8WTNqUdm9g8,8TT3Ey9j8kNNSWUdHAjV1F2qA5ruBGZFSZ2HSr1Weyce,3563520,0.00356352,384
vault,Vau1t6sLNxnzB7ZDsef8TLbPLfyZMYXH8WTNqUdm9g8,DGeEzxEdcwiKZrp2bTmK2NsHcvwrKTUtoZJgBb6r8jHj,8623440,0.00862344,1111
vault,Vau1t6sLNxnzB7ZDsef8TLbPLfyZMYXH8WTNqUdm9g8,J3a2mGVGLniJe5JHpcnYXwZSGNp4uT7cTJFrTwyXbuYR,3563520,0.00356352,384
vault,Vau1t6sLNxnzB7ZDsef8TLbPLfyZMYXH8WTNqUdm9g8,3zPoNpLfboW2bvs4d9dBBTEc36oMYG8WVSPEJziYHTGG,3563520,0.00356352,384
vault,Vau1t6sLNxnzB7ZDsef8TLbPLfyZMYXH8WTNqUdm9g8,AjbnUTVJbWg67U7bf1DKpmhzfxhVAwL5cQzB5LR59oSB,3563520,0.00356352,384
vault,Vau1t6sLNxnzB7ZDsef8TLbPLfyZMYXH8WTNqUdm9g8,5tjdTwQAgMJk4v12qy6H19dPmSpYAqseU9RWJaqVMyoT,3563520,0.00356352,384
vault,Vau1t6sLNxnzB7ZDsef8TLbPLfyZMYXH8WTNqUdm9g8,GywMwzJJvHHVhHFHCLCmJTHQcpVRmXTfPdSTjimNJ1cR,3563520,0.00356352,384
vault,Vau1t6sLNxnzB7ZDsef8TLbPLfyZMYXH8WTNqUdm9g8,AziSs862M7Y7sDs3pLK8PuXQEvpUkLsv4K3MC8hGcAyG,5289600,0.0052896,632
vault,Vau1t6sLNxnzB7ZDsef8TLbPLfyZMYXH8WTNqUdm9g8,F2xvmbspp8kQ8bP2BTnvXynYmTUV2xU6GHpJPHMn3Gb,3563520,0.00356352,384
vault,Vau1t6sLNxnzB7ZDsef8TLbPLfyZMYXH8WTNqUdm9g8,9WB7HCC1pifPPG5j6y49gxinRrdPkmg1ujW8uNU7z8gu,3563520,0.00356352,384
vault,Vau1t6sLNxnzB7ZDsef8TLbPLfyZMYXH8WTNqUdm9g8,Es9kPYzC5f12LyMmZn9gJq3ke6Fww9RwYVt6sR3RivVe,3563520,0.00356352,384
vault,Vau1t6sLNxnzB7ZDsef8TLbPLfyZMYXH8WTNqUdm9g8,GGJ2X2cV7wLvHiVg7UWkUFxMZnxuxfq79kx4u4kxMo3o,3563520,0.00356352,384
vault,Vau1t6sLNxnzB7ZDsef8TLbPLfyZMYXH8WTNqUdm9g8,HUg9QvpJSM2xS7WP4HPhmWJg3euoRmnCB1u7CbzCZQ1c,3563520,0.00356352,384
vault,Vau1t6sLNxnzB7ZDsef8TLbPLfyZMYXH8WTNqUdm9g8,7XkUPgXdhq7gus5e8s4sS86MZCYXrQZ3My1pTJVqLKqA,3563520,0.00356352,384
vault,Vau1t6sLNxnzB7ZDsef8TLbPLfyZMYXH8WTNqUdm9g8,6bmBZBxPFiYMSVWxundQ5WqqAYQXkcMHioLmGyDNj35v,3563520,0.00356352,384
vault,Vau1t6sLNxnzB7ZDsef8TLbPLfyZMYXH8WTNqUdm9g8,9DHn2apQGzvx7UFy49RAqtZLJmDwyfimPrGnNrMLHyFi,3563520,0.00356352,384
vault,Vau1t6sLNxnzB7ZDsef8TLbPLfyZMYXH8WTNqUdm9g8,BDmbaieHcvuSzScTmxsa6sUaYRs8Xw1xR8EcqznJhtWt,3563520,0.00356352,384
vault,Vau1t6sLNxnzB7ZDsef8TLbPLfyZMYXH8WTNqUdm9g8,5WdQEuv7LnFGNmUQ6G8SH1og53gFaRjaTqtJFrJ4wKp1,3563520,0.00356352,384
vault,Vau1t6sLNxnzB7ZDsef8TLbPLfyZMYXH8WTNqUdm9g8,Hi3KQatAntxGrJpaoQi2e8FFz7jo1WCPwmgXaXmBgtVn,3563520,0.00356352,384
vault,Vau1t6sLNxnzB7ZDsef8TLbPLfyZMYXH8WTNqUdm9g8,DiZ1tEMht3Rbx1wEyGxyikGPQTpMusf2NXqemG4eoueW,3563520,0.00356352,384
vault,Vau1t6sLNxnzB7ZDsef8TLbPLfyZMYXH8WTNqUdm9g8,87kjNzCsDELctf1n9VSC6eFpcisXpQG9QVnC4r47eQjr,3563520,0.00356352,384
vault,Vau1t6sLNxnzB7ZDsef8TLbPLfyZMYXH8WTNqUdm9g8,HwfXatFtsT8pnuch2QWQK1v9yRqXv9r2ocTMXZgstxBe,3563520,0.00356352,384
vault,Vau1t6sLNxnzB7ZDsef8TLbPLfyZMYXH8WTNqUdm9g8,2maJy7BsyTiXSyFMJ5Fxuisu4fS2kZhRp6Pbsq5KXxrQ,3563520,0.00356352,384
vault,Vau1t6sLNxnzB7ZDsef8TLbPLfyZMYXH8WTNqUdm9g8,fRTGALZR6DM1qAcmsPDiVHRy6nnB7vojDo76Dg4VQCz,3563520,0.00356352,384
vault,Vau1t6sLNxnzB7ZDsef8TLbPLfyZMYXH8WTNqUdm9g8,HfbeLnbWMFbNBXPTpbUGgsRPw9tGeSMxK9CrTrKCQTWU,3563520,0.00356352,384
vault,Vau1t6sLNxnzB7ZDsef8TLbPLfyZMYXH8WTNqUdm9g8,DdHCVviD6DzdYBFbzetmyqHYuGAema4UVsxz4J7R8PqZ,3563520,0.00356352,384
vault,Vau1t6sLNxnzB7ZDsef8TLbPLfyZMYXH8WTNqUdm9g8,7GTuwM7W4jYTHTyYXbUSUJQXvikmELwX4vAhaTeVtHgi,3563520,0.00356352,384
vault,Vau1t6sLNxnzB7ZDsef8TLbPLfyZMYXH8WTNqUdm9g8,5hErnuWXC8RT4JS6fwTvNcgeui1oN3CG5xS3bZn11p7W,3563520,0.00356352,384
vault,Vau1t6sLNxnzB7ZDsef8TLbPLfyZMYXH8WTNqUdm9g8,gMzg4rZWUnGxrQxKF3yJVov3Fn3rsXy4uPe5WgZ8ByP,3563520,0.00356352,384
vault,Vau1t6sLNxnzB7ZDsef8TLbPLfyZMYXH8WTNqUdm9g8,5ajz54F9BrL7eMAdTptzbQZ6SuJa5PDb5o4cCggkrMxZ,3563520,0.00356352,384
vault,Vau1t6sLNxnzB7ZDsef8TLbPLfyZMYXH8WTNqUdm9g8,8rfLPpJFrmAwmosiohHVBzpq5RXsGGwsWEma2Lz84T1A,3563520,0.00356352,384
vault,Vau1t6sLNxnzB7ZDsef8TLbPLfyZMYXH8WTNqUdm9g8,G4TV6hr4CWYy2df7KiXvTabZ4J3AG29py9gghKVBYXmJ,3563520,0.00356352,384
vault,Vau1t6sLNxnzB7ZDsef8TLbPLfyZMYXH8WTNqUdm9g8,JChbdnnw8goVRjDQxbtpJtUjCYteKnGC1RUPm5UREr6z,3563520,0.00356352,384
vault,Vau1t6sLNxnzB7ZDsef8TLbPLfyZMYXH8WTNqUdm9g8,2gjQTXtAwaufoQqYRYZFB37ADJtbY3bafg6vi1NBj4bR,3563520,0.00356352,384
vault,Vau1t6sLNxnzB7ZDsef8TLbPLfyZMYXH8WTNqUdm9g8,FZC3Nv1ZTbNBvPWZoKQDV5DDXcKncMrf7iudZUK6Uqie,3563520,0.00356352,384
vault,Vau1t6sLNxnzB7ZDsef8TLbPLfyZMYXH8WTNqUdm9g8,7fhu9RvKvTYjXBTEeK6M2ADKktgg8tfccA3rsBJzEGz6,3563520,0.00356352,384
vault,Vau1t6sLNxnzB7ZDsef8TLbPLfyZMYXH8WTNqUdm9g8,TD9yH4KsSGmQcZQiYHJbKH9s74vLNq1h2p2fg8pPkV7,3563520,0.00356352,384
vault,Vau1t6sLNxnzB7ZDsef8TLbPLfyZMYXH8WTNqUdm9g8,6QTDUQzRnEvmVZgRJr7uiX5sJnfiMLeF5RrGv2yochdX,3563520,0.00356352,384
vault,Vau1t6sLNxnzB7ZDsef8TLbPLfyZMYXH8WTNqUdm9g8,Fz3HesUEHkxXbF6vgMmvfqefGMQ173TJf3vPpHVfJPnB,3563520,0.00356352,384
vault,Vau1t6sLNxnzB7ZDsef8TLbPLfyZMYXH8WTNqUdm9g8,CrgBhVeW7S2tQqJiXBVU3mescm9D6qsYbBK9HcFJudp3,3563520,0.00356352,384
vault,Vau1t6sLNxnzB7ZDsef8TLbPLfyZMYXH8WTNqUdm9g8,4aeFd2dQ7PXgEvQQMDTZinrCz5bRdazJxYbFC6P1cEKE,3563520,0.00356352,384
vault,Vau1t6sLNxnzB7ZDsef8TLbPLfyZMYXH8WTNqUdm9g8,CcKaSiKctXHh8uxdkKGAW5foDoGbhqVzi74VePgPXqyH,3563520,0.00356352,384
vault,Vau1t6sLNxnzB7ZDsef8TLbPLfyZMYXH8WTNqUdm9g8,2CurUCCj4GMsPAq56o9tLynTViEvM4fLW3W7T81Z2hKd,3563520,0.00356352,384
vault,Vau1t6sLNxnzB7ZDsef8TLbPLfyZMYXH8WTNqUdm9g8,EUBr4PtVmozPhePBqXvmKD3BP83g5WFuWLyvjAc6ytDn,3563520,0.00356352,384
vault,Vau1t6sLNxnzB7ZDsef8TLbPLfyZMYXH8WTNqUdm9g8,yR754uBpNqiNTfxK5gesuRLoKeSHhaQza7rEibK1oi2,3563520,0.00356352,384
vault,Vau1t6sLNxnzB7ZDsef8TLbPLfyZMYXH8WTNqUdm9g8,u58vHHHXc1KZpab4U7mUim642FqgfjVko4SLsDWPTcR,3563520,0.00356352,384
vault,Vau1t6sLNxnzB7ZDsef8TLbPLfyZMYXH8WTNqUdm9g8,3M3ipKonrEVEfNnpEzN6SnJeJkqZqsWhSnskCSieiGCJ,3563520,0.00356352,384
vault,Vau1t6sLNxnzB7ZDsef8TLbPLfyZMYXH8WTNqUdm9g8,55q4uUqSrGvSYPwPZXpDkqjcAWPfSMttm4XddA6cHAcr,3563520,0.00356352,384
vault,Vau1t6sLNxnzB7ZDsef8TLbPLfyZMYXH8WTNqUdm9g8,7a9BZ3nPz4c2b1NxQ2n8QDPLi2vzaYZK2WACnW1yPc9h,3563520,0.00356352,384
vault,Vau1t6sLNxnzB7ZDsef8TLbPLfyZMYXH8WTNqUdm9g8,FjZWxFdJjAbw6UiMA8AEooW7T8SJbidzKRUYT53WU1qD,3563520,0.00356352,384
vault,Vau1t6sLNxnzB7ZDsef8TLbPLfyZMYXH8WTNqUdm9g8,GZdweuGS1yxQVhGmxPJZpNPdgzoMWkRXJb3Sv5JtCrJo,3563520,0.00356352,384
vault,Vau1t6sLNxnzB7ZDsef8TLbPLfyZMYXH8WTNqUdm9g8,FWMegKSxChcawE5QSAN8By96Er4wnJqaSYMEN5NJfBJj,3563520,0.00356352,384
vault,Vau1t6sLNxnzB7ZDsef8TLbPLfyZMYXH8WTNqUdm9g8,BvhV8yApZqoLWcViQDMQGkqM9r1eXte8Nd66WC9xULYN,3563520,0.00356352,384
vault,Vau1t6sLNxnzB7ZDsef8TLbPLfyZMYXH8WTNqUdm9g8,BjtceqS4fPmkWxjwPM2dWpwU3GCxK1XFUSG9BCCTCFUK,3563520,0.00356352,384
vault,Vau1t6sLNxnzB7ZDsef8TLbPLfyZMYXH8WTNqUdm9g8,7iTbc3kubNGaLkKzvUwWtWGiQG1PJdDrpQydS3rm2xS8,3563520,0.00356352,384
vault,Vau1t6sLNxnzB7ZDsef8TLbPLfyZMYXH8WTNqUdm9g8,2p5afTp9p5TwcbsL1wswiXZgXQ4tJKT6W3K2kNYmmHLx,3563520,0.00356352,384
vault,Vau1t6sLNxnzB7ZDsef8TLbPLfyZMYXH8WTNqUdm9g8,4eTvwNgcz4xhUkKyKT56b3KrPd7bP92hDcH3V4kTp7Xx,3563520,0.00356352,384
vault,Vau1t6sLNxnzB7ZDsef8TLbPLfyZMYXH8WTNqUdm9g8,EA1DttCXQjAZyjB3Yi3gxHjFcFdTi9tbb3NHsTViJvaF,3563520,0.00356352,384
vault,Vau1t6sLNxnzB7ZDsef8TLbPLfyZMYXH8WTNqUdm9g8,7SPj23Yt3hHtqH8RncBtEqCt1bgoBdYaK747xEKoq9fZ,3563520,0.00356352,384
vault,Vau1t6sLNxnzB7ZDsef8TLbPLfyZMYXH8WTNqUdm9g8,Fjmu7rkpHLpdG3YogfvmLPcRFRX2tvbQmptMECFHKCoe,3563520,0.00356352,384
vault,Vau1t6sLNxnzB7ZDsef8TLbPLfyZMYXH8WTNqUdm9g8,2jM3UpoYzx55i7cnPxpuAqZsFQCLYHm22RPybfygaEHA,3563520,0.00356352,384
vault,Vau1t6sLNxnzB7ZDsef8TLbPLfyZMYXH8WTNqUdm9g8,B2Jox3PtJCBjBfuaCiJbEtXfpBHsTVuvD2YFmJgegrPr,3563520,0.00356352,384
vault,Vau1t6sLNxnzB7ZDsef8TLbPLfyZMYXH8WTNqUdm9g8,C2T5RwRrzdesVMkaFt1KAKLV1Rfnqbdw9bcNEDyu7b6Y,3563520,0.00356352,384
vault,Vau1t6sLNxnzB7ZDsef8TLbPLfyZMYXH8WTNqUdm9g8,8fh1LMCiV3jcrARXF4HsAfapxbxZuA6WTuwJhUSUYv6V,3563520,0.00356352,384
vault,Vau1t6sLNxnzB7ZDsef8TLbPLfyZMYXH8WTNqUdm9g8,9NJUUssNYYEAGM4YHrJSzvgwrRWPEEw3YVKPStPtFKNM,3563520,0.00356352,384
vault,Vau1t6sLNxnzB7ZDsef8TLbPLfyZMYXH8WTNqUdm9g8,CSmwCrTdCzVVdzB52PX3EhjZsG64akZ6Tz7fcTVPH3gx,3563520,0.00356352,384
vault,Vau1t6sLNxnzB7ZDsef8TLbPLfyZMYXH8WTNqUdm9g8,G5J51oA6KNQePV5Q32Jp6azs6XqXdbjgSAntqKjtQPNy,3563520,0.00356352,384
vault,Vau1t6sLNxnzB7ZDsef8TLbPLfyZMYXH8WTNqUdm9g8,DBMas4V2jFfhcvct15yV5Db4uZQiEx6hwrxvy1wdXLC5,3563520,0.00356352,384
vault,Vau1t6sLNxnzB7ZDsef8TLbPLfyZMYXH8WTNqUdm9g8,FVHUEtCJMk5GeE5h6JAq6aMzQtQtfpqorxYEt3xcuYDw,8623440,0.00862344,1111
vault,Vau1t6sLNxnzB7ZDsef8TLbPLfyZMYXH8WTNqUdm9g8,8Ga4DNxQNrypPtANiXENs3BTs3c7AJr23qigaBBrGjW5,3563520,0.00356352,384
vault,Vau1t6sLNxnzB7ZDsef8TLbPLfyZMYXH8WTNqUdm9g8,96u2bzPhSSVbdMzNM2V9PUXqcKUZTC7ozsXr3iEtJTBa,3563520,0.00356352,384
vault,Vau1t6sLNxnzB7ZDsef8TLbPLfyZMYXH8WTNqUdm9g8,H9Apczuqbwf5U613zpfn6TGiqNr4q85vcH2C6RNX2eYA,3563520,0.00356352,384
vault,Vau1t6sLNxnzB7ZDsef8TLbPLfyZMYXH8WTNqUdm9g8,CF6d5j3xgArykM1teELZZ2txYg7z85Ss3bGxhEMQbN9h,3563520,0.00356352,384
vault,Vau1t6sLNxnzB7ZDsef8TLbPLfyZMYXH8WTNqUdm9g8,CaGSNk2LJT6r2F9aidFd9yi8mKB45dtqdWoWVpxANkpo,3563520,0.00356352,384
vault,Vau1t6sLNxnzB7ZDsef8TLbPLfyZMYXH8WTNqUdm9g8,AZfr94nWUR2W1AXr2sAHEgS6F1jLC5UVmT3gGyhCmzN1,3563520,0.00356352,384
vault,Vau1t6sLNxnzB7ZDsef8TLbPLfyZMYXH8WTNqUdm9g8,2aeGz9QzLBmpkMBovJCyWHsMYUMBXpqz3ExenSvvM8om,3563520,0.00356352,384
vault,Vau1t6sLNxnzB7ZDsef8TLbPLfyZMYXH8WTNqUdm9g8,3QTaQB2qXruQRL3stLTvXtGN43fBcUkMqT4LyD1XBcLj,3563520,0.00356352,384
vault,Vau1t6sLNxnzB7ZDsef8TLbPLfyZMYXH8WTNqUdm9g8,guS3AAh34swYsfkjLPEpoxyd3xDjW4XR95uavD4fbRa,3563520,0.00356352,384
vault,Vau1t6sLNxnzB7ZDsef8TLbPLfyZMYXH8WTNqUdm9g8,8VmF8dHbi11zTyCjXnih996gnNw4rb7yCZ6vtrbrigX8,5289600,0.0052896,632
vault,Vau1t6sLNxnzB7ZDsef8TLbPLfyZMYXH8WTNqUdm9g8,fJgWk5SeMxvQ3iEVqtaZhXzPcHPYPFbDLq5SN87zFsK,3563520,0.00356352,384
vault,Vau1t6sLNxnzB7ZDsef8TLbPLfyZMYXH8WTNqUdm9g8,2SNp1Mz1tbcA4v2xu1K6ZBPnosBL7H95vQDN7AvvnMUG,3563520,0.00356352,384
vault,Vau1t6sLNxnzB7ZDsef8TLbPLfyZMYXH8WTNqUdm9g8,BhC7e4jDxv68c2P3wnnx4rVgA9y6y3X3cpy4YzwQhtu9,3563520,0.00356352,384
vault,Vau1t6sLNxnzB7ZDsef8TLbPLfyZMYXH8WTNqUdm9g8,AYf8xGfiEc4iK9HLvEsdyvYhk5aD5EZqjAnpFseLPN1e,3563520,0.00356352,384
vault,Vau1t6sLNxnzB7ZDsef8TLbPLfyZMYXH8WTNqUdm9g8,9o5wB3nNbQm9hAsJ8r5jbs9CrcoagDGTNYzgugpSF6jR,3563520,0.00356352,384
vault,Vau1t6sLNxnzB7ZDsef8TLbPLfyZMYXH8WTNqUdm9g8,spsbeoQt2nQo7d1d4D5WUpJpp1EUz7DCeYsBJErfer3,3563520,0.00356352,384
vault,Vau1t6sLNxnzB7ZDsef8TLbPLfyZMYXH8WTNqUdm9g8,3oVdQ7bKkLqcWHbzYdc6yKTfZWYvxjXBzSrVAjYvSvFx,3563520,0.00356352,384
vault,Vau1t6sLNxnzB7ZDsef8TLbPLfyZMYXH8WTNqUdm9g8,9PKB3byQN2Ud2SaBautTgRrzNL9au12kHjnTshTBUh1R,3563520,0.00356352,384
vault,Vau1t6sLNxnzB7ZDsef8TLbPLfyZMYXH8WTNqUdm9g8,7AEjutmdtNKTXFtqYFPnGyvyT8HhzuNHiPxydta3qZ7,3563520,0.00356352,384
vault,Vau1t6sLNxnzB7ZDsef8TLbPLfyZMYXH8WTNqUdm9g8,GHooDyEcsQN1fgD19rsQv8E8tEpfGcmhvpGK2zpkbqhN,3563520,0.00356352,384
vault,Vau1t6sLNxnzB7ZDsef8TLbPLfyZMYXH8WTNqUdm9g8,D9uk7edmikgCgeDXRPjphvU5X1pamfLTY9tyzvY5B97C,3563520,0.00356352,384
vault,Vau1t6sLNxnzB7ZDsef8TLbPLfyZMYXH8WTNqUdm9g8,4o8t8DkGbt2FrHaCTnvmVFNLoGCFytdY5NpEoJrAChkq,3563520,0.00356352,384
vault,Vau1t6sLNxnzB7ZDsef8TLbPLfyZMYXH8WTNqUdm9g8,ChyEhWXENh4aMan1DMCJjqpSoZeGHYcwb3JfFHp5CerD,3563520,0.00356352,384
vault,Vau1t6sLNxnzB7ZDsef8TLbPLfyZMYXH8WTNqUdm9g8,8Auiwjrz7sqSwC8Cw8wMQDDhS1pgZNrrK6Qwd4FWqc6L,3563520,0.00356352,384
vault,Vau1t6sLNxnzB7ZDsef8TLbPLfyZMYXH8WTNqUdm9g8,8m5xoCf2uZPebE3jKchQ3KN4iLxmdupNzGXbum59paVJ,5289600,0.0052896,632
vault,Vau1t6sLNxnzB7ZDsef8TLbPLfyZMYXH8WTNqUdm9g8,4UpK9QQcefzN91rNswSMvNsiPGMi5uVLxM29T2a9TPZH,3563520,0.00356352,384
vault,Vau1t6sLNxnzB7ZDsef8TLbPLfyZMYXH8WTNqUdm9g8,8gjWQQ8jM7f7HQS5zwQWtn5aoZ5kHC1hAbKcr59iYa7S,3563520,0.00356352,384
vault,Vau1t6sLNxnzB7ZDsef8TLbPLfyZMYXH8WTNqUdm9g8,E7L9TovhWPNhweWcs7m6xVDpnJ3DJic5VaYmR2n3wiRc,5289600,0.0052896,632
vault,Vau1t6sLNxnzB7ZDsef8TLbPLfyZMYXH8WTNqUdm9g8,9bUfzVMymaRYyhWXQ3M2qEjZ8RpqtLHDwaHWUhFjp9cL,3563520,0.00356352,384
vault,Vau1t6sLNxnzB7ZDsef8TLbPLfyZMYXH8WTNqUdm9g8,GzHLkKnbrd36bQ515UTaC28XzfcgFS6mn8jDqF5bDFgG,3563520,0.00356352,384
vault,Vau1t6sLNxnzB7ZDsef8TLbPLfyZMYXH8WTNqUdm9g8,34e45Gih3Xaprw3WvN3tCAUo9HsurCpz4qZJH1ajCLcw,3563520,0.00356352,384
vault,Vau1t6sLNxnzB7ZDsef8TLbPLfyZMYXH8WTNqUdm9g8,8wJa28Ehx5Hc8ZmzoGmYJQ58b5uqpCqecAthpQWjMC2,3563520,0.00356352,384
vault,Vau1t6sLNxnzB7ZDsef8TLbPLfyZMYXH8WTNqUdm9g8,AVDhcfcML2YaiUrcCAfsLhutXB77pDce3dkyJNUPjry5,3563520,0.00356352,384
vault,Vau1t6sLNxnzB7ZDsef8TLbPLfyZMYXH8WTNqUdm9g8,BoYs1szwEeK845vg9erR95EgnMBbjF9FrBWQj62X1ADE,3563520,0.00356352,384
vault,Vau1t6sLNxnzB7ZDsef8TLbPLfyZMYXH8WTNqUdm9g8,GQQTrYpNQuhZrWnaLE1EQ5XSLXgSkhn1kJ5czeTtLgiT,3563520,0.00356352,384
vault,Vau1t6sLNxnzB7ZDsef8TLbPLfyZMYXH8WTNqUdm9g8,ArKFRdCrGrr9e6v9tzjgLEuQF8s38XuAmokJ2YgnN9NQ,3563520,0.00356352,384
vault,Vau1t6sLNxnzB7ZDsef8TLbPLfyZMYXH8WTNqUdm9g8,1NAFZLT7f8veBocSp4JWU8XbaeVbDiPppMXReG79msU,3563520,0.00356352,384
vault,Vau1t6sLNxnzB7ZDsef8TLbPLfyZMYXH8WTNqUdm9g8,ABvziZjrETYKvfBeETtqmEDbtjdszyapSs6q1rtr58Fh,3563520,0.00356352,384
vault,Vau1t6sLNxnzB7ZDsef8TLbPLfyZMYXH8WTNqUdm9g8,5oSxbkK7fm6NxWTLNMjdi3EByiLSSh6t2n2ZGYooe2Yy,3563520,0.00356352,384
vault,Vau1t6sLNxnzB7ZDsef8TLbPLfyZMYXH8WTNqUdm9g8,GYbFVuChEozAZjMZDktuhjNiVXjqHBKJcUTos7cBGL4r,3563520,0.00356352,384
vault,Vau1t6sLNxnzB7ZDsef8TLbPLfyZMYXH8WTNqUdm9g8,GN6wndHyit7RAdr5T36yd6AJMtiTx25GBtPybSw4s3aG,3563520,0.00356352,384
vault,Vau1t6sLNxnzB7ZDsef8TLbPLfyZMYXH8WTNqUdm9g8,7RfXrA5o2YT92qFVJSwJ4zefbqDP1TijD2QLXeaM7pGW,3563520,0.00356352,384
vault,Vau1t6sLNxnzB7ZDsef8TLbPLfyZMYXH8WTNqUdm9g8,Dx4b1xqCvDctyTJbbnDtmJb5JXtrtKiDfREwzchLquEm,8623440,0.00862344,1111
vault,Vau1t6sLNxnzB7ZDsef8TLbPLfyZMYXH8WTNqUdm9g8,DZNG3iviBrzXy3vuDKoe4c2hKCwKSPrGGvqgJa1AYguy,3563520,0.00356352,384
vault,Vau1t6sLNxnzB7ZDsef8TLbPLfyZMYXH8WTNqUdm9g8,Fa6fKw83vieq19R2nPfVZZ25CSMWhKysFkoABJ7jaoPj,3563520,0.00356352,384
vault,Vau1t6sLNxnzB7ZDsef8TLbPLfyZMYXH8WTNqUdm9g8,EtHEwZt338m13eQrzT8Y6YkKzjC66SFY1tSKBYnfyRF6,3563520,0.00356352,384
vault,Vau1t6sLNxnzB7ZDsef8TLbPLfyZMYXH8WTNqUdm9g8,6DbY1DPxnp62KHf92tE22H3FCqVxo5B9GzvaeETtJLXG,3563520,0.00356352,384
vault,Vau1t6sLNxnzB7ZDsef8TLbPLfyZMYXH8WTNqUdm9g8,ES4r598crXvw1nj7AwXPTjynxf1x9JAYfrpwuuMTGkkT,3563520,0.00356352,384
vault,Vau1t6sLNxnzB7ZDsef8TLbPLfyZMYXH8WTNqUdm9g8,9oZvQKYtrWt6cDZzaHX62C9Vign9FgxqtDid7iEDsRmi,3563520,0.00356352,384
vault,Vau1t6sLNxnzB7ZDsef8TLbPLfyZMYXH8WTNqUdm9g8,2k5R2QTtHH7Lqn4iYJXJJ3XevUJhwLHiSWZgoaGZj2gs,3563520,0.00356352,384
vault,Vau1t6sLNxnzB7ZDsef8TLbPLfyZMYXH8WTNqUdm9g8,2cy5RrqqNm27HffVx681t5Z92BXNBLcJNn4KsxHKhtTX,3563520,0.00356352,384
vault,Vau1t6sLNxnzB7ZDsef8TLbPLfyZMYXH8WTNqUdm9g8,EqAYYVFWZWRD4NJVcb7j5dGXWXsi8qFncgxhxcdmz7k9,3563520,0.00356352,384
vault,Vau1t6sLNxnzB7ZDsef8TLbPLfyZMYXH8WTNqUdm9g8,HSrJtBgWnVRkh2WL8LBeDy9QYiFJwrMUcmtQfFvmyXyu,3563520,0.00356352,384
vault,Vau1t6sLNxnzB7ZDsef8TLbPLfyZMYXH8WTNqUdm9g8,8PDWf93iyozhzNJh9xPgENNKEe16kbFXBxiZDWAunFif,3563520,0.00356352,384
vault,Vau1t6sLNxnzB7ZDsef8TLbPLfyZMYXH8WTNqUdm9g8,2RVirbAq8zsBVAPLYWYMvEMgTpiKBRXCveMd9D298YzA,3563520,0.00356352,384
vault,Vau1t6sLNxnzB7ZDsef8TLbPLfyZMYXH8WTNqUdm9g8,7m5PQFcvHGd4XL9Lf7LaJPE16C7uN6ZLVrMBBzpsbwJ7,3563520,0.00356352,384
vault,Vau1t6sLNxnzB7ZDsef8TLbPLfyZMYXH8WTNqUdm9g8,12wwR8NiDVnNnCbmq9YQGZfxuhk4G1xQDBMjrtf8Q6j4,3563520,0.00356352,384
vault,Vau1t6sLNxnzB7ZDsef8TLbPLfyZMYXH8WTNqUdm9g8,AfEDDpWusdAvCeipj8e1DpY5DY9rPJBVHykUN5R2b5B,3563520,0.00356352,384
vault,Vau1t6sLNxnzB7ZDsef8TLbPLfyZMYXH8WTNqUdm9g8,3Rvsbp2NHGnoTQkLK1pro1HecA5ejUDUt7sKvA3Rr457,3563520,0.00356352,384
vault,Vau1t6sLNxnzB7ZDsef8TLbPLfyZMYXH8WTNqUdm9g8,WriTDdbnzn1f83AKRpubGbxPjojB2pxWhD91BuooRhd,3563520,0.00356352,384
vault,Vau1t6sLNxnzB7ZDsef8TLbPLfyZMYXH8WTNqUdm9g8,CBsnA3khU1nHRbHJgjzDetFmnWu7pKcVih1xFRYmR5bX,3563520,0.00356352,384
vault,Vau1t6sLNxnzB7ZDsef8TLbPLfyZMYXH8WTNqUdm9g8,962NvnMjfw3LynCyKxe1u1HwB5w7QExdbfj3eybpWUFx,3563520,0.00356352,384
vault,Vau1t6sLNxnzB7ZDsef8TLbPLfyZMYXH8WTNqUdm9g8,BjQv99EUVQxBiYC4nYMC7SzCEkFeh1mFJCgiVa878x52,3563520,0.00356352,384
vault,Vau1t6sLNxnzB7ZDsef8TLbPLfyZMYXH8WTNqUdm9g8,6WVpeRdKkUNyBD9xcQHw7dMXcVxFsHEFw7zPtHHLYnY2,3563520,0.00356352,384
vault,Vau1t6sLNxnzB7ZDsef8TLbPLfyZMYXH8WTNqUdm9g8,6w5MRBDM3mhDrmzL4yk8P5SGetWAdQTrbL9GeKku6bkM,3563520,0.00356352,384
vault,Vau1t6sLNxnzB7ZDsef8TLbPLfyZMYXH8WTNqUdm9g8,BktooSDpyS3DRJse3CjtpK67ec6dLhyKn8P2Ju45cgKN,3563520,0.00356352,384
vault,Vau1t6sLNxnzB7ZDsef8TLbPLfyZMYXH8WTNqUdm9g8,9DTHmZjAZekphfDQL1vDy2VJReurZFrJ4J2aq7aR6XfC,3563520,0.00356352,384
vault,Vau1t6sLNxnzB7ZDsef8TLbPLfyZMYXH8WTNqUdm9g8,2wH8XzCUg4bL46QtkwnjgeN4q6cAbUqkvCDdTDs7AzvJ,3563520,0.00356352,384
vault,Vau1t6sLNxnzB7ZDsef8TLbPLfyZMYXH8WTNqUdm9g8,4KTzCVQrgtHadAsSA33WQJg1inDLLAEFBHdp6G9Tyz7X,3619200,0.0036192,392
vault,Vau1t6sLNxnzB7ZDsef8TLbPLfyZMYXH8WTNqUdm9g8,9RpJY9jk57ntp6giqbHyv7bUpsAQ51t7qT7AUVgYrud2,3563520,0.00356352,384
vault,Vau1t6sLNxnzB7ZDsef8TLbPLfyZMYXH8WTNqUdm9g8,Fd7QDF9w8yzaXv1kD5wEeNhR5UJxtwArNijVoB7QnKiW,3563520,0.00356352,384
vault,Vau1t6sLNxnzB7ZDsef8TLbPLfyZMYXH8WTNqUdm9g8,tj5GSzwn4VJ8fuLgyTncGubGRBR1Z1526SFmFugABpC,3563520,0.00356352,384
vault,Vau1t6sLNxnzB7ZDsef8TLbPLfyZMYXH8WTNqUdm9g8,Z74m4R7A1YbFNPsFj4x4Bgtyjt2Dhun7nNrHzqUfbEf,3563520,0.00356352,384
vault,Vau1t6sLNxnzB7ZDsef8TLbPLfyZMYXH8WTNqUdm9g8,GzWkZE5xPJTVnXhSjuxEmQHBpayznkoavSgdTMmrEKQ6,3563520,0.00356352,384
vault,Vau1t6sLNxnzB7ZDsef8TLbPLfyZMYXH8WTNqUdm9g8,59CXyQf2PPffBwVixLoPtrnb6fQW6ssjzb7XTtzRkHSS,3563520,0.00356352,384
vault,Vau1t6sLNxnzB7ZDsef8TLbPLfyZMYXH8WTNqUdm9g8,6croxSVW4C5ya1tUbDmgSkPgGqyfM88P9TDEUV2GJh9D,3563520,0.00356352,384
vault,Vau1t6sLNxnzB7ZDsef8TLbPLfyZMYXH8WTNqUdm9g8,6yw8U3gcDeZVo19yMBs6HXgYmMSddiiSV4oCmyhjNJgk,3563520,0.00356352,384
vault,Vau1t6sLNxnzB7ZDsef8TLbPLfyZMYXH8WTNqUdm9g8,7tAJczwFYHLSDc37spzeM55HhKXK9jhbbpjb4WUutV3g,3563520,0.00356352,384
vault,Vau1t6sLNxnzB7ZDsef8TLbPLfyZMYXH8WTNqUdm9g8,5FXbMZ3MoP92FjM2HiLcmJG9bFDgZbyYqmQhsVAPicor,3563520,0.00356352,384
vault,Vau1t6sLNxnzB7ZDsef8TLbPLfyZMYXH8WTNqUdm9g8,EhoiMJprWy3o1jNif94M89anNTfrhKacKWGiy5Zh8rur,3563520,0.00356352,384
vault,Vau1t6sLNxnzB7ZDsef8TLbPLfyZMYXH8WTNqUdm9g8,5AZ5Yh9Z9ZqMHU9dht4BiBpgKkGMgDgtSSkFJWggLPy9,3563520,0.00356352,384
vault,Vau1t6sLNxnzB7ZDsef8TLbPLfyZMYXH8WTNqUdm9g8,DcJiMCEsrccSgbzNP3u2peVMsSuy9rAdPR6C4VBMNiaP,5289600,0.0052896,632
vault,Vau1t6sLNxnzB7ZDsef8TLbPLfyZMYXH8WTNqUdm9g8,6QA5tskCVbgcoXJogLUMzy7BPwhx1N4iEj1YkHoqvmRN,3563520,0.00356352,384
vault,Vau1t6sLNxnzB7ZDsef8TLbPLfyZMYXH8WTNqUdm9g8,8xmkYF9isSMGMZH64bDLxcxvtBSHTDnoci5CQLFDa2NY,3563520,0.00356352,384
vault,Vau1t6sLNxnzB7ZDsef8TLbPLfyZMYXH8WTNqUdm9g8,7ohyj9oSmqRTEkwBKJ4v6TVPyUDGBmeoF3c59DL1iJic,3619200,0.0036192,392
vault,Vau1t6sLNxnzB7ZDsef8TLbPLfyZMYXH8WTNqUdm9g8,49EUR59atqDoSUVkFkc8sRkfNADpbcyaDUd2gUhbhdW8,3563520,0.00356352,384
vault,Vau1t6sLNxnzB7ZDsef8TLbPLfyZMYXH8WTNqUdm9g8,7N7YRpK4NQpot7fZVdPvbPqusHXn1cLum3wjZcy5Srkc,3563520,0.00356352,384
vault,Vau1t6sLNxnzB7ZDsef8TLbPLfyZMYXH8WTNqUdm9g8,HWhk8Ne5WPfHmBwVJf9ypqSWJE2BpqjwiuZtUeHZeF1T,3563520,0.00356352,384
vault,Vau1t6sLNxnzB7ZDsef8TLbPLfyZMYXH8WTNqUdm9g8,7Vj8vtVyRPqkJM5pqoQses4HdxfA2L9wouEZyq7bBvvL,3563520,0.00356352,384
vault,Vau1t6sLNxnzB7ZDsef8TLbPLfyZMYXH8WTNqUdm9g8,H5Jthmh4EmHjm2GxGCc2nJppF2vweKJiBiG7jNq4wchB,3563520,0.00356352,384
vault,Vau1t6sLNxnzB7ZDsef8TLbPLfyZMYXH8WTNqUdm9g8,FsmnfxAA8mJ8GAYVQUduQUuEizr6Lj3KdzM3wjZjRc9a,3563520,0.00356352,384
vault,Vau1t6sLNxnzB7ZDsef8TLbPLfyZMYXH8WTNqUdm9g8,Dmj5P68wn97C5umBoGeRW2e2VfbKeUSPfq5x6DD6JTpi,3563520,0.00356352,384
vault,Vau1t6sLNxnzB7ZDsef8TLbPLfyZMYXH8WTNqUdm9g8,DQSqvWGxBzjztxZkrn6BPna2McJUczx9gZ2k13SB1Vwe,3563520,0.00356352,384
vault,Vau1t6sLNxnzB7ZDsef8TLbPLfyZMYXH8WTNqUdm9g8,CYvXqhf5f6x2JTc64tM8KjuU7HvKTSVpNV9n3jSnDHaB,3563520,0.00356352,384
vault,Vau1t6sLNxnzB7ZDsef8TLbPLfyZMYXH8WTNqUdm9g8,4Lx4zgRsuMmtraThpC7qJnE8mmipnLeNcKtjPsswWq1X,3563520,0.00356352,384
vault,Vau1t6sLNxnzB7ZDsef8TLbPLfyZMYXH8WTNqUdm9g8,9tbkxioV44xA8zA31W52SQ6LgQzNv1GcKwCUqMCC9Qh3,3563520,0.00356352,384
vault,Vau1t6sLNxnzB7ZDsef8TLbPLfyZMYXH8WTNqUdm9g8,2pjijEah6qgx5qNSzwyLQSM41xCCKS1YKXzwMgyitu7D,3563520,0.00356352,384
vault,Vau1t6sLNxnzB7ZDsef8TLbPLfyZMYXH8WTNqUdm9g8,BV83oNw5bsr1TUpZrR55feRaQyA6JiNL24Pa36FVWrdg,3563520,0.00356352,384
vault,Vau1t6sLNxnzB7ZDsef8TLbPLfyZMYXH8WTNqUdm9g8,D12LK17QjmTt9c22GozyjGPrP57XxjuxorpPL2e3SVkZ,3563520,0.00356352,384
vault,Vau1t6sLNxnzB7ZDsef8TLbPLfyZMYXH8WTNqUdm9g8,AJxQfMysLFdvwhMtD3SxeAz96FvXeUMjbX2n2codN9ai,3563520,0.00356352,384
vault,Vau1t6sLNxnzB7ZDsef8TLbPLfyZMYXH8WTNqUdm9g8,6P5re1x53Qpud9ZbSeJKJXFMDw7asRSKdKZ4HVfTf69B,3563520,0.00356352,384
vault,Vau1t6sLNxnzB7ZDsef8TLbPLfyZMYXH8WTNqUdm9g8,tHprELQLWgiZ4jTeYRrk4pVQ7sP2XEwtJDUrrZrGxqS,3563520,0.00356352,384
vault,Vau1t6sLNxnzB7ZDsef8TLbPLfyZMYXH8WTNqUdm9g8,A5A7jmLtRaeEH9AiwLwkCBq2Y9DQ3bCWKPt7ZkaXaXMB,3563520,0.00356352,384
vault,Vau1t6sLNxnzB7ZDsef8TLbPLfyZMYXH8WTNqUdm9g8,HGrGcc2j1TaPDWqWD5gH3EkViXahvKcwTbDKC2nwMLF2,3563520,0.00356352,384
vault,Vau1t6sLNxnzB7ZDsef8TLbPLfyZMYXH8WTNqUdm9g8,67aLHYcMy4yBP1Ya11YHkVUm8LqXGixsg74jjrSuDHYT,3563520,0.00356352,384
vault,Vau1t6sLNxnzB7ZDsef8TLbPLfyZMYXH8WTNqUdm9g8,ARkecvD8t6BLWJJrbqcmaUSeYv2PhKBJFbARmnt7y7nG,3563520,0.00356352,384
vault,Vau1t6sLNxnzB7ZDsef8TLbPLfyZMYXH8WTNqUdm9g8,4sdUfRerPtW1vFtdQNDXPF6XqSjiWtPf3QLYHhaGJdxA,3563520,0.00356352,384
vault,Vau1t6sLNxnzB7ZDsef8TLbPLfyZMYXH8WTNqUdm9g8,6oiPrtPXGz22wPysA7WJhXvWrHZZumTobFoq9Wzrt7NT,5289600,0.0052896,632
vault,Vau1t6sLNxnzB7ZDsef8TLbPLfyZMYXH8WTNqUdm9g8,XDBbcj84zeRm4xwGbbzQFKDJ1tATrAbAxZWB5Luq9rR,3563520,0.00356352,384
vault,Vau1t6sLNxnzB7ZDsef8TLbPLfyZMYXH8WTNqUdm9g8,BhGhZ6NVpjpZ3KGytoSTPVEboi93e7YxJmYBTcAX9jgW,5289600,0.0052896,632
vault,Vau1t6sLNxnzB7ZDsef8TLbPLfyZMYXH8WTNqUdm9g8,9m947JBooHSff53qhFGkCaA8oQT6ypFPtxP59KDgFQgb,3563520,0.00356352,384
vault,Vau1t6sLNxnzB7ZDsef8TLbPLfyZMYXH8WTNqUdm9g8,G6rXjGqsjup8HGV8W4dE4f14vgy3UF4JYNySd5CE6w29,3563520,0.00356352,384
vault,Vau1t6sLNxnzB7ZDsef8TLbPLfyZMYXH8WTNqUdm9g8,GYiU1N76o7GSuHuVpb2NUCdLNYksX5J2JYY63pumTMnL,3563520,0.00356352,384
vault,Vau1t6sLNxnzB7ZDsef8TLbPLfyZMYXH8WTNqUdm9g8,CtGwquTzjxn9BJhh5mxeBxDe9X8Zm2BDjxMkzcQSNj3U,3563520,0.00356352,384
vault,Vau1t6sLNxnzB7ZDsef8TLbPLfyZMYXH8WTNqUdm9g8,8Z3JLMTivFy6Lgvf9SSSxe6gbY6qFHKg8kXunvJHCSZU,3563520,0.00356352,384
vault,Vau1t6sLNxnzB7ZDsef8TLbPLfyZMYXH8WTNqUdm9g8,BCFEkzj716NjqYjKsDvbUN2HGWVeVyqxTY3XtbqSaBT8,3563520,0.00356352,384
vault,Vau1t6sLNxnzB7ZDsef8TLbPLfyZMYXH8WTNqUdm9g8,2XPv6UhQGuJgGMYByiCzYZJAXA6VabsFXab4QqZP93XG,3563520,0.00356352,384
vault,Vau1t6sLNxnzB7ZDsef8TLbPLfyZMYXH8WTNqUdm9g8,CStLSQCqVLzUdB4bjhSVYTkqi4m7kWLajvTMHJN15XRr,3563520,0.00356352,384
vault,Vau1t6sLNxnzB7ZDsef8TLbPLfyZMYXH8WTNqUdm9g8,EEUbbUPF3dXpwdLG96uYLHj7psb9wPGoEeCRf8w5j6Bq,3563520,0.00356352,384
vault,Vau1t6sLNxnzB7ZDsef8TLbPLfyZMYXH8WTNqUdm9g8,B4Zx4737jSRDAyCeuXXjJybFXDzEAd9Qfs32wbopeJEW,3563520,0.00356352,384
vault,Vau1t6sLNxnzB7ZDsef8TLbPLfyZMYXH8WTNqUdm9g8,2YwHa9dejiWYcQUerCikgRzWaBToZncKgpp5wkAm8GCe,3563520,0.00356352,384
vault,Vau1t6sLNxnzB7ZDsef8TLbPLfyZMYXH8WTNqUdm9g8,22Rmrh6vtW8qAYKSwcyKeyZWmDcU7aZnEpMhmnQRieGX,3563520,0.00356352,384
vault,Vau1t6sLNxnzB7ZDsef8TLbPLfyZMYXH8WTNqUdm9g8,Dn2pCN1Y712wNa1an6GLBBcuKvMmjDv9YEe8G6NynGC5,3563520,0.00356352,384
vault,Vau1t6sLNxnzB7ZDsef8TLbPLfyZMYXH8WTNqUdm9g8,AHTF8xCLCJ3firWVxWVH2P75CSfrd2AFKTkKW9ANGVry,3563520,0.00356352,384
vault,Vau1t6sLNxnzB7ZDsef8TLbPLfyZMYXH8WTNqUdm9g8,HKzc2ggmnC6EW5WeaQ8KX4NsgsLyiRz3AJV9cs3FGs4f,3563520,0.00356352,384
vault,Vau1t6sLNxnzB7ZDsef8TLbPLfyZMYXH8WTNqUdm9g8,HuoUEjRFbiw92JUDddVpHKpEGRFoHEs8f6jWX8cK6YL6,3563520,0.00356352,384
vault,Vau1t6sLNxnzB7ZDsef8TLbPLfyZMYXH8WTNqUdm9g8,2FY2TZa6vAGTCiGp2w5nTAT64PLoW6ZKkZdeBtt2byQA,3563520,0.00356352,384
vault,Vau1t6sLNxnzB7ZDsef8TLbPLfyZMYXH8WTNqUdm9g8,AZCeYceSUWHLm1AgoCiX2GqNqkMEewAbkQFZpsgknwZ,3563520,0.00356352,384
vault,Vau1t6sLNxnzB7ZDsef8TLbPLfyZMYXH8WTNqUdm9g8,7PaQQ22p2uTY7wzHwcL72FuR6zQEZfrwGakFybY5LmkZ,3563520,0.00356352,384
vault,Vau1t6sLNxnzB7ZDsef8TLbPLfyZMYXH8WTNqUdm9g8,A4teD3MzK1a8JBhHASeuPD6mZw2R2mSf8MagtVwfu3ey,3563520,0.00356352,384
vault,Vau1t6sLNxnzB7ZDsef8TLbPLfyZMYXH8WTNqUdm9g8,Dq8wnET3x8VaLxrseEBCJNWwLE9mXR7X7vjAT6N8Jsj1,3563520,0.00356352,384
vault,Vau1t6sLNxnzB7ZDsef8TLbPLfyZMYXH8WTNqUdm9g8,DXgPhwzWNomMctAQu7t5RNqYmoapkVm48mE8p9iREtap,3563520,0.00356352,384
vault,Vau1t6sLNxnzB7ZDsef8TLbPLfyZMYXH8WTNqUdm9g8,2UVGfp6xSY4hYacRaPJaLbfxwepqyBbriyZFjZzYJyM1,3563520,0.00356352,384
vault,Vau1t6sLNxnzB7ZDsef8TLbPLfyZMYXH8WTNqUdm9g8,7WxgNjV7PwTptTxHZRnK2BtakuV3Ch35QveJ8GSFXt1h,3563520,0.00356352,384
vault,Vau1t6sLNxnzB7ZDsef8TLbPLfyZMYXH8WTNqUdm9g8,7PzsdwyV9pMUdQ6ujrhvJcBXt256jZwQJUaqa6f5qosm,3563520,0.00356352,384
vault,Vau1t6sLNxnzB7ZDsef8TLbPLfyZMYXH8WTNqUdm9g8,k68jfDBiXJDpN5EPTjJvon4U3eDkY3JF67Qsz9rckMK,3563520,0.00356352,384
vault,Vau1t6sLNxnzB7ZDsef8TLbPLfyZMYXH8WTNqUdm9g8,4dR9Rmw93r2s7V4GU6xL4DYtAhMQcqLRdVyFSZi7S6qg,3563520,0.00356352,384
vault,Vau1t6sLNxnzB7ZDsef8TLbPLfyZMYXH8WTNqUdm9g8,8J7v1FenF6zaKDWV3donWd8Uj2nebtcHACZV4HUtwno6,3563520,0.00356352,384
vault,Vau1t6sLNxnzB7ZDsef8TLbPLfyZMYXH8WTNqUdm9g8,EfuQStAZfyPf8KxRa7RLUntCnzPkmnju1Rj4XLWKpE1B,3563520,0.00356352,384
vault,Vau1t6sLNxnzB7ZDsef8TLbPLfyZMYXH8WTNqUdm9g8,FtHrvQy3TVd5NCxJFoK6wNV78D2ZsQ1BNckHegShewUX,3563520,0.00356352,384
vault,Vau1t6sLNxnzB7ZDsef8TLbPLfyZMYXH8WTNqUdm9g8,BLyKAAz74ZH3SX3i6Rf4TKeed1n65CcqD7q7LdGtREG9,3563520,0.00356352,384
vault,Vau1t6sLNxnzB7ZDsef8TLbPLfyZMYXH8WTNqUdm9g8,B56UC5PaZfdEE3f4G9z3vhaLZmmpdVnX7JnXZ57EH29w,3563520,0.00356352,384
vault,Vau1t6sLNxnzB7ZDsef8TLbPLfyZMYXH8WTNqUdm9g8,DkFkM3CKh5HAMf8CuUmdPofoAt6tq3Z7zA6BvPuFhAXT,3563520,0.00356352,384
vault,Vau1t6sLNxnzB7ZDsef8TLbPLfyZMYXH8WTNqUdm9g8,AB4Z3bv6YrvPU3o1NXZqBhKsgv6oTXNKZ64GJM5rznH1,3563520,0.00356352,384
vault,Vau1t6sLNxnzB7ZDsef8TLbPLfyZMYXH8WTNqUdm9g8,DDbuuwrgQ2baE4cmSwp7fpqetMzvVg5wHrn9suiSSpMt,3563520,0.00356352,384
vault,Vau1t6sLNxnzB7ZDsef8TLbPLfyZMYXH8WTNqUdm9g8,2KgAF8mkkTYLq98LYZXCX6qwwrvVrQxoboZo5mGx6wrL,3563520,0.00356352,384
vault,Vau1t6sLNxnzB7ZDsef8TLbPLfyZMYXH8WTNqUdm9g8,472AdbHFPhhvJ2KWBYpJBSycrY4GNjFFUqkZyta4Ew8k,3563520,0.00356352,384
vault,Vau1t6sLNxnzB7ZDsef8TLbPLfyZMYXH8WTNqUdm9g8,6RdK4DMKwatPmAoVsYspXb4R2v1sim6GG2NdEq6cPy3U,3563520,0.00356352,384
vault,Vau1t6sLNxnzB7ZDsef8TLbPLfyZMYXH8WTNqUdm9g8,6sAQAj7n9Q9vzv3YEP2riguS92QeuNCvHt9u6RT2MLy6,3563520,0.00356352,384
vault,Vau1t6sLNxnzB7ZDsef8TLbPLfyZMYXH8WTNqUdm9g8,4qpzBxgbUNVg3Cbj3KssnN9Xo6eW8cyvS3uFaqidwVRz,3563520,0.00356352,384
vault,Vau1t6sLNxnzB7ZDsef8TLbPLfyZMYXH8WTNqUdm9g8,8YrZ6f2qg8Nz7W1jWdr2iSu8o8rXQ75z7ADcZGc51pvi,3563520,0.00356352,384
vault,Vau1t6sLNxnzB7ZDsef8TLbPLfyZMYXH8WTNqUdm9g8,FD9BgDUdLAAzK4ag2YzQTxmRDpwZ67ABydyUWy6dnMo4,3563520,0.00356352,384
vault,Vau1t6sLNxnzB7ZDsef8TLbPLfyZMYXH8WTNqUdm9g8,FdNEFJ6JdjB8DNBr5LmCj6k2UpH7x6iLuxNaAHR6SA2,3563520,0.00356352,384
vault,Vau1t6sLNxnzB7ZDsef8TLbPLfyZMYXH8WTNqUdm9g8,5PMDUP7eQhs73ZCK9YXwfG46YKCPfDwiLUVFHeCTMNtK,3563520,0.00356352,384
vault,Vau1t6sLNxnzB7ZDsef8TLbPLfyZMYXH8WTNqUdm9g8,BrQ2rEZ1EpRo2dYC1nss5PoidAJiHjBuJLhMxCyKhQU,3563520,0.00356352,384
vault,Vau1t6sLNxnzB7ZDsef8TLbPLfyZMYXH8WTNqUdm9g8,B3qsqxsFTCo7gssekVqPnh3rEkFLeEDNE7dewCLZzAiq,3563520,0.00356352,384
vault,Vau1t6sLNxnzB7ZDsef8TLbPLfyZMYXH8WTNqUdm9g8,poke1SBKvADgTkXUeNHmsdTm8i4i59CKn7xRiccj4An,3563520,0.00356352,384
vault,Vau1t6sLNxnzB7ZDsef8TLbPLfyZMYXH8WTNqUdm9g8,GucHcx9aTJmB2paqgwuMsZuE4Xy3sZeZ5m1cjZiu16hN,3563520,0.00356352,384
vault,Vau1t6sLNxnzB7ZDsef8TLbPLfyZMYXH8WTNqUdm9g8,yBwYoAxL5gBbi6Gi966C3U2pYFC9J1ZLZ4HG6iCCqvf,3563520,0.00356352,384
vault,Vau1t6sLNxnzB7ZDsef8TLbPLfyZMYXH8WTNqUdm9g8,418sYaMSk7mwajnNH689c6GFZJJ1LDAHjkpHS6JoAneL,3563520,0.00356352,384
vault,Vau1t6sLNxnzB7ZDsef8TLbPLfyZMYXH8WTNqUdm9g8,2BtTCSbhzsM4FaWFRnPe6XfJmcaGw8fFtJxcoZH2DJop,3563520,0.00356352,384
vault,Vau1t6sLNxnzB7ZDsef8TLbPLfyZMYXH8WTNqUdm9g8,G6V6HNYnGPy98EpXtzyRa64ExL3V5ib8PHN33wKhVbEV,3563520,0.00356352,384
vault,Vau1t6sLNxnzB7ZDsef8TLbPLfyZMYXH8WTNqUdm9g8,G3pY37Am3RGUGjCLqRVrgGAqnBDCf2kbDG5pMj1seaqm,3563520,0.00356352,384
vault,Vau1t6sLNxnzB7ZDsef8TLbPLfyZMYXH8WTNqUdm9g8,JAd4ZY5pyUz14GaL2qt7uwjhyNKSCNvny8r3w8TeFV2F,8623459,0.008623459,1111
vault,Vau1t6sLNxnzB7ZDsef8TLbPLfyZMYXH8WTNqUdm9g8,Eq4nPYucjz6jDuJzCUir5zfntY78kZETmFycGvi6MKwh,3563520,0.00356352,384
vault,Vau1t6sLNxnzB7ZDsef8TLbPLfyZMYXH8WTNqUdm9g8,BE7xRwRJY893fG2HuhB4iQ3Y1wmEzrrVmYgbfKWroudA,3563520,0.00356352,384
vault,Vau1t6sLNxnzB7ZDsef8TLbPLfyZMYXH8WTNqUdm9g8,3hN4oBCVF2BPHpQsAiEGLNhjSPuU9RsSsRDzSYzmzhhz,3563520,0.00356352,384
vault,Vau1t6sLNxnzB7ZDsef8TLbPLfyZMYXH8WTNqUdm9g8,HxzHfL9wqxgkfq8xAW8zybd6DAXMZqUW7x9iqaW1s6H5,5289600,0.0052896,632
vault,Vau1t6sLNxnzB7ZDsef8TLbPLfyZMYXH8WTNqUdm9g8,CRT167Dx5XXUtK7H5gfZx5ft6DmvJEqvSBobX1G7ZSmA,3563520,0.00356352,384
vault,Vau1t6sLNxnzB7ZDsef8TLbPLfyZMYXH8WTNqUdm9g8,5GarnYzPxSvCHu9nGxBn1MR1AAWKPVwdty4rX2zygvZo,3563520,0.00356352,384
vault,Vau1t6sLNxnzB7ZDsef8TLbPLfyZMYXH8WTNqUdm9g8,6MkzuBMFpkJXLSiSCr571Qc7BsJAo6TqMd1F4kwq9Y5W,3563520,0.00356352,384
vault,Vau1t6sLNxnzB7ZDsef8TLbPLfyZMYXH8WTNqUdm9g8,GD8U4WMyHCPitFgiFJnnDUmX6rugERK7W7LoUisru2SU,3563520,0.00356352,384
vault,Vau1t6sLNxnzB7ZDsef8TLbPLfyZMYXH8WTNqUdm9g8,A7cdJQL49pYUsjETWoKVu6deMVsPd4bSsxZWGUJH1X1T,3563520,0.00356352,384
vault,Vau1t6sLNxnzB7ZDsef8TLbPLfyZMYXH8WTNqUdm9g8,C8MzJKQHFubF9KFBAJEbvLLEoJzHa2Mayrz6JWdrnfM2,3563520,0.00356352,384
vault,Vau1t6sLNxnzB7ZDsef8TLbPLfyZMYXH8WTNqUdm9g8,HGAQoHMMuQ9CSdxnX6JZvVCk9jn1drMpJRBiUAwGxPwh,5289600,0.0052896,632
vault,Vau1t6sLNxnzB7ZDsef8TLbPLfyZMYXH8WTNqUdm9g8,EcZrEG4zHrPRsV1urMbaF3mfa5w2jdfQo7PeaaKF9NZ9,3563520,0.00356352,384
vault,Vau1t6sLNxnzB7ZDsef8TLbPLfyZMYXH8WTNqUdm9g8,ECutzWo7XyzUuvxNoDinJmYimPbD3SXSF9g2CvXp99AS,3563520,0.00356352,384
vault,Vau1t6sLNxnzB7ZDsef8TLbPLfyZMYXH8WTNqUdm9g8,4FfvHayG1UMf8p2p4J682MWdTTgBvzpSCEMdTNMvM2KB,3563520,0.00356352,384
vault,Vau1t6sLNxnzB7ZDsef8TLbPLfyZMYXH8WTNqUdm9g8,9z61X1rLgie3oYrRhQYxyZK6Bek7RaQVQGBkRovhTuHP,3563520,0.00356352,384
vault,Vau1t6sLNxnzB7ZDsef8TLbPLfyZMYXH8WTNqUdm9g8,675ftkD6gejdGMhcgDrreazFSvj6uHaX2hJ2Mj4wAP97,3563520,0.00356352,384
vault,Vau1t6sLNxnzB7ZDsef8TLbPLfyZMYXH8WTNqUdm9g8,AxaCFY2dtJLHm4HpmuC5hRCN52vtcdQkHnm8z66Jyv1y,3563520,0.00356352,384
vault,Vau1t6sLNxnzB7ZDsef8TLbPLfyZMYXH8WTNqUdm9g8,Ezvx14MC3S4iVEu3sTJ3d4WZ6Cnq2Yv51thGcHKR7H21,3563520,0.00356352,384
vault,Vau1t6sLNxnzB7ZDsef8TLbPLfyZMYXH8WTNqUdm9g8,8Btqpi4efa3NjTCALibPvZsmagMcWmwLLHD769bGMGSA,3563520,0.00356352,384
vault,Vau1t6sLNxnzB7ZDsef8TLbPLfyZMYXH8WTNqUdm9g8,7tk7b1pi5b6HRo2wWmRjAjsM486idqJWcBjfgrh8SBP6,3563520,0.00356352,384
vault,Vau1t6sLNxnzB7ZDsef8TLbPLfyZMYXH8WTNqUdm9g8,EhNPp4Zj32ZtbxG9Mwc3uuHDotchoTvRSuw4h7KsELJj,3563520,0.00356352,384
vault,Vau1t6sLNxnzB7ZDsef8TLbPLfyZMYXH8WTNqUdm9g8,UprSyoNsqzS5dZ9v8Em59uMpptDEaL1HnsaS4X61XVg,3563520,0.00356352,384
vault,Vau1t6sLNxnzB7ZDsef8TLbPLfyZMYXH8WTNqUdm9g8,H7mMKbkmbbWSRDLmiE2CH2cadWmczaoy6m5oKgdbGbpm,3563520,0.00356352,384
vault,Vau1t6sLNxnzB7ZDsef8TLbPLfyZMYXH8WTNqUdm9g8,WMBj5g44BuUCsWz7F2Pix2wn9FPB6rEhEw4oSnQk1dK,3563520,0.00356352,384
vault,Vau1t6sLNxnzB7ZDsef8TLbPLfyZMYXH8WTNqUdm9g8,APsg5eh2oDnbzrEc2yrmpxaWkqFq5dYwBKae1wxXyPYK,3563520,0.00356352,384
vault,Vau1t6sLNxnzB7ZDsef8TLbPLfyZMYXH8WTNqUdm9g8,BLdyX4hBB6rqsBtABTUCt8Do3UKxSKWYQxfikf2fCVjf,3563520,0.00356352,384
vault,Vau1t6sLNxnzB7ZDsef8TLbPLfyZMYXH8WTNqUdm9g8,D5oH3k5nxi7KGguFA4qz7go4AopC9AuYNy9jzEP3Qk6q,3619200,0.0036192,392
vault,Vau1t6sLNxnzB7ZDsef8TLbPLfyZMYXH8WTNqUdm9g8,CcNWESfJzVTLEY2o7jQiUt7keM3mxoYmfyHU3xiDSdW1,3563520,0.00356352,384
vault,Vau1t6sLNxnzB7ZDsef8TLbPLfyZMYXH8WTNqUdm9g8,HdwxwYx2X1Fd36vqHRCVP6WJyUigkJbggu3E9u8txkts,3563520,0.00356352,384
vault,Vau1t6sLNxnzB7ZDsef8TLbPLfyZMYXH8WTNqUdm9g8,3MxAsBsyBAovUta2pYz6Tex3FSHDVCgtxxZzHsUdXBq9,3563520,0.00356352,384
vault,Vau1t6sLNxnzB7ZDsef8TLbPLfyZMYXH8WTNqUdm9g8,BB3LtTnZw8hbLvs5ak54yJcRBuNNCsBQ5t43GygysgPH,3563520,0.00356352,384
vault,Vau1t6sLNxnzB7ZDsef8TLbPLfyZMYXH8WTNqUdm9g8,DuE7yQjqx7rrn4KVHyqSVr2KFtZp2em9SKzrH77rpDfp,3563520,0.00356352,384
vault,Vau1t6sLNxnzB7ZDsef8TLbPLfyZMYXH8WTNqUdm9g8,78CrThro2Mu92frD8FPQioA7WvXrdaeC3g2XAToh7phG,3563520,0.00356352,384
vault,Vau1t6sLNxnzB7ZDsef8TLbPLfyZMYXH8WTNqUdm9g8,9cMaN9LBrk7B7qdBsT13N3FagPgzRMUVg8ckegTFLY1G,3563520,0.00356352,384
vault,Vau1t6sLNxnzB7ZDsef8TLbPLfyZMYXH8WTNqUdm9g8,AZAykxjA8man7fS8mbUgLcgeBFneZHF3y8hHTYyK6FiG,3563520,0.00356352,384
vault,Vau1t6sLNxnzB7ZDsef8TLbPLfyZMYXH8WTNqUdm9g8,8M64Vib9Bnf3WkiqNNQfC1pLgJsoSn25d67dEJuXb6dQ,3563520,0.00356352,384
vault,Vau1t6sLNxnzB7ZDsef8TLbPLfyZMYXH8WTNqUdm9g8,E2FXEkfw2EnSVtek5YB2LndzgF4imvUnCuGEgh4HNqZN,3563520,0.00356352,384
vault,Vau1t6sLNxnzB7ZDsef8TLbPLfyZMYXH8WTNqUdm9g8,7nzjCNw6KCCCVDbFDQqfd2FrWQf24Eraaccw6vftVJKL,3563520,0.00356352,384
vault,Vau1t6sLNxnzB7ZDsef8TLbPLfyZMYXH8WTNqUdm9g8,4ZLZzQLcyTKrNT9ZpTEwoooosdnfyroWPziB3qAR17CW,3563520,0.00356352,384
vault,Vau1t6sLNxnzB7ZDsef8TLbPLfyZMYXH8WTNqUdm9g8,CDBB3MSaQh477wp6De6Y8CQMDtoJmGRW6BjDP3F1gFnn,3563520,0.00356352,384
vault,Vau1t6sLNxnzB7ZDsef8TLbPLfyZMYXH8WTNqUdm9g8,Az1GBxNLcojiWF5nX1ghWifmwgYyJnqJT4aXY4kMvZrz,3563520,0.00356352,384
vault,Vau1t6sLNxnzB7ZDsef8TLbPLfyZMYXH8WTNqUdm9g8,Dt6XSTxYe8uGW9MwfFBQaaw3C3VPfD9M4ysyYZvFWoR9,3563520,0.00356352,384
vault,Vau1t6sLNxnzB7ZDsef8TLbPLfyZMYXH8WTNqUdm9g8,8tgRjkdM4mzK6jrfb9Kj979kXNepGWAG6otTtPAEEHqf,3563520,0.00356352,384
vault,Vau1t6sLNxnzB7ZDsef8TLbPLfyZMYXH8WTNqUdm9g8,6tZFLnDoQyvP3GWU7unAFZoHRyS6fA517R9Nxo1AwE3W,3563520,0.00356352,384
vault,Vau1t6sLNxnzB7ZDsef8TLbPLfyZMYXH8WTNqUdm9g8,C4VVTodYiKpRUpmxuTQKTE359mbtw7nQGRoTkFQQt7yW,3563520,0.00356352,384
vault,Vau1t6sLNxnzB7ZDsef8TLbPLfyZMYXH8WTNqUdm9g8,FroVCYbMqAUzC7NiLi3xRo4jcGxpycwtqQ1RmEaBfrXj,3563520,0.00356352,384
vault,Vau1t6sLNxnzB7ZDsef8TLbPLfyZMYXH8WTNqUdm9g8,BANrjd4DK7bXWaARfDSsJzivmmpHEgvu7wuoiMVxX7uy,3563520,0.00356352,384
vault,Vau1t6sLNxnzB7ZDsef8TLbPLfyZMYXH8WTNqUdm9g8,PFTmJrWuPRW6DySpM5Xct9QxSJYvvKdKKmCoZYQ1dcp,3563520,0.00356352,384
vault,Vau1t6sLNxnzB7ZDsef8TLbPLfyZMYXH8WTNqUdm9g8,x93viJhfj9fQXQvu9jwF23H5vC6D4r7aep2HNYgEum5,3563520,0.00356352,384
vault,Vau1t6sLNxnzB7ZDsef8TLbPLfyZMYXH8WTNqUdm9g8,CWtWHQUuG3LXYt9bK6iPKbezQbEWyXksbey5XDUXLoAG,3563520,0.00356352,384
vault,Vau1t6sLNxnzB7ZDsef8TLbPLfyZMYXH8WTNqUdm9g8,JEUTaxxKiB3DD2x67pAE3rUoSkJqhT3jJPdX2C3S797,3563520,0.00356352,384
vault,Vau1t6sLNxnzB7ZDsef8TLbPLfyZMYXH8WTNqUdm9g8,7b1kC5gB9WRStgCW1Vs5rhUt9FMZg2dvsf6dFEPyqCWz,3563520,0.00356352,384
vault,Vau1t6sLNxnzB7ZDsef8TLbPLfyZMYXH8WTNqUdm9g8,G3JYfrQ1R4cf8oAF9j4x9MaEAiTPT7ggDadyZMF264Ai,5289600,0.0052896,632
vault,Vau1t6sLNxnzB7ZDsef8TLbPLfyZMYXH8WTNqUdm9g8,5Y6ZYkCts2vXvzMvcXM3fzZVcH32cHrAVSKQ7CasAkxc,3563520,0.00356352,384
vault,Vau1t6sLNxnzB7ZDsef8TLbPLfyZMYXH8WTNqUdm9g8,CsFD7EXJbb5VR6E8cfxyB8JfbafQmae4sAyrGkeFnwXp,3563520,0.00356352,384
vault,Vau1t6sLNxnzB7ZDsef8TLbPLfyZMYXH8WTNqUdm9g8,DpJz8mus4ZwfqhY4GyxkQfpr6ApBGM7BWxtpzW9pC4Mb,3563520,0.00356352,384
vault,Vau1t6sLNxnzB7ZDsef8TLbPLfyZMYXH8WTNqUdm9g8,CWkEikPp3qJdPXeygVgtmfZbqboE535t6deAJKJA6Yx4,3563520,0.00356352,384
vault,Vau1t6sLNxnzB7ZDsef8TLbPLfyZMYXH8WTNqUdm9g8,65twTm1iHWbfJAxhb63cu4qcvbsNViu1qX6g4gr37wMF,3563520,0.00356352,384
vault,Vau1t6sLNxnzB7ZDsef8TLbPLfyZMYXH8WTNqUdm9g8,E5iU62nMU5Hfr3ffF7q6CMdBbcwSnKseneqD6GK5wvbA,3563520,0.00356352,384
vault,Vau1t6sLNxnzB7ZDsef8TLbPLfyZMYXH8WTNqUdm9g8,FMg1ssGENAAKbfaU1FuekFEQCF2gfNzMk8NW8sNm62wz,3563520,0.00356352,384
vault,Vau1t6sLNxnzB7ZDsef8TLbPLfyZMYXH8WTNqUdm9g8,CyGwYsiNg1FEYNCVXmPAixCkn2ZqWQVQJVy9RBCPNF7t,8623440,0.00862344,1111
vault,Vau1t6sLNxnzB7ZDsef8TLbPLfyZMYXH8WTNqUdm9g8,FhaMs68btTWwqMLkjDKDQYYTnNS7BAmUNHedVF7ZKQoF,3563520,0.00356352,384
vault,Vau1t6sLNxnzB7ZDsef8TLbPLfyZMYXH8WTNqUdm9g8,9V15ikpSupYoTrzvqsLVMTxXAJhzqWWQM5PfuKk6i79,3563520,0.00356352,384
vault,Vau1t6sLNxnzB7ZDsef8TLbPLfyZMYXH8WTNqUdm9g8,HRoJ9kW6Pxwyfa55DSuNjVeaN2EuK5mj3SyoCygWgXq5,3563520,0.00356352,384
vault,Vau1t6sLNxnzB7ZDsef8TLbPLfyZMYXH8WTNqUdm9g8,6cmxerEDvPsoD3cuf9RApwAv4yJ2Tt13bJaTic5pEFoV,3563520,0.00356352,384
vault,Vau1t6sLNxnzB7ZDsef8TLbPLfyZMYXH8WTNqUdm9g8,GptZNd4NBao895rGvvwwQEDVPRjUjXGKnnLCZ4VFTs4R,3563520,0.00356352,384
vault,Vau1t6sLNxnzB7ZDsef8TLbPLfyZMYXH8WTNqUdm9g8,3DLwo64a14n6sQ7ts42PJerqyWogY5v7N2JmDwh4mKvW,3563520,0.00356352,384
vault,Vau1t6sLNxnzB7ZDsef8TLbPLfyZMYXH8WTNqUdm9g8,8gUzE3PHqwt2yAks9QofZxdzSDqHxkGhZxNejTefDSoS,3563520,0.00356352,384
vault,Vau1t6sLNxnzB7ZDsef8TLbPLfyZMYXH8WTNqUdm9g8,ketNrHUjHWVXAyf4q1fi1u2pAHApM9zWy7sKYDF4ZJu,5289600,0.0052896,632
vault,Vau1t6sLNxnzB7ZDsef8TLbPLfyZMYXH8WTNqUdm9g8,645FxbsNzREP8xPaxi3qx3nYiTSW4pi1wpqV7mt49vCY,3563520,0.00356352,384
vault,Vau1t6sLNxnzB7ZDsef8TLbPLfyZMYXH8WTNqUdm9g8,98c8yE8hMriGij6jkjHWrj2S9XmvdCx6QN751rmnURJj,3563520,0.00356352,384
vault,Vau1t6sLNxnzB7ZDsef8TLbPLfyZMYXH8WTNqUdm9g8,BRWT7kiEYi9RL5CffjVbXQ5SxcY15fhq7biDv6RbBjRL,3563520,0.00356352,384
vault,Vau1t6sLNxnzB7ZDsef8TLbPLfyZMYXH8WTNqUdm9g8,6Gr4yecpB78mPZLoqrUTGPN5rdumFJEHDT9ttTtLASwe,3563520,0.00356352,384
vault,Vau1t6sLNxnzB7ZDsef8TLbPLfyZMYXH8WTNqUdm9g8,GVbijiZu8osN81uoHJ6fgFnSLP4xKbsqGn15xW1RVoEA,3563520,0.00356352,384
vault,Vau1t6sLNxnzB7ZDsef8TLbPLfyZMYXH8WTNqUdm9g8,97ftuko9NnyS21ygZMePPREiEw9eQhTCkCVDrxxbuv6Z,3563520,0.00356352,384
vault,Vau1t6sLNxnzB7ZDsef8TLbPLfyZMYXH8WTNqUdm9g8,9YevsVxxwgqAV3j39GmHjAvrizZssNUnQedi6rpGXFED,3563520,0.00356352,384
vault,Vau1t6sLNxnzB7ZDsef8TLbPLfyZMYXH8WTNqUdm9g8,93jsLWiiwzZ4yVLwSqR1NiZ7UoHioZTJoJyrAK7mGBwA,3563520,0.00356352,384
vault,Vau1t6sLNxnzB7ZDsef8TLbPLfyZMYXH8WTNqUdm9g8,F65aNvbh7RCmdWxehAKnFVYp9u4RxtGnkq3YzbfJ1ea9,3563520,0.00356352,384
vault,Vau1t6sLNxnzB7ZDsef8TLbPLfyZMYXH8WTNqUdm9g8,Eq4MvwRH2o3uUQaUTeoCh2oaZrAWCCP2KhXb5FGFx17,3563520,0.00356352,384
vault,Vau1t6sLNxnzB7ZDsef8TLbPLfyZMYXH8WTNqUdm9g8,HChMJXvfNwRKU5UwuD2w462EC6ZPiE7XJeaEWEqoPKNB,3563520,0.00356352,384
vault,Vau1t6sLNxnzB7ZDsef8TLbPLfyZMYXH8WTNqUdm9g8,BJCGDuH5NFjsoMhPCuXywdcXNfTwComDc1rWRs63v6Wz,3563520,0.00356352,384
vault,Vau1t6sLNxnzB7ZDsef8TLbPLfyZMYXH8WTNqUdm9g8,9ELXrtDKgyn3LxTKaagfTB9iSnEHRg5pTxRysPcCWnnR,5289600,0.0052896,632
vault,Vau1t6sLNxnzB7ZDsef8TLbPLfyZMYXH8WTNqUdm9g8,4an8d1wajWS26bA7m1bFQNTJmoZvD5sbVwRPyagDkNLr,3563520,0.00356352,384
vault,Vau1t6sLNxnzB7ZDsef8TLbPLfyZMYXH8WTNqUdm9g8,F1hjWNKfLrUBaTq1A8aKPrUzFmmm2rKaTYpEqk6uoYwT,3563520,0.00356352,384
vault,Vau1t6sLNxnzB7ZDsef8TLbPLfyZMYXH8WTNqUdm9g8,ATx51yQHNH8eM9knpnruq1MtWsVkV8SjvhwrPkJzw7Eq,3563520,0.00356352,384
vault,Vau1t6sLNxnzB7ZDsef8TLbPLfyZMYXH8WTNqUdm9g8,BSw2TAt7qxhU3AgbFZaxYcFGsEwd13KJYfGkZkWfjCqz,3563520,0.00356352,384
vault,Vau1t6sLNxnzB7ZDsef8TLbPLfyZMYXH8WTNqUdm9g8,9DRWqh4TBN5iZgEep4q7mQqncE4gHYRcATrqhnjoc5B4,3563520,0.00356352,384
vault,Vau1t6sLNxnzB7ZDsef8TLbPLfyZMYXH8WTNqUdm9g8,Df9RDYb7ijcphWY8Z9BXBPmzj97xW83MUuKsKohxKPwG,3563520,0.00356352,384
vault,Vau1t6sLNxnzB7ZDsef8TLbPLfyZMYXH8WTNqUdm9g8,Bm7f9conyoA2LUff9wPLGShDBRQaxZF3pRzR7mRqtzKP,3563520,0.00356352,384
vault,Vau1t6sLNxnzB7ZDsef8TLbPLfyZMYXH8WTNqUdm9g8,H8J9Z7FBPoqfy2vYvQEUAh6Zcy9YtqtP3pqwcp4TXLgm,3563520,0.00356352,384
vault,Vau1t6sLNxnzB7ZDsef8TLbPLfyZMYXH8WTNqUdm9g8,BGkfHpimr5Hrhqts1tcPfZ48FCon8khsdNzP7d3Tso8J,3563520,0.00356352,384
vault,Vau1t6sLNxnzB7ZDsef8TLbPLfyZMYXH8WTNqUdm9g8,ACHTVgp7umgEGWbwo8hpc9VQUd75tPsD6iS7nU3RevHo,3563520,0.00356352,384
vault,Vau1t6sLNxnzB7ZDsef8TLbPLfyZMYXH8WTNqUdm9g8,9AdVwaAdxEWgSGAEwLcAVzJsJ87JLM17o9mPdrVHpyEU,3563520,0.00356352,384
vault,Vau1t6sLNxnzB7ZDsef8TLbPLfyZMYXH8WTNqUdm9g8,FXeLCkkpj3ZK7PzKg1Hr1orJHkXYG1mv9KBnmEiCTWZo,3563520,0.00356352,384
vault,Vau1t6sLNxnzB7ZDsef8TLbPLfyZMYXH8WTNqUdm9g8,HUGi8z8yHsjNJahiTQrYNw3Ytx3NykQDo1292cn7HPVX,3563520,0.00356352,384
vault,Vau1t6sLNxnzB7ZDsef8TLbPLfyZMYXH8WTNqUdm9g8,EVr8g7djHFGbX716dSqhoN8BaB1RZdn7TAqcCk1LCKuM,3563520,0.00356352,384
vault,Vau1t6sLNxnzB7ZDsef8TLbPLfyZMYXH8WTNqUdm9g8,CUupMvhPGzKqeS9Q9T9SeSvkujcunNy3XrA1tGusb4Fe,3563520,0.00356352,384
vault,Vau1t6sLNxnzB7ZDsef8TLbPLfyZMYXH8WTNqUdm9g8,AhoDPy2JzJF1Sau1pZ2UdQpeSzmdNygsJaqRsWDiBCxm,3563520,0.00356352,384
vault,Vau1t6sLNxnzB7ZDsef8TLbPLfyZMYXH8WTNqUdm9g8,5Q4TjrdKHAWTHFg5RSyVKrtHMfDuAahiJheo4CP5f4k4,3563520,0.00356352,384
vault,Vau1t6sLNxnzB7ZDsef8TLbPLfyZMYXH8WTNqUdm9g8,CDRhLfyxds4ogNpjPwE51dP8UDMfN4iUmcq7ic6uou36,3563520,0.00356352,384
vault,Vau1t6sLNxnzB7ZDsef8TLbPLfyZMYXH8WTNqUdm9g8,CWjcAN8Xn7VNYUozpaoennZ7WrPWsJTN3yjGprxARkyr,3563520,0.00356352,384
vault,Vau1t6sLNxnzB7ZDsef8TLbPLfyZMYXH8WTNqUdm9g8,7dTtfbxvrwDqpC8cCtQusRnvmP4t9bkx4a1q1EuYWDhg,3563520,0.00356352,384
vault,Vau1t6sLNxnzB7ZDsef8TLbPLfyZMYXH8WTNqUdm9g8,AM9DKZcKED8c13Bh49xzC7726DsgBLttv43Tb6fu2G6v,3563520,0.00356352,384
vault,Vau1t6sLNxnzB7ZDsef8TLbPLfyZMYXH8WTNqUdm9g8,67zVmY9ZwV239TdvUyNYgLvkJUvt8ERhBcUgXkr9Goe8,3563520,0.00356352,384
vault,Vau1t6sLNxnzB7ZDsef8TLbPLfyZMYXH8WTNqUdm9g8,FBr3Vi3KDvU9tFE9Fph2KVLHc4sjaniG3zTdsTQ8Rk2y,3563520,0.00356352,384
vault,Vau1t6sLNxnzB7ZDsef8TLbPLfyZMYXH8WTNqUdm9g8,9cSepc2YR47twvQUKwNSKRDGG57K5ESemScXSiVr4szx,3563520,0.00356352,384
vault,Vau1t6sLNxnzB7ZDsef8TLbPLfyZMYXH8WTNqUdm9g8,29LJS1id4iU1ZugacfSNueCuJmq36xAbVsi6uMTnywgZ,3563520,0.00356352,384
vault,Vau1t6sLNxnzB7ZDsef8TLbPLfyZMYXH8WTNqUdm9g8,6zcJ1X5k2Y8Gr6V3cYs1seU48aWSSoy2Nj9vcWc5wncU,3563520,0.00356352,384
vault,Vau1t6sLNxnzB7ZDsef8TLbPLfyZMYXH8WTNqUdm9g8,6UdrbRRXFZGdt23NZVpi5wwomUWQCputaDM27m9jqw7V,3563520,0.00356352,384
vault,Vau1t6sLNxnzB7ZDsef8TLbPLfyZMYXH8WTNqUdm9g8,ByHALWurxPGm5uQ8jStvUdsQvuVqYSBNK9XbdUaGN2Qx,3563520,0.00356352,384
vault,Vau1t6sLNxnzB7ZDsef8TLbPLfyZMYXH8WTNqUdm9g8,GvXt3PBQqrDfKzLXHrUdfWJKXGPEA4A4zWoQnZzkQpQh,3563520,0.00356352,384
vault,Vau1t6sLNxnzB7ZDsef8TLbPLfyZMYXH8WTNqUdm9g8,AsLTXvow7WG6VYTkJxUnSewdk9eHyXaTZjWwxSe4GhMv,3563520,0.00356352,384
vault,Vau1t6sLNxnzB7ZDsef8TLbPLfyZMYXH8WTNqUdm9g8,4HCQ8W9tEELgbfNNPPrgQF3VX4GPaHVszZzTjVp1vBbD,3563520,0.00356352,384
vault,Vau1t6sLNxnzB7ZDsef8TLbPLfyZMYXH8WTNqUdm9g8,GFhDgWd2izpE6XUnbFt7GzUHPx35epqRvT1r1iWvGAGY,5289600,0.0052896,632
vault,Vau1t6sLNxnzB7ZDsef8TLbPLfyZMYXH8WTNqUdm9g8,HNC53bECDJqSWBz2US6Mmjm35XRNz6Y4fV4s4n1qjZz7,3563520,0.00356352,384
vault,Vau1t6sLNxnzB7ZDsef8TLbPLfyZMYXH8WTNqUdm9g8,BMC6MgwsDeXW6cqdsKkHGva2udvYYJTKdWzEgGAAA8Cs,3563520,0.00356352,384
vault,Vau1t6sLNxnzB7ZDsef8TLbPLfyZMYXH8WTNqUdm9g8,4LvjBkmXFih2csUwXVDn9Tf4mv1A3Z63iS9hqXqKArTm,3563520,0.00356352,384
vault,Vau1t6sLNxnzB7ZDsef8TLbPLfyZMYXH8WTNqUdm9g8,FG6pE784wNcKVLsf2QFFDWhfeTwh8jrSZTKwrFRW7Zou,3563520,0.00356352,384
vault,Vau1t6sLNxnzB7ZDsef8TLbPLfyZMYXH8WTNqUdm9g8,BNq5c1B9Ba3DuFzowAgsCQoFcpMPEV9dGi4ZNsmxHMU4,3563520,0.00356352,384
vault,Vau1t6sLNxnzB7ZDsef8TLbPLfyZMYXH8WTNqUdm9g8,AkGukLnXYD5PtV5rEGGnZHvdJiZqoP6smvsNyhPWgfzA,3563520,0.00356352,384
vault,Vau1t6sLNxnzB7ZDsef8TLbPLfyZMYXH8WTNqUdm9g8,4bwiGd1i3F1xVN4bjSpU4VaoHgS6CqmxN46wvbaCFUV5,3619200,0.0036192,392
vault,Vau1t6sLNxnzB7ZDsef8TLbPLfyZMYXH8WTNqUdm9g8,JBka6feVUygfwvoEj2NgUpsJtWewKXKqX9BN7bYHyLfG,3563520,0.00356352,384
vault,Vau1t6sLNxnzB7ZDsef8TLbPLfyZMYXH8WTNqUdm9g8,BxBXEB4EkE7YyPpsAVMuA5rxxGVm2spx7jfCosFXWvpG,3563520,0.00356352,384
vault,Vau1t6sLNxnzB7ZDsef8TLbPLfyZMYXH8WTNqUdm9g8,8Fi2ZNx6z7QobZdRazz6aV5gRVY7m5P2UPLwuqLcYHQ1,8623440,0.00862344,1111
vault,Vau1t6sLNxnzB7ZDsef8TLbPLfyZMYXH8WTNqUdm9g8,CLydswWnJTzxU2ApMGww594ksshj6BeWoimeNxJZHsoK,3563520,0.00356352,384
vault,Vau1t6sLNxnzB7ZDsef8TLbPLfyZMYXH8WTNqUdm9g8,CbCjgqqNrEWfp43apuWkRtPgXk7XU1X8RkcGetRnmK6,3563520,0.00356352,384
vault,Vau1t6sLNxnzB7ZDsef8TLbPLfyZMYXH8WTNqUdm9g8,GQEwQqqTiVSiS3NGeESaDeNmwWs2WmmPSoFbgTDWG7j6,3563520,0.00356352,384
vault,Vau1t6sLNxnzB7ZDsef8TLbPLfyZMYXH8WTNqUdm9g8,DB96JAYAL8V6momuQ1zRd4fCBubBNLqv6ywce1b5QqDX,3563520,0.00356352,384
vault,Vau1t6sLNxnzB7ZDsef8TLbPLfyZMYXH8WTNqUdm9g8,9PJW99CHYfqcyhX8tyso45ACiCFkJSk1sniF1ab6NSyS,3563520,0.00356352,384
vault,Vau1t6sLNxnzB7ZDsef8TLbPLfyZMYXH8WTNqUdm9g8,394tCXGWXKoCi3S9NZXss6UJ6zmWGoKzHunt9sHKLfZP,3563520,0.00356352,384
vault,Vau1t6sLNxnzB7ZDsef8TLbPLfyZMYXH8WTNqUdm9g8,DjCLB3NHuqThrRbrfq2FvnD4aw7ctDYkPEUHL9Ce6Cbv,3563520,0.00356352,384
vault,Vau1t6sLNxnzB7ZDsef8TLbPLfyZMYXH8WTNqUdm9g8,8ZUPn9CNQgWEPs5Xx6FxakL8RotA4DgzvqpBGS3FZThE,3563520,0.00356352,384
vault,Vau1t6sLNxnzB7ZDsef8TLbPLfyZMYXH8WTNqUdm9g8,2xu39uACFcqJP9Rsmq3qpCLM5i1PKdtRFqxyDG7fPrhE,3563520,0.00356352,384
vault,Vau1t6sLNxnzB7ZDsef8TLbPLfyZMYXH8WTNqUdm9g8,4TofSdLDxSo3kAgMpCGacJ457N3MC2SPA7xQvgkrF4bo,3563520,0.00356352,384
vault,Vau1t6sLNxnzB7ZDsef8TLbPLfyZMYXH8WTNqUdm9g8,Avf6XwS5giKTCn4UPcrorB2Zj685npD39gdMx4rGuyGj,5289600,0.0052896,632
vault,Vau1t6sLNxnzB7ZDsef8TLbPLfyZMYXH8WTNqUdm9g8,6vdWhbyTm9ZmMTX35c2cW8L7iKEQhmBJ883ShfPt9v2d,3563520,0.00356352,384
vault,Vau1t6sLNxnzB7ZDsef8TLbPLfyZMYXH8WTNqUdm9g8,Db2DvF1i2qy3KjNwdU3zPpERvi4Ege7zwsaUnM6LAY8b,3563520,0.00356352,384
vault,Vau1t6sLNxnzB7ZDsef8TLbPLfyZMYXH8WTNqUdm9g8,Gc6z59v24P9rVhaqEp6JJcgnpsCBRjNRRj86DVWxvBqx,3563520,0.00356352,384
vault,Vau1t6sLNxnzB7ZDsef8TLbPLfyZMYXH8WTNqUdm9g8,yRLWLR59kzutPfeevk8HfMBveg3gR1vimEEdyUvhfyf,3563520,0.00356352,384
vault,Vau1t6sLNxnzB7ZDsef8TLbPLfyZMYXH8WTNqUdm9g8,EJCBkrbUaHaZdzPpYnQgsR8iqkXhdQxLwgZTKx9w38z6,5289600,0.0052896,632
vault,Vau1t6sLNxnzB7ZDsef8TLbPLfyZMYXH8WTNqUdm9g8,AaaQURzmaP3Cj7bswwhkT2bMFQF628xdNqwfvUmGQezX,3563520,0.00356352,384
vault,Vau1t6sLNxnzB7ZDsef8TLbPLfyZMYXH8WTNqUdm9g8,E6A1Q4tWyC2dFodzVYMuQhxd45VPoXtL6Z2TQJ5b7E9n,3563520,0.00356352,384
vault,Vau1t6sLNxnzB7ZDsef8TLbPLfyZMYXH8WTNqUdm9g8,BPAQuNgurvnC4uU1xUEos1WQ5aXMmksBzbyqhHajKsmh,3563520,0.00356352,384
vault,Vau1t6sLNxnzB7ZDsef8TLbPLfyZMYXH8WTNqUdm9g8,4CR5gMx2gwZihRRFZuG8zCKLN8rrJarRninobUEVYuF9,3563520,0.00356352,384
vault,Vau1t6sLNxnzB7ZDsef8TLbPLfyZMYXH8WTNqUdm9g8,53N9go7vas5FdqKXrpeiUNPtxkBbtg52huGXPmMbwMXL,3563520,0.00356352,384
vault,Vau1t6sLNxnzB7ZDsef8TLbPLfyZMYXH8WTNqUdm9g8,BVzgjgqvPXb9ufbPqz1b1fHNdAyfB9dtcidMz1u9mQQx,3563520,0.00356352,384
vault,Vau1t6sLNxnzB7ZDsef8TLbPLfyZMYXH8WTNqUdm9g8,2DrQtVKWXwbD9tbHbHeLPijWbNKHEq5eaijDWnPoJh3Q,3563520,0.00356352,384
vault,Vau1t6sLNxnzB7ZDsef8TLbPLfyZMYXH8WTNqUdm9g8,EseAstbBboZWpvxPXczRrLDh8xbreWo948cggHtFUFYu,3563520,0.00356352,384
vault,Vau1t6sLNxnzB7ZDsef8TLbPLfyZMYXH8WTNqUdm9g8,AYVUY4KcLvNrTF3vKNaGbzyDhKPu4t92499MkyJ8QhzU,3563520,0.00356352,384
vault,Vau1t6sLNxnzB7ZDsef8TLbPLfyZMYXH8WTNqUdm9g8,EpT5HNZJMm6H4XNDJVWUpJMAQT8hFc32HhefXQr9sVTT,3563520,0.00356352,384
vault,Vau1t6sLNxnzB7ZDsef8TLbPLfyZMYXH8WTNqUdm9g8,3d7uM8nrV3Wow72Dumssu1c8yuAJF4xi9hSe9s7xQTqc,3563520,0.00356352,384
vault,Vau1t6sLNxnzB7ZDsef8TLbPLfyZMYXH8WTNqUdm9g8,6bcWNuoCEM8cbN4NXZPDTqkzRQeAuJeFfor5mDMTD2kC,3563520,0.00356352,384
vault,Vau1t6sLNxnzB7ZDsef8TLbPLfyZMYXH8WTNqUdm9g8,CUiRzxSur7rXpRwSsK8fVhVhed2DJfeCbgRyRp7Dvoad,3563520,0.00356352,384
vault,Vau1t6sLNxnzB7ZDsef8TLbPLfyZMYXH8WTNqUdm9g8,GWjEV9YSzC79PwqofD88AMyrku6FBgQScwEEBbNpM6du,3563520,0.00356352,384
vault,Vau1t6sLNxnzB7ZDsef8TLbPLfyZMYXH8WTNqUdm9g8,BwTH8eSiA2aRuCxPkPkcKFr3J1bBqZAfWm2LoiqSV1Wa,3563520,0.00356352,384
vault,Vau1t6sLNxnzB7ZDsef8TLbPLfyZMYXH8WTNqUdm9g8,9DtvePw4BJAvKrayYzUGhQ17dyhzk1oCyKiQHuHPYRcZ,3563520,0.00356352,384
vault,Vau1t6sLNxnzB7ZDsef8TLbPLfyZMYXH8WTNqUdm9g8,3hgcGUxCwZk3Kqc1SvzhddNeGEXRtE2t9i4cfKKurDBn,3563520,0.00356352,384
vault,Vau1t6sLNxnzB7ZDsef8TLbPLfyZMYXH8WTNqUdm9g8,2udb5JCBnktZbj2YoRXV7wwXxestgf86z4AQAQZZebKe,3563520,0.00356352,384
vault,Vau1t6sLNxnzB7ZDsef8TLbPLfyZMYXH8WTNqUdm9g8,Cf8RevFz4vdfnSNScLqF33nJnDnfo3R8XTm2PW5tY3qo,3563520,0.00356352,384
vault,Vau1t6sLNxnzB7ZDsef8TLbPLfyZMYXH8WTNqUdm9g8,32KCrLZ59Q4uByBN4CwiVH83vW296zvNBpkNV3YpM9nK,3563520,0.00356352,384
vault,Vau1t6sLNxnzB7ZDsef8TLbPLfyZMYXH8WTNqUdm9g8,6xUJDhxVktER24P9Z5BEowAkus1bDq5PTQfioUFN444e,3563520,0.00356352,384
vault,Vau1t6sLNxnzB7ZDsef8TLbPLfyZMYXH8WTNqUdm9g8,ABsoYTwRPBJEf55G7N8hVw7tQnDKBA6GkZCKBVrjTTcf,8797662,0.008797662,1111
vault,Vau1t6sLNxnzB7ZDsef8TLbPLfyZMYXH8WTNqUdm9g8,3qAgs4ag44BPaLSWdA7hoSvJhz1UVfh4Uip5z18Udr8R,3563520,0.00356352,384
vault,Vau1t6sLNxnzB7ZDsef8TLbPLfyZMYXH8WTNqUdm9g8,3jYn9SCvr7kwCYiB6EgzHF5n5Em5K2Jy13FFuBmGfbM7,3563520,0.00356352,384
vault,Vau1t6sLNxnzB7ZDsef8TLbPLfyZMYXH8WTNqUdm9g8,ei9rkZe1Da6X8d3PYB8MpEYkiRoHoyzZXuvHisSs8jy,3563520,0.00356352,384
vault,Vau1t6sLNxnzB7ZDsef8TLbPLfyZMYXH8WTNqUdm9g8,EUFfAEqHa51VjC3MUTYkWbZ6UduBC4YQqWU5CCcEyG97,3563520,0.00356352,384
vault,Vau1t6sLNxnzB7ZDsef8TLbPLfyZMYXH8WTNqUdm9g8,28CMFDExTvdPhANfiecNj9CA5hqM2WCJm4DnQuK1181F,3563520,0.00356352,384
vault,Vau1t6sLNxnzB7ZDsef8TLbPLfyZMYXH8WTNqUdm9g8,Hve5WsccSjAGczwK3C76QJ78HAiThcXfMk3bWiHFWP9Y,3563520,0.00356352,384
vault,Vau1t6sLNxnzB7ZDsef8TLbPLfyZMYXH8WTNqUdm9g8,Du6gB93KAvrc5N8v9f8rfiB9GbsDpE66rvSAkYb36NaU,3619200,0.0036192,392
vault,Vau1t6sLNxnzB7ZDsef8TLbPLfyZMYXH8WTNqUdm9g8,7h3iv5vWC2cUCFwthxb9b4YcMpZ47RjCJQ6AArNnZ3F5,5289600,0.0052896,632
vault,Vau1t6sLNxnzB7ZDsef8TLbPLfyZMYXH8WTNqUdm9g8,D3c8kTAKcNQtvWdQG3uF1hMmnXEjRfW7WfqYwD2AqT2t,5289600,0.0052896,632
vault,Vau1t6sLNxnzB7ZDsef8TLbPLfyZMYXH8WTNqUdm9g8,FDw7S3HQXsnYBo6QdE7vqreeASpXbNeMe4zrHJjxvAvE,3563520,0.00356352,384
vault,Vau1t6sLNxnzB7ZDsef8TLbPLfyZMYXH8WTNqUdm9g8,9ADRMk7rpkbVgnyM3AF7rakzWu7BnuM8T4SUk4y4itWB,3563520,0.00356352,384
vault,Vau1t6sLNxnzB7ZDsef8TLbPLfyZMYXH8WTNqUdm9g8,2shBckHnd19dwRz9bqb7c7z8qnB8EMGN1ZngGvR3BzrF,3563520,0.00356352,384
vault,Vau1t6sLNxnzB7ZDsef8TLbPLfyZMYXH8WTNqUdm9g8,9rn6wxQc6EGMGtZZpk6J5jxsqU4QYPogURo8WSVA9Qex,3563520,0.00356352,384
vault,Vau1t6sLNxnzB7ZDsef8TLbPLfyZMYXH8WTNqUdm9g8,7j2h69REvzDTDSeqUmVD3p76ktNoi4TCDzVK6pKJ5YpT,3563520,0.00356352,384
vault,Vau1t6sLNxnzB7ZDsef8TLbPLfyZMYXH8WTNqUdm9g8,HwmtHGtK4RynYvkPS2fFqyiofz47A4ieNSDPyo91y996,3563520,0.00356352,384
vault,Vau1t6sLNxnzB7ZDsef8TLbPLfyZMYXH8WTNqUdm9g8,cxCwF8zZqrTdK8JDWss4PkyFpDLoQGMPAApwAF1SGrn,3563520,0.00356352,384
vault,Vau1t6sLNxnzB7ZDsef8TLbPLfyZMYXH8WTNqUdm9g8,HPodGVmWWjYTUUjyPNEnx67wqTdyHNXEmye4C87VsKQ8,3563520,0.00356352,384
vault,Vau1t6sLNxnzB7ZDsef8TLbPLfyZMYXH8WTNqUdm9g8,61CrHRhULDgNCCsvRXh6idZTNPr3YAzz3KcG9dS3D6RE,3563520,0.00356352,384
vault,Vau1t6sLNxnzB7ZDsef8TLbPLfyZMYXH8WTNqUdm9g8,8jBWZHmXqMuP4ACRkTQFMoTECRBcnFYThCwQJtDjtgyp,3563520,0.00356352,384
vault,Vau1t6sLNxnzB7ZDsef8TLbPLfyZMYXH8WTNqUdm9g8,2F2AzniPVccC93pHRQpc9Sr4q8cDqW8rGsktzZDypQKt,3563520,0.00356352,384
vault,Vau1t6sLNxnzB7ZDsef8TLbPLfyZMYXH8WTNqUdm9g8,6TxEzZNL74DcWPHbPAjG3Z8F8HVbUNYXSy7cGDdHAcnQ,3563520,0.00356352,384
vault,Vau1t6sLNxnzB7ZDsef8TLbPLfyZMYXH8WTNqUdm9g8,6CYe2zeybGPTyG4VGrQZZA8YQKiLogvcc84Lm2yR8FMj,3563520,0.00356352,384
vault,Vau1t6sLNxnzB7ZDsef8TLbPLfyZMYXH8WTNqUdm9g8,7cTFcf7cq7BBiHzo5GJoFqHDZt5xYQrNMEXF3v2MVqSL,3563520,0.00356352,384
vault,Vau1t6sLNxnzB7ZDsef8TLbPLfyZMYXH8WTNqUdm9g8,HRFijxcRsZCTPZVZ5X5zh3w4tMWZ4nz1X5jp4JwCxznd,3563520,0.00356352,384
vault,Vau1t6sLNxnzB7ZDsef8TLbPLfyZMYXH8WTNqUdm9g8,BJMiM9ucPqw8raJz4PEXLmvgytMFAJwyyDfC5qe5i4xE,3563520,0.00356352,384
vault,Vau1t6sLNxnzB7ZDsef8TLbPLfyZMYXH8WTNqUdm9g8,38oeCco5NuGW4h1nNFgiHZ3BMbNhBxNDotxndmGfN3D2,3563520,0.00356352,384
vault,Vau1t6sLNxnzB7ZDsef8TLbPLfyZMYXH8WTNqUdm9g8,AY5G8Jr6Sd5pXMHVjjZfc4yYuiMLzcgfs6P1kNnYw73o,3563520,0.00356352,384
vault,Vau1t6sLNxnzB7ZDsef8TLbPLfyZMYXH8WTNqUdm9g8,Bo8mKygKAhHJUpRrztiuKkfDNJ1yMKFzym2RUavDYdX7,3563520,0.00356352,384
vault,Vau1t6sLNxnzB7ZDsef8TLbPLfyZMYXH8WTNqUdm9g8,BHTkYQ3u1FdunMoWMWX1wryyYG5aiJTK8T5Zpze5GGFS,3563520,0.00356352,384
vault,Vau1t6sLNxnzB7ZDsef8TLbPLfyZMYXH8WTNqUdm9g8,cueDfuk68U5dCL9HGhh5BBX9KzbikVooXkfVTPt5YL1,3563520,0.00356352,384
vault,Vau1t6sLNxnzB7ZDsef8TLbPLfyZMYXH8WTNqUdm9g8,8nTGzE2aN4SScspmyYGtLw3pj2jqe2mvXG72n5ibWc79,3563520,0.00356352,384
vault,Vau1t6sLNxnzB7ZDsef8TLbPLfyZMYXH8WTNqUdm9g8,CyBUhChejRmR8GfqC6xT6GSJ2zn1TdqRbZEc2a2doFry,3563520,0.00356352,384
vault,Vau1t6sLNxnzB7ZDsef8TLbPLfyZMYXH8WTNqUdm9g8,ERYQH2P1YPUnJVmPyALKYo6Z4QK73VHuJVmNYt2KYNP3,3563520,0.00356352,384
vault,Vau1t6sLNxnzB7ZDsef8TLbPLfyZMYXH8WTNqUdm9g8,8w8FAC2VeCmVGDnurxxUeUCC21na7JcK4QEWjkJU65tj,3563520,0.00356352,384
vault,Vau1t6sLNxnzB7ZDsef8TLbPLfyZMYXH8WTNqUdm9g8,GqjBaSPN5XK8pYhTWQfBLTTkHtGUANMKtr1dLvPYtfG,3563520,0.00356352,384
vault,Vau1t6sLNxnzB7ZDsef8TLbPLfyZMYXH8WTNqUdm9g8,HrPG2KNzScJyHJ4xdks5MfJyrUESPgCR2jEymcZHpyfe,3563520,0.00356352,384
vault,Vau1t6sLNxnzB7ZDsef8TLbPLfyZMYXH8WTNqUdm9g8,ALZRGZr5Pqv2pNUYXmQz68HN2pgutDyxLTbNWyJxgvQe,3563520,0.00356352,384
vault,Vau1t6sLNxnzB7ZDsef8TLbPLfyZMYXH8WTNqUdm9g8,kTCKGibM93uX7gTqbWxPPgaNGtXwdWUBLR2V4NJo5Ji,3563520,0.00356352,384
vault,Vau1t6sLNxnzB7ZDsef8TLbPLfyZMYXH8WTNqUdm9g8,CuS3uthfYiUnhHyaeoEtJthuYgsZuepS6KtGXiZRQ9gs,3563520,0.00356352,384
vault,Vau1t6sLNxnzB7ZDsef8TLbPLfyZMYXH8WTNqUdm9g8,2unqoF3GXQph4zUb4WgvNFktAMPX6gR4vhtbzMLoVX64,3563520,0.00356352,384
vault,Vau1t6sLNxnzB7ZDsef8TLbPLfyZMYXH8WTNqUdm9g8,GtMc2jFmdUEkJiqc6vBMnXbNWWT5vm1nSkXoCxgGsxqe,3563520,0.00356352,384
vault,Vau1t6sLNxnzB7ZDsef8TLbPLfyZMYXH8WTNqUdm9g8,9isGfMp8wvCE7ZgLDSaLfFiZqfr86db8aUNgk7GCM1vj,3563520,0.00356352,384
vault,Vau1t6sLNxnzB7ZDsef8TLbPLfyZMYXH8WTNqUdm9g8,FusDYVwYh6VAgMMYNiTVKUxK486StXb6Qm76qJ1pP6EB,3563520,0.00356352,384
vault,Vau1t6sLNxnzB7ZDsef8TLbPLfyZMYXH8WTNqUdm9g8,8kN6ZaHx7jb6U1vUzkouKZsvB219hwoB2hTZrb4udzvG,3563520,0.00356352,384
vault,Vau1t6sLNxnzB7ZDsef8TLbPLfyZMYXH8WTNqUdm9g8,4QqkgyBBkR3BmHfutPwDPFjQ5PRSShbWWSJaqGSCbMzg,3563520,0.00356352,384
vault,Vau1t6sLNxnzB7ZDsef8TLbPLfyZMYXH8WTNqUdm9g8,FhnLyKZeraHQQcreFQmRxECoKBYEj2SLcKxqSuSdRDVw,3563520,0.00356352,384
vault,Vau1t6sLNxnzB7ZDsef8TLbPLfyZMYXH8WTNqUdm9g8,C6XAdd2EaYX36Ahu4tGvvanqAQyk7qoAJ9bdgxCgVm2Q,3563520,0.00356352,384
vault,Vau1t6sLNxnzB7ZDsef8TLbPLfyZMYXH8WTNqUdm9g8,2fRo9XSJLQAyfK5vopZrpko2oC1ym8BZpGekrFdS9VWW,3563520,0.00356352,384
vault,Vau1t6sLNxnzB7ZDsef8TLbPLfyZMYXH8WTNqUdm9g8,9u5mJrWG2fuXnP6jjHboZRZR1ZKJjnFZ6tzMH9rqFTvd,3563520,0.00356352,384
vault,Vau1t6sLNxnzB7ZDsef8TLbPLfyZMYXH8WTNqUdm9g8,Ewt4ukp3QhhCoKm6VsV1MSSVAe7SrnPHoyTGRazwEjwb,3563520,0.00356352,384
vault,Vau1t6sLNxnzB7ZDsef8TLbPLfyZMYXH8WTNqUdm9g8,FZUd8LLhh4xKmtEyKBHkVwoJzRTX1ksghAHZfWwiQ9Zp,3563520,0.00356352,384
vault,Vau1t6sLNxnzB7ZDsef8TLbPLfyZMYXH8WTNqUdm9g8,2HY6PNMqF38VVT6pfk4K3NmJpSikZZ7hrK3Rtqxy5qR4,3567520,0.00356752,384
vault,Vau1t6sLNxnzB7ZDsef8TLbPLfyZMYXH8WTNqUdm9g8,43inHcKDbDp36uo2b9VK6WYMNsfY1BFXeEiA5f1xxC8w,3563520,0.00356352,384
vault,Vau1t6sLNxnzB7ZDsef8TLbPLfyZMYXH8WTNqUdm9g8,4NLkYdQ3Kt5kgssSXjMwN4xp1tuFUEcdjVqSB3GRnsjn,3563520,0.00356352,384
vault,Vau1t6sLNxnzB7ZDsef8TLbPLfyZMYXH8WTNqUdm9g8,9PSeq9MjvPzebXLALLztuC88cEKcmVPwxVzCWUgdCMap,3563520,0.00356352,384
vault,Vau1t6sLNxnzB7ZDsef8TLbPLfyZMYXH8WTNqUdm9g8,G7GBo45afp1nGb78oPYs8cWFRQ5n1vnTq3XEECppMUWp,3563520,0.00356352,384
vault,Vau1t6sLNxnzB7ZDsef8TLbPLfyZMYXH8WTNqUdm9g8,BZdvTiUoD7nWUNcax4M4et3itGVkTbi1xFxs4ytePF1y,5289600,0.0052896,632
vault,Vau1t6sLNxnzB7ZDsef8TLbPLfyZMYXH8WTNqUdm9g8,AgPKs3fAceuDGaTBsDiGBSP9uL331zqUFADHe4pDohoJ,3563520,0.00356352,384
vault,Vau1t6sLNxnzB7ZDsef8TLbPLfyZMYXH8WTNqUdm9g8,3BacPQTqrLySTWArSHZBqVGKxbMhi5P94AcH5wwEeeX2,3619200,0.0036192,392
vault,Vau1t6sLNxnzB7ZDsef8TLbPLfyZMYXH8WTNqUdm9g8,BZkMwXB9c2PiS79CUSKx5k6Phyep1Y8r4KGBcMRAiG7A,3563520,0.00356352,384
vault,Vau1t6sLNxnzB7ZDsef8TLbPLfyZMYXH8WTNqUdm9g8,8qEogpAS1cmpKW2pdDUmGq6rpXWEokHQV6H8o5irqG7p,3619200,0.0036192,392
vault,Vau1t6sLNxnzB7ZDsef8TLbPLfyZMYXH8WTNqUdm9g8,6U6fPwzceNHujhDhvStvQugtr13NbTXTGnvszR8uzLCS,3563520,0.00356352,384
vault,Vau1t6sLNxnzB7ZDsef8TLbPLfyZMYXH8WTNqUdm9g8,5WXhPg7wytXFGwP8eGHcpFhNBteStPcjMGGUoT4FjP37,3563520,0.00356352,384
vault,Vau1t6sLNxnzB7ZDsef8TLbPLfyZMYXH8WTNqUdm9g8,Ei9LyyBgWoBhZQZyC6MiY5Dd1B4dHwjcPrwXtMVxvHsv,3563520,0.00356352,384
vault,Vau1t6sLNxnzB7ZDsef8TLbPLfyZMYXH8WTNqUdm9g8,7KFcJTk2d6h3895FkJKNUUPT6UKgxL5dVEf8YZgAUFTB,3563520,0.00356352,384
vault,Vau1t6sLNxnzB7ZDsef8TLbPLfyZMYXH8WTNqUdm9g8,FnbKtftmkkBVisDGoyoMkQLk7SCDtLW6T4hXYcVfFbLU,3563520,0.00356352,384
vault,Vau1t6sLNxnzB7ZDsef8TLbPLfyZMYXH8WTNqUdm9g8,DTeYD2D9ZqDbsFc1rtg9yWABJKNbiik6jxGMnJxRwjex,3563520,0.00356352,384
vault,Vau1t6sLNxnzB7ZDsef8TLbPLfyZMYXH8WTNqUdm9g8,PKY9LSurUhQ1rdpZieKVHKo8fyyow42ZUouoeMAmBsx,3563520,0.00356352,384
vault,Vau1t6sLNxnzB7ZDsef8TLbPLfyZMYXH8WTNqUdm9g8,2m95uEPmXTcALQpa3rMYee9Q3K9g6dsLHux7UVBKWURT,3563520,0.00356352,384
vault,Vau1t6sLNxnzB7ZDsef8TLbPLfyZMYXH8WTNqUdm9g8,6is6aNsu69UDvVSR9oMjvnEawNZZ5F9536CEDZ6fMWRS,3563520,0.00356352,384
vault,Vau1t6sLNxnzB7ZDsef8TLbPLfyZMYXH8WTNqUdm9g8,BdjpTYUBUcp632FXMCVDjKvK6APE7TC94hybhKCeAFaY,3563520,0.00356352,384
vault,Vau1t6sLNxnzB7ZDsef8TLbPLfyZMYXH8WTNqUdm9g8,6c33vaw9uobvSP1iBsiLeiGGukEsRAjsEgqqTddh5bfp,3563520,0.00356352,384
vault,Vau1t6sLNxnzB7ZDsef8TLbPLfyZMYXH8WTNqUdm9g8,cMt7GjVNMrFsUKY5DcHfJ4B1T7b57LzMXWoqDjPHVAq,3563520,0.00356352,384
vault,Vau1t6sLNxnzB7ZDsef8TLbPLfyZMYXH8WTNqUdm9g8,4ZmPSxhYN31xeVV1SpFPgpnHdSAazQAniXD9fhMzNbui,3563520,0.00356352,384
vault,Vau1t6sLNxnzB7ZDsef8TLbPLfyZMYXH8WTNqUdm9g8,GS22BSyVpFMd3G2rVAKywA4VL7mczMx7zy1sywx6TRy6,3563520,0.00356352,384
vault,Vau1t6sLNxnzB7ZDsef8TLbPLfyZMYXH8WTNqUdm9g8,Do1ngquFLYbtXpUeHUcejr2rFcsqqRyMW996x8yJ4gAL,3563520,0.00356352,384
vault,Vau1t6sLNxnzB7ZDsef8TLbPLfyZMYXH8WTNqUdm9g8,AP8ZfpxwwrWVkcjJZwuzJXnRBQRRHuWXhSnDN3cGE5sS,3563520,0.00356352,384
vault,Vau1t6sLNxnzB7ZDsef8TLbPLfyZMYXH8WTNqUdm9g8,4HiwWJMQtE4rGgnb2xtXPuXQWh6jLN4XChnZx263s987,3563520,0.00356352,384
vault,Vau1t6sLNxnzB7ZDsef8TLbPLfyZMYXH8WTNqUdm9g8,7JfMhbUiE1xUZWJhTbV8sTpWrwSzhkJCH1i9fdmn1TqP,3563520,0.00356352,384
vault,Vau1t6sLNxnzB7ZDsef8TLbPLfyZMYXH8WTNqUdm9g8,BgkrDaUPHkSaXcrzREPrR1gTZKEytYHpTuUSFUNZSYhg,3563520,0.00356352,384
vault,Vau1t6sLNxnzB7ZDsef8TLbPLfyZMYXH8WTNqUdm9g8,CdDkLduvdqJuEy6M4gCaK4dskEkK8nqN6H4MhkceStn4,3563520,0.00356352,384
vault,Vau1t6sLNxnzB7ZDsef8TLbPLfyZMYXH8WTNqUdm9g8,DLLv1szzCMSfogCgqJCbKsk6Fi5PC94dhx32GFZ9KYjp,3563520,0.00356352,384
vault,Vau1t6sLNxnzB7ZDsef8TLbPLfyZMYXH8WTNqUdm9g8,Fjhqgq4W9txz7HBy5MbT3xSaUS9cojuz6Swir8g1vd4N,3563520,0.00356352,384
vault,Vau1t6sLNxnzB7ZDsef8TLbPLfyZMYXH8WTNqUdm9g8,3uXUP1RZ6APoUHaz41vgH8PNntWfVVER7c8p2umRnrh2,3563520,0.00356352,384
vault,Vau1t6sLNxnzB7ZDsef8TLbPLfyZMYXH8WTNqUdm9g8,BhYVeN3HmTHaxs3EtpqbVvYDYmTFxP5NxoLynDPwxpqF,3563520,0.00356352,384
vault,Vau1t6sLNxnzB7ZDsef8TLbPLfyZMYXH8WTNqUdm9g8,ACY9frZuuyRs98woKhgQYbvs3YppDFrWwYDTzMtQ3que,3563520,0.00356352,384
vault,Vau1t6sLNxnzB7ZDsef8TLbPLfyZMYXH8WTNqUdm9g8,EFEdkp8CJPGMSCj6W8BohNCwqgX7TV3E9ZV6PcyfGER,3563520,0.00356352,384
vault,Vau1t6sLNxnzB7ZDsef8TLbPLfyZMYXH8WTNqUdm9g8,CpwzrrTcpZj7DVgscnH7acdTPs8NjRSDJrKYLcYesVw7,3563520,0.00356352,384
vault,Vau1t6sLNxnzB7ZDsef8TLbPLfyZMYXH8WTNqUdm9g8,4PNdpFXPLKk3cuycoxHBFzJJiWrK1HTfiL8i4KLEBbnJ,3563520,0.00356352,384
vault,Vau1t6sLNxnzB7ZDsef8TLbPLfyZMYXH8WTNqUdm9g8,4mfGs6TjGMQr7nzu6VDzqXadhF8a21D5cL9evjF2bz72,3563520,0.00356352,384
vault,Vau1t6sLNxnzB7ZDsef8TLbPLfyZMYXH8WTNqUdm9g8,H2obKZ4EnJPVN8BbC2bVcHNatRUZfbxaAzNorANUcUjW,3563520,0.00356352,384
vault,Vau1t6sLNxnzB7ZDsef8TLbPLfyZMYXH8WTNqUdm9g8,A1rheRv7LkKBEJp64HJzPzu5wxtuYHhRExESxzKGR2Hk,3563520,0.00356352,384
vault,Vau1t6sLNxnzB7ZDsef8TLbPLfyZMYXH8WTNqUdm9g8,6wzoAGYDnMp9PtUrXfg2sshAEV59n5on5xmM1r1fYbMn,3563520,0.00356352,384
vault,Vau1t6sLNxnzB7ZDsef8TLbPLfyZMYXH8WTNqUdm9g8,CVnL93rmErdEaUyUch4QooVMAz5xYzjtAsC9isEAjKYi,3563520,0.00356352,384
vault,Vau1t6sLNxnzB7ZDsef8TLbPLfyZMYXH8WTNqUdm9g8,5NVXKGpYnQz6mvTiGk4cLSRb3bk4kxrniEMMjsnndh2p,3563520,0.00356352,384
vault,Vau1t6sLNxnzB7ZDsef8TLbPLfyZMYXH8WTNqUdm9g8,9Mhk12LEpbxkTsVxfZqbEFGB4j2guEN1Xw5XigiSjobf,3563520,0.00356352,384
vault,Vau1t6sLNxnzB7ZDsef8TLbPLfyZMYXH8WTNqUdm9g8,C8iKuk9xynp4rZSHAczwvaNx1xMLqRVu8cxrsZ84czxz,3563520,0.00356352,384
vault,Vau1t6sLNxnzB7ZDsef8TLbPLfyZMYXH8WTNqUdm9g8,FrvJaCm2ULKk5KLPKLYjzEisxxuH9gKHopy2BbN1Sx6b,3563520,0.00356352,384
vault,Vau1t6sLNxnzB7ZDsef8TLbPLfyZMYXH8WTNqUdm9g8,EurtS1SprkV4SfzEZ5RtLdfVtdAVpiKiF1M3xCfpf5VB,3563520,0.00356352,384
vault,Vau1t6sLNxnzB7ZDsef8TLbPLfyZMYXH8WTNqUdm9g8,41gFUqS7rNxVCuUUEGkC6SXo5JaM5cyckMeNCjckzqbS,3563520,0.00356352,384
vault,Vau1t6sLNxnzB7ZDsef8TLbPLfyZMYXH8WTNqUdm9g8,9V9zLjAztrQ2i7XLWEZsFQGqb7AT32JknT7ECdipS9s6,3563520,0.00356352,384
vault,Vau1t6sLNxnzB7ZDsef8TLbPLfyZMYXH8WTNqUdm9g8,CKk6afAbQnNVHLEmmf8HQeegZ5aXZVgMYXnnXGbK6WPc,3563520,0.00356352,384
vault,Vau1t6sLNxnzB7ZDsef8TLbPLfyZMYXH8WTNqUdm9g8,HRgw3nfApJ8BeqfQawqx6SadwJ2ekRN6Tc7kHg1WWARU,3563520,0.00356352,384
vault,Vau1t6sLNxnzB7ZDsef8TLbPLfyZMYXH8WTNqUdm9g8,8uZS3WqfyH6QkHypNjv37XyRXSs4g961nqat1YBE4Yhn,3563520,0.00356352,384
vault,Vau1t6sLNxnzB7ZDsef8TLbPLfyZMYXH8WTNqUdm9g8,EgeRgvcJA1nfimHWiFM9hdpGSUVYTQTetzzKTGcGVB21,3563520,0.00356352,384
vault,Vau1t6sLNxnzB7ZDsef8TLbPLfyZMYXH8WTNqUdm9g8,BHvj1nXFKHDvJ4hXqibNEioEHTGHdnCMLSEazJzV8bvy,3563520,0.00356352,384
vault,Vau1t6sLNxnzB7ZDsef8TLbPLfyZMYXH8WTNqUdm9g8,J43Kr47GXtrAVqe1nAoLbcSwgVq73CndnczSijhRtSyU,3563520,0.00356352,384
vault,Vau1t6sLNxnzB7ZDsef8TLbPLfyZMYXH8WTNqUdm9g8,7CjEGABfLDjjMMP5sjbcapHufbgqxvSKwNGjUH7UeP32,3563520,0.00356352,384
vault,Vau1t6sLNxnzB7ZDsef8TLbPLfyZMYXH8WTNqUdm9g8,2iHogGAjJ3ZzAjoqPn8VXN9pvd2Qx4YNNemyea78B4Zn,3563520,0.00356352,384
vault,Vau1t6sLNxnzB7ZDsef8TLbPLfyZMYXH8WTNqUdm9g8,7XpBUFoL51xwrasZqCiZEhiLf5JtUaHUYPmdEB3Ap1zL,3563520,0.00356352,384
vault,Vau1t6sLNxnzB7ZDsef8TLbPLfyZMYXH8WTNqUdm9g8,7NjH5TMghm644jzSEG28fdLWCeswgD2LcNUU4FWvEvRh,3563520,0.00356352,384
vault,Vau1t6sLNxnzB7ZDsef8TLbPLfyZMYXH8WTNqUdm9g8,DKfPfEqPdrddVrhiuk2tEdCaTSAUGWnspb66FN8Ai7yc,3563520,0.00356352,384
vault,Vau1t6sLNxnzB7ZDsef8TLbPLfyZMYXH8WTNqUdm9g8,HWqtceGSALt29rMXZYM2NH7mmMueVZQdYt2JET8bSK8T,3563520,0.00356352,384
vault,Vau1t6sLNxnzB7ZDsef8TLbPLfyZMYXH8WTNqUdm9g8,J9gwCSdjEpSWaWdQfyVg2Bh3Y28L6KUXXgUan1S3gXWg,3563520,0.00356352,384
vault,Vau1t6sLNxnzB7ZDsef8TLbPLfyZMYXH8WTNqUdm9g8,6j76dRpombBD8cBauQW8wzycPYZpoJDBjhZeoXChQRLD,3563520,0.00356352,384
vault,Vau1t6sLNxnzB7ZDsef8TLbPLfyZMYXH8WTNqUdm9g8,CsWPHQwRiB67YsUFRJvLRZKtBzeAs7qQXxZapPFaBak3,3563520,0.00356352,384
vault,Vau1t6sLNxnzB7ZDsef8TLbPLfyZMYXH8WTNqUdm9g8,EVL3TqR13VL5Zd7HvvBGoETr3ZmW6ZzQbdx9uzgqjjxi,3563520,0.00356352,384
vault,Vau1t6sLNxnzB7ZDsef8TLbPLfyZMYXH8WTNqUdm9g8,C4ph9qAPr6Zm94WG1hum8Ndacx4nZxkqHRWdzajExBZP,3563520,0.00356352,384
vault,Vau1t6sLNxnzB7ZDsef8TLbPLfyZMYXH8WTNqUdm9g8,6n5k5svoUBu4HxLoZqgKNhuYRX4BtP8Qn57Mf3uQFxcG,3563520,0.00356352,384
vault,Vau1t6sLNxnzB7ZDsef8TLbPLfyZMYXH8WTNqUdm9g8,6ZuTqomeinvzYz91sfcpMkxiDqcopdrVfYBHsrCsbRtu,3563520,0.00356352,384
vault,Vau1t6sLNxnzB7ZDsef8TLbPLfyZMYXH8WTNqUdm9g8,eUyTMyGewa5kUn8hD9uh5VPaYqyb1aGGbdJyEbBtqmn,3563520,0.00356352,384
vault,Vau1t6sLNxnzB7ZDsef8TLbPLfyZMYXH8WTNqUdm9g8,S7DL4WfU7G7KvGDZZ22wKddVPFEv5fGPqHhiki5NiBZ,3563520,0.00356352,384
vault,Vau1t6sLNxnzB7ZDsef8TLbPLfyZMYXH8WTNqUdm9g8,4yqJxoCAxXhV56CLgb26nqsp7atDrdpDyb8dSQkoULZQ,3563520,0.00356352,384
vault,Vau1t6sLNxnzB7ZDsef8TLbPLfyZMYXH8WTNqUdm9g8,QnSLoJqgkoUitGVU4miBn3KtGQ4WxZGeSQgJi9ChiLb,3563520,0.00356352,384
vault,Vau1t6sLNxnzB7ZDsef8TLbPLfyZMYXH8WTNqUdm9g8,921cUAkuhjgj91cZBsLs7C64YGDx1rCPJP6pTPzyv3y1,3563520,0.00356352,384
vault,Vau1t6sLNxnzB7ZDsef8TLbPLfyZMYXH8WTNqUdm9g8,CzT4zmsi7scBZzQnyc3fuLm9o7V32SDCXrZRfaCu3Q7s,3563520,0.00356352,384
vault,Vau1t6sLNxnzB7ZDsef8TLbPLfyZMYXH8WTNqUdm9g8,D5gEuaRWx6y2HsGdYJ1EwkxfHeewkCfEsm5QUXbzcWqa,3563520,0.00356352,384
vault,Vau1t6sLNxnzB7ZDsef8TLbPLfyZMYXH8WTNqUdm9g8,GRJhqixntaY3uRHB1qxtCn9SC9eKMvvPDQQ8HzhuJsGg,3563520,0.00356352,384
vault,Vau1t6sLNxnzB7ZDsef8TLbPLfyZMYXH8WTNqUdm9g8,AoLGRewrknsekSJw57CdusFuuw9ZU3a23aQV4Z1rPddr,3563520,0.00356352,384
vault,Vau1t6sLNxnzB7ZDsef8TLbPLfyZMYXH8WTNqUdm9g8,7rfg4ArtMRCJ6AEczudJxd1afKaEsKMh4T6eGFFt2n3k,3563520,0.00356352,384
vault,Vau1t6sLNxnzB7ZDsef8TLbPLfyZMYXH8WTNqUdm9g8,56JjNBVvdPzJ2CduzCo3aGdp7FVyW3ipH3oaCADE1QXK,3563520,0.00356352,384
vault,Vau1t6sLNxnzB7ZDsef8TLbPLfyZMYXH8WTNqUdm9g8,7NutpnxyXmwyb8HonXAFh3UhjpgMxtpJnMKr947S6v12,3563520,0.00356352,384
vault,Vau1t6sLNxnzB7ZDsef8TLbPLfyZMYXH8WTNqUdm9g8,FQAcbMTnd1kbobHJLa8ZFb6wwwyA8GatZMqDyyn2et35,3563520,0.00356352,384
vault,Vau1t6sLNxnzB7ZDsef8TLbPLfyZMYXH8WTNqUdm9g8,6Wu8EMHZ8TuRR6ZCwU5cxSeQA9r6LW1bDkYX2tXWXkpR,3563520,0.00356352,384
vault,Vau1t6sLNxnzB7ZDsef8TLbPLfyZMYXH8WTNqUdm9g8,MRbifcnb4VcV7kkt1HUPrhSX5ctFvKbbNY6rUjjrS6H,3563520,0.00356352,384
vault,Vau1t6sLNxnzB7ZDsef8TLbPLfyZMYXH8WTNqUdm9g8,5G82LY9nxJyCLijY1YNvwqKqTCrpQtVZwKiDb4XfCokS,5289600,0.0052896,632
vault,Vau1t6sLNxnzB7ZDsef8TLbPLfyZMYXH8WTNqUdm9g8,9sbk6t3swF17TrHWugjmksEVWxKxjXe7jsg3whmUQvTc,3563520,0.00356352,384
vault,Vau1t6sLNxnzB7ZDsef8TLbPLfyZMYXH8WTNqUdm9g8,FYSRqajyggkKm4xpd8XjgvQqK4iHDjETCwQnA1j7FaCe,3563520,0.00356352,384
vault,Vau1t6sLNxnzB7ZDsef8TLbPLfyZMYXH8WTNqUdm9g8,HEMk68Gok9yREdCTP4i2gZmUFqEtb4uCjKdtfJQYkYm,3563520,0.00356352,384
vault,Vau1t6sLNxnzB7ZDsef8TLbPLfyZMYXH8WTNqUdm9g8,6Yds9TvLcboRFu8UbV6hCKyGULoE9aKfha99odachQSE,3563520,0.00356352,384
vault,Vau1t6sLNxnzB7ZDsef8TLbPLfyZMYXH8WTNqUdm9g8,8eXss9nxpPNYNJHBZTzS1vQWHoMswcJmcyCFx7sCqrJQ,3563520,0.00356352,384
vault,Vau1t6sLNxnzB7ZDsef8TLbPLfyZMYXH8WTNqUdm9g8,9pcjMDa5guwwRMZYVxjKU6oPo8wYHjL9XsmdyjH7nsKF,3563520,0.00356352,384
vault,Vau1t6sLNxnzB7ZDsef8TLbPLfyZMYXH8WTNqUdm9g8,2BxfF7BgevX21KJbLCxN7W4WR7zvfBPGR1nvcn1Kc8ep,3563520,0.00356352,384
vault,Vau1t6sLNxnzB7ZDsef8TLbPLfyZMYXH8WTNqUdm9g8,5MYDv7b9L1vW9iEngszhnA2v6M2U2XpbzWNjB73VtLmW,3563520,0.00356352,384
vault,Vau1t6sLNxnzB7ZDsef8TLbPLfyZMYXH8WTNqUdm9g8,2XWXNF9Vc8z2zstPZeJ72aQVeD7Pdh4t8DKmh5nb6CyK,3563520,0.00356352,384
vault,Vau1t6sLNxnzB7ZDsef8TLbPLfyZMYXH8WTNqUdm9g8,4idVWrv5z6DjSND9JjjWdoZKfsZzugpRfXNPccmDgfkp,3563520,0.00356352,384
vault,Vau1t6sLNxnzB7ZDsef8TLbPLfyZMYXH8WTNqUdm9g8,4tEGgTcvbit88WR4Q3oaDuqpDxzKkbFJzgDeir9FopZA,3563520,0.00356352,384
vault,Vau1t6sLNxnzB7ZDsef8TLbPLfyZMYXH8WTNqUdm9g8,AC67xJB7V9wfswCe41iTbLEBuHVpFiZT11W1SUkiyH3U,3563520,0.00356352,384
vault,Vau1t6sLNxnzB7ZDsef8TLbPLfyZMYXH8WTNqUdm9g8,6pbnXHDAU7fB1ShQ8gUZwMbHyUcsXNeUmtsJtSoEL9M6,3563520,0.00356352,384
vault,Vau1t6sLNxnzB7ZDsef8TLbPLfyZMYXH8WTNqUdm9g8,8HQJAjTLyRiLaCQ1Tji586z8xXN9kHXHrQoA56Qt9tFD,3563520,0.00356352,384
vault,Vau1t6sLNxnzB7ZDsef8TLbPLfyZMYXH8WTNqUdm9g8,8uJkbyNyjRyEFdYTUDARqcojqCAfEDrvG9yQ5MKrUsh8,3563520,0.00356352,384
vault,Vau1t6sLNxnzB7ZDsef8TLbPLfyZMYXH8WTNqUdm9g8,BEjjmfq1XUXREPyNes5KJS6uPy8iA8aKmeN9C9ik6TVD,3563520,0.00356352,384
vault,Vau1t6sLNxnzB7ZDsef8TLbPLfyZMYXH8WTNqUdm9g8,4J8BUSqWM9PkYuDWdJ2JpAcewcZoC7ahW7NznmULKXPw,3563520,0.00356352,384
vault,Vau1t6sLNxnzB7ZDsef8TLbPLfyZMYXH8WTNqUdm9g8,6yvmo4MhtJZ1n2tXDd2MhApLZz6rLz2B1zQwMLdtkWYT,3563520,0.00356352,384
vault,Vau1t6sLNxnzB7ZDsef8TLbPLfyZMYXH8WTNqUdm9g8,7PrSboDCzwxdnWFpxjziRvCkbdUsJpqKxFhfBvguc1xW,3563520,0.00356352,384
vault,Vau1t6sLNxnzB7ZDsef8TLbPLfyZMYXH8WTNqUdm9g8,3Uhgb9jMeF9zqMh1HVAHCd5RTXyvnYWkdCfgvEFYPPZz,3563520,0.00356352,384
vault,Vau1t6sLNxnzB7ZDsef8TLbPLfyZMYXH8WTNqUdm9g8,AscbT9rMu8puDYUKVWshFnJ6b5NtEWnqiaTeDYa6Vst7,3563520,0.00356352,384
vault,Vau1t6sLNxnzB7ZDsef8TLbPLfyZMYXH8WTNqUdm9g8,Ec5P5Y1xcuadrNGvwXqpPiWB8CZqDKUez4JaE6D8wm71,3619200,0.0036192,392
vault,Vau1t6sLNxnzB7ZDsef8TLbPLfyZMYXH8WTNqUdm9g8,G8fqwg2vEzutZ9tLfQpb1RXjwg7typLVF7Yx7us5ytpT,3563520,0.00356352,384
vault,Vau1t6sLNxnzB7ZDsef8TLbPLfyZMYXH8WTNqUdm9g8,AvQ7fKVuL2EM2XZ8krrzJe7Bru3j4E5Luq5CVFyW4yUq,5289600,0.0052896,632
vault,Vau1t6sLNxnzB7ZDsef8TLbPLfyZMYXH8WTNqUdm9g8,CbpsVF9ze7ZcJjZVVe2zaYuBkj71RLhMKF7NS85CrrCg,3563520,0.00356352,384
vault,Vau1t6sLNxnzB7ZDsef8TLbPLfyZMYXH8WTNqUdm9g8,6UU8FGyZcuS7pEykK3MUamxD5sLmo5EDLkVpQqUARUYN,3563520,0.00356352,384
vault,Vau1t6sLNxnzB7ZDsef8TLbPLfyZMYXH8WTNqUdm9g8,Hxr3mwdMk93uLJh717WEWmXoL2tN4Ad2yRcNRy1HpKNX,3563520,0.00356352,384
vault,Vau1t6sLNxnzB7ZDsef8TLbPLfyZMYXH8WTNqUdm9g8,5E9wtsuV4eavW8vfQpXXQnV1idN3y1MT4YMEsatRiah,3563520,0.00356352,384
vault,Vau1t6sLNxnzB7ZDsef8TLbPLfyZMYXH8WTNqUdm9g8,8sGjkgUVNgi2mHnfKsrAxUPuLW4jRUiSWegEXhkyCCvj,3563520,0.00356352,384
vault,Vau1t6sLNxnzB7ZDsef8TLbPLfyZMYXH8WTNqUdm9g8,4VcG2B7Le6nw8gUnCmExPq1gVoUFCs9Q7GDdYepkoVsE,3563520,0.00356352,384
vault,Vau1t6sLNxnzB7ZDsef8TLbPLfyZMYXH8WTNqUdm9g8,FpWZcMUtSmXo4CUPWsPxsynzsPWAJASojwwmYQ3pQfNZ,3563520,0.00356352,384
vault,Vau1t6sLNxnzB7ZDsef8TLbPLfyZMYXH8WTNqUdm9g8,CFCuXPrKZ11hhxg5FYNwCYchtsHCDR2hxsANXjFeyJdu,3563520,0.00356352,384
vault,Vau1t6sLNxnzB7ZDsef8TLbPLfyZMYXH8WTNqUdm9g8,Hx7eZEkRV4mWbBnv6c77NRLgYcyVANZ2WDyrDZW8Wrq7,3563520,0.00356352,384
vault,Vau1t6sLNxnzB7ZDsef8TLbPLfyZMYXH8WTNqUdm9g8,6SiNmDzZcDfcoMmvviyKUCadG86tBg4ET48h1EivA5Cm,3563520,0.00356352,384
vault,Vau1t6sLNxnzB7ZDsef8TLbPLfyZMYXH8WTNqUdm9g8,BSWwHQsxyCPS6rFsZERPLYMtVM3ZCNsG9oVUzqG1pQKP,5289600,0.0052896,632
vault,Vau1t6sLNxnzB7ZDsef8TLbPLfyZMYXH8WTNqUdm9g8,5BanTGv5ATYsyNYnc8wuvynNoi6uzsZqWUEn9hppk2Y6,3563520,0.00356352,384
vault,Vau1t6sLNxnzB7ZDsef8TLbPLfyZMYXH8WTNqUdm9g8,Hj4gKAFmcuc8maDXtBBoQo9FSbRNQuHPcPZZ54rjmSXX,3563520,0.00356352,384
vault,Vau1t6sLNxnzB7ZDsef8TLbPLfyZMYXH8WTNqUdm9g8,68x9qnMQ7SyRzoWSKBrB7jDUx1RrVVsGSjfCR7V89cL7,3563520,0.00356352,384
vault,Vau1t6sLNxnzB7ZDsef8TLbPLfyZMYXH8WTNqUdm9g8,9fv6zeDgpLKHnrmhmLbDSN1xemM6ZgUGyPpfkFTDzE5j,3563520,0.00356352,384
vault,Vau1t6sLNxnzB7ZDsef8TLbPLfyZMYXH8WTNqUdm9g8,CGU2SmZy2DArnywx1RgpreYcc5Bi8Ska2bKJJ1BJpYiw,3563520,0.00356352,384
vault,Vau1t6sLNxnzB7ZDsef8TLbPLfyZMYXH8WTNqUdm9g8,FPtXPYdF2YuHbGfxR1mBukv26VewQUxUya6SUXfXr9BX,3563520,0.00356352,384
vault,Vau1t6sLNxnzB7ZDsef8TLbPLfyZMYXH8WTNqUdm9g8,8mD2oZ8Qku2YscBV933G5CCifDApXUyKcWXoTfWZqFCZ,3563520,0.00356352,384
vault,Vau1t6sLNxnzB7ZDsef8TLbPLfyZMYXH8WTNqUdm9g8,7A6L8PSiXJ5VTuRCwzDygzqNasscFJM7xcsQn713kyGj,3563520,0.00356352,384
vault,Vau1t6sLNxnzB7ZDsef8TLbPLfyZMYXH8WTNqUdm9g8,6ZpEZVSG8LewvKXfTxFoQQ6arZMzb1c6fTyaat9H63dt,3563520,0.00356352,384
vault,Vau1t6sLNxnzB7ZDsef8TLbPLfyZMYXH8WTNqUdm9g8,8ooCy7p1WAUJAuscx2KSbrYifHqSDJFWfA9g7ZGt5SSP,3563520,0.00356352,384
vault,Vau1t6sLNxnzB7ZDsef8TLbPLfyZMYXH8WTNqUdm9g8,9tkq3Vv8ZXGetcmTUhM21Mp3m7UKmwUuCFV9HJbTwduZ,3563520,0.00356352,384
vault,Vau1t6sLNxnzB7ZDsef8TLbPLfyZMYXH8WTNqUdm9g8,3zYxoFQ1WETETu8KpTBDF9yp7zrKJn1EY8ht7obynCnE,3563520,0.00356352,384
vault,Vau1t6sLNxnzB7ZDsef8TLbPLfyZMYXH8WTNqUdm9g8,CsyvXLP2bfk17C5teG31s9Bs1R4QaRCiNs3f2gB2VxFW,5289600,0.0052896,632
vault,Vau1t6sLNxnzB7ZDsef8TLbPLfyZMYXH8WTNqUdm9g8,2QPGdRJ5NYHBKgrJLqNUy9yGLP4BoZJbczdAHDXhwDV2,3563520,0.00356352,384
vault,Vau1t6sLNxnzB7ZDsef8TLbPLfyZMYXH8WTNqUdm9g8,H3yGYefHhQkfSyKj5MPuLY6w5pXu9qd7uVH4or9wvW62,3563520,0.00356352,384
vault,Vau1t6sLNxnzB7ZDsef8TLbPLfyZMYXH8WTNqUdm9g8,4KPmtHUdUbwnsXN8kgFvvFZfLV8qQWrWn2HWkaF8zW6C,3563520,0.00356352,384
vault,Vau1t6sLNxnzB7ZDsef8TLbPLfyZMYXH8WTNqUdm9g8,7w7jqkEcrdkJCvdwA3PBiBSxnM8hT7Q8p2nWt44AgMu6,3563520,0.00356352,384
vault,Vau1t6sLNxnzB7ZDsef8TLbPLfyZMYXH8WTNqUdm9g8,FNztpyA6ezg271o2W671HrhRqVg2Gj2MHcWFf1cZ58uq,3563520,0.00356352,384
vault,Vau1t6sLNxnzB7ZDsef8TLbPLfyZMYXH8WTNqUdm9g8,4LMDSkaSZ8P58544BYfgyGAQ1ppHxJoYmodoTWJRmHGC,3563520,0.00356352,384
vault,Vau1t6sLNxnzB7ZDsef8TLbPLfyZMYXH8WTNqUdm9g8,Bi7KD3HFQWf6iAhPXUDMjSfyjm3HCc7X7DvcaDEYC9T,3563520,0.00356352,384
vault,Vau1t6sLNxnzB7ZDsef8TLbPLfyZMYXH8WTNqUdm9g8,4btaWcoR7dkZcuiyGHiUH8tMvVJwZtXWtncguZYitTxL,3563520,0.00356352,384
vault,Vau1t6sLNxnzB7ZDsef8TLbPLfyZMYXH8WTNqUdm9g8,J8LLvWqUSfDNYnrA3Y92iB33DpqgkEhnPfMq9p7f3C1T,3563520,0.00356352,384
vault,Vau1t6sLNxnzB7ZDsef8TLbPLfyZMYXH8WTNqUdm9g8,8oo2csmccWXQibt9WQVnigrnFcCpXrzYB2Le67vmL3uQ,3563520,0.00356352,384
vault,Vau1t6sLNxnzB7ZDsef8TLbPLfyZMYXH8WTNqUdm9g8,Eii51YtdaPF5F45Z4atQ3iWHiiEYuCHnVMRbJdwxBDKh,3563520,0.00356352,384
vault,Vau1t6sLNxnzB7ZDsef8TLbPLfyZMYXH8WTNqUdm9g8,F4dh9wUoETr1uz9JUJXo1aKSoAztkm2ETzsHCSzHUrVN,3563520,0.00356352,384
vault,Vau1t6sLNxnzB7ZDsef8TLbPLfyZMYXH8WTNqUdm9g8,fcBXURV7k2dDvZ5aHUAJLsgb8j8Sc179j8gjS7ts8R5,3563520,0.00356352,384
vault,Vau1t6sLNxnzB7ZDsef8TLbPLfyZMYXH8WTNqUdm9g8,CXENfAHm2SAyAsy7cPVRAhgpjDFaeDx4uLw3YoUKoTGi,3563520,0.00356352,384
vault,Vau1t6sLNxnzB7ZDsef8TLbPLfyZMYXH8WTNqUdm9g8,33eA43YY1sSTgxU4gAFue91SAYMBFQErr4zoqT3Uwwtp,3563520,0.00356352,384
vault,Vau1t6sLNxnzB7ZDsef8TLbPLfyZMYXH8WTNqUdm9g8,57d8Zx2BkHPrbg9jD6jjDJqXJ5sBapKdUCBtoJJFgQtj,3563520,0.00356352,384
vault,Vau1t6sLNxnzB7ZDsef8TLbPLfyZMYXH8WTNqUdm9g8,2GLLXBTtKD2KEwHmsqnBQr3pgs55yxcBLAsJf5GqmCYb,3563520,0.00356352,384
vault,Vau1t6sLNxnzB7ZDsef8TLbPLfyZMYXH8WTNqUdm9g8,51DeuiitdLDC6YfSvZ4BEpcEaLoJ3zE7GHcKKoja4NMd,3563520,0.00356352,384
vault,Vau1t6sLNxnzB7ZDsef8TLbPLfyZMYXH8WTNqUdm9g8,CfREcM9oWH2Faj4qAX7tDZMMozmBbwzv79aBFnx7PP8F,3563520,0.00356352,384
vault,Vau1t6sLNxnzB7ZDsef8TLbPLfyZMYXH8WTNqUdm9g8,DToRcXkroLk5vn866JMfUUpYSrXAjSbdjjxGENfFnkXQ,3563520,0.00356352,384
vault,Vau1t6sLNxnzB7ZDsef8TLbPLfyZMYXH8WTNqUdm9g8,CofL1eQRZW4Cc3haYcv7JoLXXoQvfBDYJZ62DW6VDWok,3563520,0.00356352,384
vault,Vau1t6sLNxnzB7ZDsef8TLbPLfyZMYXH8WTNqUdm9g8,E4FUK174QN52ibSNRpQLrr36UpfrsCqoVwwVV2wvgdpg,3563520,0.00356352,384
vault,Vau1t6sLNxnzB7ZDsef8TLbPLfyZMYXH8WTNqUdm9g8,JEeQhHKUFTGKuLvVR5u1RZytbvSR3YisqdBUDQam4En,3563520,0.00356352,384
vault,Vau1t6sLNxnzB7ZDsef8TLbPLfyZMYXH8WTNqUdm9g8,7u7dG8CKRNZGGRcqozEdoNizkoWgj7KZyU9GY1kxp5nW,3563520,0.00356352,384
vault,Vau1t6sLNxnzB7ZDsef8TLbPLfyZMYXH8WTNqUdm9g8,4yGCcTUW3x98CUTeWxBjdKtgCPxQVZdS6RmDNojww9Rx,3563520,0.00356352,384
vault,Vau1t6sLNxnzB7ZDsef8TLbPLfyZMYXH8WTNqUdm9g8,9VVbiQMuucyeVtXBDNaZpCHPSjvANMHWPFjMw8ZQfcSP,3563520,0.00356352,384
vault,Vau1t6sLNxnzB7ZDsef8TLbPLfyZMYXH8WTNqUdm9g8,2yVagQ7btbsPpYdxJpeMJg93eUA5EizXonepRjXGuhu6,3563520,0.00356352,384
vault,Vau1t6sLNxnzB7ZDsef8TLbPLfyZMYXH8WTNqUdm9g8,9HE7sCBd2bbLvmPrphqeAL73Czzsu8vdW6MD22dAYhq1,3563520,0.00356352,384
vault,Vau1t6sLNxnzB7ZDsef8TLbPLfyZMYXH8WTNqUdm9g8,AovQtSiwzzVmPP2swTN17PtTkfqU8ZTvpS3EVP2TwG4U,3563520,0.00356352,384
vault,Vau1t6sLNxnzB7ZDsef8TLbPLfyZMYXH8WTNqUdm9g8,23rQfri44huoHMgvbHbxTABxWRb2ink3kYoE47h55hF5,3563520,0.00356352,384
vault,Vau1t6sLNxnzB7ZDsef8TLbPLfyZMYXH8WTNqUdm9g8,FCcsHmV7792mkvgSb4jGBMqfmvAzAm5WgB71UGBdSfRE,3563520,0.00356352,384
vault,Vau1t6sLNxnzB7ZDsef8TLbPLfyZMYXH8WTNqUdm9g8,Av5iEEEE4tLGh1RNEXeTiU6MyHeZtbLdXbMJqsRpsCBq,3563520,0.00356352,384
vault,Vau1t6sLNxnzB7ZDsef8TLbPLfyZMYXH8WTNqUdm9g8,CbXJdtwSCAazj8GH8kzGicQuNULydqLZCkZAjwhGH8Vd,3563520,0.00356352,384
vault,Vau1t6sLNxnzB7ZDsef8TLbPLfyZMYXH8WTNqUdm9g8,2hgaC4jmb8kiEqRDvbDbwk4F2ierV4eTDa9ncjJGEoK5,3563520,0.00356352,384
vault,Vau1t6sLNxnzB7ZDsef8TLbPLfyZMYXH8WTNqUdm9g8,ErT6ydrGPZi19mV3CEKPqoQqmfBodJHQP6WYXpe2MGv5,5289600,0.0052896,632
vault,Vau1t6sLNxnzB7ZDsef8TLbPLfyZMYXH8WTNqUdm9g8,GHEYjiQS5oW9bUx4J6uP9z15ZucvbxexSGQdsSTYFBbq,3563520,0.00356352,384
vault,Vau1t6sLNxnzB7ZDsef8TLbPLfyZMYXH8WTNqUdm9g8,FkNmTzQ47u3LTbE3HSYsxLQHmPAvEZd3PmztTVrqwYve,3563520,0.00356352,384
vault,Vau1t6sLNxnzB7ZDsef8TLbPLfyZMYXH8WTNqUdm9g8,FKd5kJgjxt9zZXj1epzhRZw17UvoRiRUnnseEuqjEE5t,3563520,0.00356352,384
vault,Vau1t6sLNxnzB7ZDsef8TLbPLfyZMYXH8WTNqUdm9g8,FErcQyuJXKtPYgDnzTVpSjH8krbWgRzW6RsgUwRRUcLy,3563520,0.00356352,384
vault,Vau1t6sLNxnzB7ZDsef8TLbPLfyZMYXH8WTNqUdm9g8,FwKbEDQ3vo4mtkcmN1F79ZXPoH1xTmiBcXRB4w1KwsgW,3563520,0.00356352,384
vault,Vau1t6sLNxnzB7ZDsef8TLbPLfyZMYXH8WTNqUdm9g8,3iF7yrHLrhoL4Lbr89qKr9VqzAsGDHjazo5HhFJiqTKJ,3563520,0.00356352,384
vault,Vau1t6sLNxnzB7ZDsef8TLbPLfyZMYXH8WTNqUdm9g8,FSoDP5UDw4z5RDVUnkk3mW9ezeoH5JaeHPXrmdT8e4dZ,3563520,0.00356352,384
vault,Vau1t6sLNxnzB7ZDsef8TLbPLfyZMYXH8WTNqUdm9g8,5i2Q7kwj2BQB6UqgdZ8vcUS4kZPtULGFWghqR6FPHsJX,3563520,0.00356352,384
vault,Vau1t6sLNxnzB7ZDsef8TLbPLfyZMYXH8WTNqUdm9g8,F6WwgHoNrJdd2iaptDaHuP7DBCVoGeVdbeVs6u8Cm9QP,3563520,0.00356352,384
vault,Vau1t6sLNxnzB7ZDsef8TLbPLfyZMYXH8WTNqUdm9g8,Btjt6wp8ZVNG5C3D1fV3oMYVczRybRWNm5csMkqcbuGf,3563520,0.00356352,384
vault,Vau1t6sLNxnzB7ZDsef8TLbPLfyZMYXH8WTNqUdm9g8,Hf9LQaK9ZVoKmFiAMBE2cXfQFN7gBdSVxEvibeNptNcL,3563520,0.00356352,384
vault,Vau1t6sLNxnzB7ZDsef8TLbPLfyZMYXH8WTNqUdm9g8,CuetgiCTYpS7rFndHpkQTC2gyKaBFSXhot9W246iWyZw,3563520,0.00356352,384
vault,Vau1t6sLNxnzB7ZDsef8TLbPLfyZMYXH8WTNqUdm9g8,6bXUcSzTxsycYawQNHBqmsaCk7yzwSAjgoTUymXcUaCG,3563520,0.00356352,384
vault,Vau1t6sLNxnzB7ZDsef8TLbPLfyZMYXH8WTNqUdm9g8,9XhwTLPo92nMU8W91PaEx5YUroYAvTvPdQqmr8LiG7bf,3563520,0.00356352,384
vault,Vau1t6sLNxnzB7ZDsef8TLbPLfyZMYXH8WTNqUdm9g8,9g6aZT2qzSJAHKxaEcFygi8RcqYscsBETL4H6yevU6AS,3563520,0.00356352,384
vault,Vau1t6sLNxnzB7ZDsef8TLbPLfyZMYXH8WTNqUdm9g8,2z7WPeKM8Ebx9w53YmVaQKeweCcrSK121pGg5yXeTR9b,3563520,0.00356352,384
vault,Vau1t6sLNxnzB7ZDsef8TLbPLfyZMYXH8WTNqUdm9g8,2r3t7GdjkeEsRBCi7jVzqKitqwnF9co69EjGB8wYhJ38,3563520,0.00356352,384
vault,Vau1t6sLNxnzB7ZDsef8TLbPLfyZMYXH8WTNqUdm9g8,14e8PPzahuVf8wVvS16A3Fve2sq8fEN4Kybnu6GwPGqy,3563520,0.00356352,384
vault,Vau1t6sLNxnzB7ZDsef8TLbPLfyZMYXH8WTNqUdm9g8,CpXvTyENVEmBUrFjaRPx7S1RtwezqERnovHMoN6Z475C,3563520,0.00356352,384
vault,Vau1t6sLNxnzB7ZDsef8TLbPLfyZMYXH8WTNqUdm9g8,8uBmAMe7MWAUYt6XkiM4a6jQFqY6xxwrY2zWF7RwLsBf,3563520,0.00356352,384
vault,Vau1t6sLNxnzB7ZDsef8TLbPLfyZMYXH8WTNqUdm9g8,6cxTwHSmRW6WQtVMfcruRCBUjUg5W8KSyFXwtrjhLwG7,3619200,0.0036192,392
vault,Vau1t6sLNxnzB7ZDsef8TLbPLfyZMYXH8WTNqUdm9g8,51mXFsg4rywxYr5E9Cfdik1x3cAeAPH3Eg62EAMACKKD,3563520,0.00356352,384
vault,Vau1t6sLNxnzB7ZDsef8TLbPLfyZMYXH8WTNqUdm9g8,FTGsnjWzzV3iFuTUtQMgq93BqKZSvqbLAHi5GmQsdjCR,3563520,0.00356352,384
vault,Vau1t6sLNxnzB7ZDsef8TLbPLfyZMYXH8WTNqUdm9g8,BWW8yDCskLWZ8UQSDM1KDWVV6T4Qf6idZY5dayFEcGD1,3563520,0.00356352,384
vault,Vau1t6sLNxnzB7ZDsef8TLbPLfyZMYXH8WTNqUdm9g8,9uv8nChwBd6yVrxr4ts93CtCN8var94gdi2rKWAbZUUu,3563520,0.00356352,384
vault,Vau1t6sLNxnzB7ZDsef8TLbPLfyZMYXH8WTNqUdm9g8,8tgEgwPbTaqZNAmuMJMCWh6AXJtaPrMSX4pump9fFq5y,3563520,0.00356352,384
vault,Vau1t6sLNxnzB7ZDsef8TLbPLfyZMYXH8WTNqUdm9g8,5eXdJ9Swm6muqytnr47r1ZFWNs68ETCvS4pGc3GL3xY5,3563520,0.00356352,384
vault,Vau1t6sLNxnzB7ZDsef8TLbPLfyZMYXH8WTNqUdm9g8,3P17BxVuwoMSZUFmVddmEhBwSZdDEeBB7P2mAXjkcm1M,3563520,0.00356352,384
vault,Vau1t6sLNxnzB7ZDsef8TLbPLfyZMYXH8WTNqUdm9g8,EyanLmUV7BJTMtEWWShbpYdd7HaHdyT2MkP5HouNqRja,3563520,0.00356352,384
vault,Vau1t6sLNxnzB7ZDsef8TLbPLfyZMYXH8WTNqUdm9g8,7jPZMGh8o9uhD7UqxrSrK8V9FABJHGCtQFwZCmgRbjKh,3563520,0.00356352,384
vault,Vau1t6sLNxnzB7ZDsef8TLbPLfyZMYXH8WTNqUdm9g8,4dSgD4pFk8Eq5R7SFkiUR581SJju5FkgT6XwK9WgdEg5,3563520,0.00356352,384
vault,Vau1t6sLNxnzB7ZDsef8TLbPLfyZMYXH8WTNqUdm9g8,BJbmocuXcdKMx91oZt7jZ7tUyFfDDqqCW2exf9CMKEbh,3563520,0.00356352,384
vault,Vau1t6sLNxnzB7ZDsef8TLbPLfyZMYXH8WTNqUdm9g8,BdYjwMt2Jnqkkc4Unowor2TLQZSQhyuTWSyaqrMU5Xq4,3563520,0.00356352,384
vault,Vau1t6sLNxnzB7ZDsef8TLbPLfyZMYXH8WTNqUdm9g8,H47BL8GV6h3Bj3Xd6XbFjEhwXLcjxpesNVFn6TPmjBR1,3563520,0.00356352,384
vault,Vau1t6sLNxnzB7ZDsef8TLbPLfyZMYXH8WTNqUdm9g8,3mm9Lm6Vifykuh824AaA4829J36UnTfgp5J9ZrZYHN6E,3563520,0.00356352,384
vault,Vau1t6sLNxnzB7ZDsef8TLbPLfyZMYXH8WTNqUdm9g8,Ag649MDhZK6A9LXn8JH4hvhMJ4Fp7Lrgh3JZabyzfdgH,3563520,0.00356352,384
vault,Vau1t6sLNxnzB7ZDsef8TLbPLfyZMYXH8WTNqUdm9g8,uFPRP3JYSpVGdkfRvLS7wSJAGmaxc648QJW6gnq9SPZ,3563520,0.00356352,384
vault,Vau1t6sLNxnzB7ZDsef8TLbPLfyZMYXH8WTNqUdm9g8,6jZ8ywWLJuFr2hqTyUd68Ur1jabC6AL7uL265cjdtpp2,3563520,0.00356352,384
vault,Vau1t6sLNxnzB7ZDsef8TLbPLfyZMYXH8WTNqUdm9g8,uUckopJwTtynuHKmezHgDJjxr8xijRkbEwiYdCyuNiL,3563520,0.00356352,384
vault,Vau1t6sLNxnzB7ZDsef8TLbPLfyZMYXH8WTNqUdm9g8,4Q7BqqeELdXFiMb4vRsBSbyYZSQeejuTeMqRLtnvbw9S,3563520,0.00356352,384
vault,Vau1t6sLNxnzB7ZDsef8TLbPLfyZMYXH8WTNqUdm9g8,Hb2foEz4vGFCVvECFMc1pR24GNx7eHcEhzTaE7UJDBXA,3563520,0.00356352,384
vault,Vau1t6sLNxnzB7ZDsef8TLbPLfyZMYXH8WTNqUdm9g8,GtjJkt2YmxMMWP1FAVEQA3QpaEh5NoQerBWtLdHGjsPN,3563520,0.00356352,384
vault,Vau1t6sLNxnzB7ZDsef8TLbPLfyZMYXH8WTNqUdm9g8,5hAr6sP6W9wAKn2bToDfVQtxMFj2aDRqm3dznCSwtWpR,3563520,0.00356352,384
vault,Vau1t6sLNxnzB7ZDsef8TLbPLfyZMYXH8WTNqUdm9g8,FiFf359mS3eTaUfcDCnYj47merY6owz7Y5aCT2GwSmSM,3563520,0.00356352,384
vault,Vau1t6sLNxnzB7ZDsef8TLbPLfyZMYXH8WTNqUdm9g8,QpSSV8zUjFaZopEGzWkcy1uttEeZSsnbDQF7deTJTTs,3563520,0.00356352,384
vault,Vau1t6sLNxnzB7ZDsef8TLbPLfyZMYXH8WTNqUdm9g8,tsZe65CP1m38jyHi1RNqmWBvx27YuFXNzZKM9hkWffK,3563520,0.00356352,384
vault,Vau1t6sLNxnzB7ZDsef8TLbPLfyZMYXH8WTNqUdm9g8,HmE83PbDh2oajEYS7t4cqFRotXJrsBgMt9zX2SfAyaY3,3563520,0.00356352,384
vault,Vau1t6sLNxnzB7ZDsef8TLbPLfyZMYXH8WTNqUdm9g8,46BF2eCVRpmw82wFAf5KUR4RGRfgdzkkgCtTU2UJ6YTZ,3563520,0.00356352,384
vault,Vau1t6sLNxnzB7ZDsef8TLbPLfyZMYXH8WTNqUdm9g8,G9yPEXCqX1FigBznKrVJV7s7Q7c9QDrbokRFv1Hcnygf,3563520,0.00356352,384
vault,Vau1t6sLNxnzB7ZDsef8TLbPLfyZMYXH8WTNqUdm9g8,CPJBTdndHm13rCZMEYCoxk4v7bwxRMCty2MburDApKdK,3563520,0.00356352,384
vault,Vau1t6sLNxnzB7ZDsef8TLbPLfyZMYXH8WTNqUdm9g8,446NVYzTcMCA2UEmbJTUmMJfVoXZ5NLDDGbNF49eAoZk,3619200,0.0036192,392
vault,Vau1t6sLNxnzB7ZDsef8TLbPLfyZMYXH8WTNqUdm9g8,5QErivGY5PQjXtqHFm7NpT7qEqDp2EeLGgKD1axXa36w,3563520,0.00356352,384
vault,Vau1t6sLNxnzB7ZDsef8TLbPLfyZMYXH8WTNqUdm9g8,C4QJehnXWML7ugCQR8sTRGanFUvq7vy1iLXqqFP5E7Pv,3563520,0.00356352,384
vault,Vau1t6sLNxnzB7ZDsef8TLbPLfyZMYXH8WTNqUdm9g8,6QUwp9R53z6Zr9kW3gixgcRiDDE6bNaPXKDtrr15XW6n,3563520,0.00356352,384
vault,Vau1t6sLNxnzB7ZDsef8TLbPLfyZMYXH8WTNqUdm9g8,CYEHcx95WiiSePDhtPZbwUGcn5dPxCCAbYK6vEZBxYRM,5289600,0.0052896,632
vault,Vau1t6sLNxnzB7ZDsef8TLbPLfyZMYXH8WTNqUdm9g8,EyYniDcSvWzW6HaVC3DsPgXeJgVwGssXUV8rKNU5rmRc,3563520,0.00356352,384
vault,Vau1t6sLNxnzB7ZDsef8TLbPLfyZMYXH8WTNqUdm9g8,3w3hdd5WBpcZiQHJzhqpc7gjFFGuXawvexbbKFS8ZAeb,3563520,0.00356352,384
vault,Vau1t6sLNxnzB7ZDsef8TLbPLfyZMYXH8WTNqUdm9g8,7LDbXpW8oKhDfoPY2KFLxJiqWZ68s1dWH61AEwoRbcas,3563520,0.00356352,384
vault,Vau1t6sLNxnzB7ZDsef8TLbPLfyZMYXH8WTNqUdm9g8,EUzka7Qr9xxRLyjH3njYGdNssNv8J5SrqU2ScZSz2nWr,5289600,0.0052896,632
vault,Vau1t6sLNxnzB7ZDsef8TLbPLfyZMYXH8WTNqUdm9g8,DDtuHVRh3VxyrrkLHhH4qb7y7wcVZU9qZjmS3uQWHWgp,3563520,0.00356352,384
vault,Vau1t6sLNxnzB7ZDsef8TLbPLfyZMYXH8WTNqUdm9g8,DCvq36YC573U5KjtcU6ZARwz88CGNKeEnHoqorPyhGSB,3563520,0.00356352,384
vault,Vau1t6sLNxnzB7ZDsef8TLbPLfyZMYXH8WTNqUdm9g8,2qjNXr1A9fMcxs5xckENf6VEtb58sXr7mGZAPhNzyM2M,3563520,0.00356352,384
vault,Vau1t6sLNxnzB7ZDsef8TLbPLfyZMYXH8WTNqUdm9g8,5tf5kj7eVVbiNJkkhSpxQtvcvsVUVkYcF55he48TrFFU,3563520,0.00356352,384
vault,Vau1t6sLNxnzB7ZDsef8TLbPLfyZMYXH8WTNqUdm9g8,GYghPt7rDzKKcV7R9xmcGxdaEf2RJv5dTvMoVvHr6LXn,3563520,0.00356352,384
vault,Vau1t6sLNxnzB7ZDsef8TLbPLfyZMYXH8WTNqUdm9g8,A1zRCJkJNLbEqUwsBKrnaxcCCv3sjeZV1tPizxEZEzC9,3563520,0.00356352,384
vault,Vau1t6sLNxnzB7ZDsef8TLbPLfyZMYXH8WTNqUdm9g8,8FREQkH7Pi8adzaLxpkPizTuDzaS25r5PW1NsQKmy1Fw,3563520,0.00356352,384
vault,Vau1t6sLNxnzB7ZDsef8TLbPLfyZMYXH8WTNqUdm9g8,DpJwuiEjrUTBvQGijzSupbm9LVqtxbMTvfqn1uZPhViS,3563520,0.00356352,384
vault,Vau1t6sLNxnzB7ZDsef8TLbPLfyZMYXH8WTNqUdm9g8,C6V5GdrN21amyr6cnbSPQemDk9f7jQNp8Xbtv1UdqKvW,3563520,0.00356352,384
vault,Vau1t6sLNxnzB7ZDsef8TLbPLfyZMYXH8WTNqUdm9g8,2j83ZNH27DtTf9PceN3s72ntsZg72KXhExoxJ6wWvqdn,3563520,0.00356352,384
vault,Vau1t6sLNxnzB7ZDsef8TLbPLfyZMYXH8WTNqUdm9g8,HEifuUciPxzomqSpQivb7fyjM1D8QfohyYBMv75W4rnJ,3563520,0.00356352,384
vault,Vau1t6sLNxnzB7ZDsef8TLbPLfyZMYXH8WTNqUdm9g8,EVfAFzCVwCkYnNStHUVzDQztZxz5yxqkcohp35HiHaeq,3563520,0.00356352,384
vault,Vau1t6sLNxnzB7ZDsef8TLbPLfyZMYXH8WTNqUdm9g8,8ZgFDgkaiWURATMKtDeY6opbX2zBH1spBokR3N1wFsZJ,3563520,0.00356352,384
vault,Vau1t6sLNxnzB7ZDsef8TLbPLfyZMYXH8WTNqUdm9g8,CqiCu4wwp2ZJkAmFXr8BdbPMFHaYXgDV3Eq2zmWQ5VtL,3563520,0.00356352,384
vault,Vau1t6sLNxnzB7ZDsef8TLbPLfyZMYXH8WTNqUdm9g8,9qw6QTDh5qNoPxwet46S2cR3QuAPH48jZvuHYfMkDRdU,3563520,0.00356352,384
vault,Vau1t6sLNxnzB7ZDsef8TLbPLfyZMYXH8WTNqUdm9g8,CpJVUzLFHSyXnJyBgCjKhecnZ514GuseX4fWxjPEFyTY,3563520,0.00356352,384
vault,Vau1t6sLNxnzB7ZDsef8TLbPLfyZMYXH8WTNqUdm9g8,7jCVD45ExHL6wh6m5d3BBUCA2UcwpBzLUVMxwHchZA7r,3563520,0.00356352,384
vault,Vau1t6sLNxnzB7ZDsef8TLbPLfyZMYXH8WTNqUdm9g8,5Gh3pThrjsJLcDA5VSvny2AzcVyxxwcC5aMAaarRnW1Z,5289600,0.0052896,632
vault,Vau1t6sLNxnzB7ZDsef8TLbPLfyZMYXH8WTNqUdm9g8,3oauX3RUY7LmZuQtH5RVJQXfJZok1JnU32FgxiCSKCUm,3563520,0.00356352,384
vault,Vau1t6sLNxnzB7ZDsef8TLbPLfyZMYXH8WTNqUdm9g8,BjbxzVZpoMLVRxqwwH4dM6bDM6V5TyAgBeaXucw5i9Nd,3563520,0.00356352,384
vault,Vau1t6sLNxnzB7ZDsef8TLbPLfyZMYXH8WTNqUdm9g8,BsN6WqMt1Nhr4cCHTSHPsc7xXFqLgqeEFy4xZr5q9TYz,3563520,0.00356352,384
vault,Vau1t6sLNxnzB7ZDsef8TLbPLfyZMYXH8WTNqUdm9g8,D63GRUEqB2H9FrJ2Xw6bhTYbV7Q4hPW1AneN8K2b7sdY,3563520,0.00356352,384
vault,Vau1t6sLNxnzB7ZDsef8TLbPLfyZMYXH8WTNqUdm9g8,2nxVAW35uQ7VoRmz8pCrbmnMFpYGxdZCkMQUkcMf7vNB,5289600,0.0052896,632
vault,Vau1t6sLNxnzB7ZDsef8TLbPLfyZMYXH8WTNqUdm9g8,6RyAgapgboGBA4icvfKgny11SFpSArSWnjndXCbonN7X,3563520,0.00356352,384
vault,Vau1t6sLNxnzB7ZDsef8TLbPLfyZMYXH8WTNqUdm9g8,2caCyUnjQ6NdtR5t14chbSNSYivYVf7fLoncCMXhU5Qf,3563520,0.00356352,384
vault,Vau1t6sLNxnzB7ZDsef8TLbPLfyZMYXH8WTNqUdm9g8,4j7rww5zFHdAvpNpcfAiCmT5finpBTDjFneuMuCmxn33,3563520,0.00356352,384
vault,Vau1t6sLNxnzB7ZDsef8TLbPLfyZMYXH8WTNqUdm9g8,Ddpx9u2DQoi8oV23Ts7xkGH5ediaMGg5UGG7qWq9E6fL,5289600,0.0052896,632
vault,Vau1t6sLNxnzB7ZDsef8TLbPLfyZMYXH8WTNqUdm9g8,CwVJnjbmh3KCD6zYpnGEEP5oqtYg7DLwRCG7ey1RbT7Z,3563520,0.00356352,384
vault,Vau1t6sLNxnzB7ZDsef8TLbPLfyZMYXH8WTNqUdm9g8,5WSDxTEuuHKeQMUsaKnGBVmwqXsaWqzQJyc4EiXsBqtr,3563520,0.00356352,384
vault,Vau1t6sLNxnzB7ZDsef8TLbPLfyZMYXH8WTNqUdm9g8,6XeYrXCCV6kimwWmmgamnmTLFZaqAZvzYvzD1rd9536K,3563520,0.00356352,384
vault,Vau1t6sLNxnzB7ZDsef8TLbPLfyZMYXH8WTNqUdm9g8,5huyHTHZERnHS7iDJGxR3RXMoBSMP7BnwYFxkM9ERvok,3563520,0.00356352,384
vault,Vau1t6sLNxnzB7ZDsef8TLbPLfyZMYXH8WTNqUdm9g8,DmPF8xpdUwkgXheS7Xk6GTfconzAFA6Mi7XVud5ycP6n,3563520,0.00356352,384
vault,Vau1t6sLNxnzB7ZDsef8TLbPLfyZMYXH8WTNqUdm9g8,DLMqUWpqJzLFdzbdJbiy3n2b7E9VsfLDkV2swrEYh9zx,3563520,0.00356352,384
vault,Vau1t6sLNxnzB7ZDsef8TLbPLfyZMYXH8WTNqUdm9g8,AbvtY3RzhvYChM3uEmvwD6hpfqZNLrMDuecKdF1VPj6a,5289600,0.0052896,632
vault,Vau1t6sLNxnzB7ZDsef8TLbPLfyZMYXH8WTNqUdm9g8,53y4rfgBpT9JuPxsciZ777VsiKtPyPfBYw6cP5wgPF1t,3563520,0.00356352,384
vault,Vau1t6sLNxnzB7ZDsef8TLbPLfyZMYXH8WTNqUdm9g8,GaT5x9a8bAzLgd6LmCsmDw8hrT6Tc7DJgGnSvRW7DzHT,3563520,0.00356352,384
vault,Vau1t6sLNxnzB7ZDsef8TLbPLfyZMYXH8WTNqUdm9g8,CDzziwbM4NnRAG4iveyy2cexqjgpMQzvJH2H4DQDQ5ur,3563520,0.00356352,384
vault,Vau1t6sLNxnzB7ZDsef8TLbPLfyZMYXH8WTNqUdm9g8,56gsCQUUrn3uiLSB2yiwjsAcFaqJwgNbLG4Nbuiubxkx,3563520,0.00356352,384
vault,Vau1t6sLNxnzB7ZDsef8TLbPLfyZMYXH8WTNqUdm9g8,C424FZazo22zt2kCH3YQB4NXEP19j6dffJDEXcQLDi3V,3563520,0.00356352,384
vault,Vau1t6sLNxnzB7ZDsef8TLbPLfyZMYXH8WTNqUdm9g8,3csFvadJrwUcfXfReQXUSaXDqea2Fch8LMQZVtsehL5u,3563520,0.00356352,384
vault,Vau1t6sLNxnzB7ZDsef8TLbPLfyZMYXH8WTNqUdm9g8,3bfkbZ6dzpLHNim4tHzLge3aMV2qoiQLXezcZoU9qj2Z,3563520,0.00356352,384
vault,Vau1t6sLNxnzB7ZDsef8TLbPLfyZMYXH8WTNqUdm9g8,F56E7CtyVZmUoBD35gQZncphanzFQeo4AG7BxMuxAEJ1,5289600,0.0052896,632
vault,Vau1t6sLNxnzB7ZDsef8TLbPLfyZMYXH8WTNqUdm9g8,DVW3F2pxzDRCzh9uwDdXtHy2d6yJWYGa5TfYaJDCudAo,3563520,0.00356352,384
vault,Vau1t6sLNxnzB7ZDsef8TLbPLfyZMYXH8WTNqUdm9g8,HjNMhu4Y2D3642SCxaZFLMzLFAJWzub56qocf2LBELqX,3563520,0.00356352,384
vault,Vau1t6sLNxnzB7ZDsef8TLbPLfyZMYXH8WTNqUdm9g8,4auoQDrPLijmSxUmqLRoRCnXv1UgdCtuo2oWSPXebgWW,3563520,0.00356352,384
vault,Vau1t6sLNxnzB7ZDsef8TLbPLfyZMYXH8WTNqUdm9g8,5egxd9GfkK8Fq41sPEqbL4snBbCDtLLhjksbnb7y8czE,3563520,0.00356352,384
vault,Vau1t6sLNxnzB7ZDsef8TLbPLfyZMYXH8WTNqUdm9g8,8oFoL9GvnASgwLbxHcwsNCjfRfEKarxWnX5vW6QFHxYg,3563520,0.00356352,384
vault,Vau1t6sLNxnzB7ZDsef8TLbPLfyZMYXH8WTNqUdm9g8,7SaFawMMvEc67Hcr2N2UHdjJopxjsaNfLHzKyV4nQN8Z,5289600,0.0052896,632
vault,Vau1t6sLNxnzB7ZDsef8TLbPLfyZMYXH8WTNqUdm9g8,2WUCnn6n5CpdZh973YzP4fcJKUYYeXBbn6JBkrRc8UuV,3563520,0.00356352,384
vault,Vau1t6sLNxnzB7ZDsef8TLbPLfyZMYXH8WTNqUdm9g8,8XB9g1DhNKsdpp7qnYwnebip4T4QCZMjFZy8RaqswDmS,3563520,0.00356352,384
vault,Vau1t6sLNxnzB7ZDsef8TLbPLfyZMYXH8WTNqUdm9g8,GpMsnCzbGv1KZgNCTx3qh9fEYLLUNWdwCJr5BnoTXD8i,3563520,0.00356352,384
vault,Vau1t6sLNxnzB7ZDsef8TLbPLfyZMYXH8WTNqUdm9g8,GgN4WEJEAUJUwiwsw4m2Jug1oA7grQV5HkVgVs5jFDJA,3563520,0.00356352,384
vault,Vau1t6sLNxnzB7ZDsef8TLbPLfyZMYXH8WTNqUdm9g8,4sE5hWwNJe2gK87R6XJ3hjHMXrmgQAcVMBJFKhr1kEDC,3563520,0.00356352,384
vault,Vau1t6sLNxnzB7ZDsef8TLbPLfyZMYXH8WTNqUdm9g8,65FonJtFFGvWxxtgUwhmBwADzESqcMyvveXVgAi9SeFi,5289600,0.0052896,632
vault,Vau1t6sLNxnzB7ZDsef8TLbPLfyZMYXH8WTNqUdm9g8,BMHb6P4YRRKvkjBZ2iFZpRwo21s2V35fWVvivTY4p6eh,3563520,0.00356352,384
vault,Vau1t6sLNxnzB7ZDsef8TLbPLfyZMYXH8WTNqUdm9g8,7eehnfpM36W5FicvYQH58LXYZpGkCQYXkrTrtr4bb6ev,3563520,0.00356352,384
vault,Vau1t6sLNxnzB7ZDsef8TLbPLfyZMYXH8WTNqUdm9g8,DZJNPrVCBBXh3CGFnxsZqEmkz8NyBGr7DhbkYQtkStiT,3563520,0.00356352,384
vault,Vau1t6sLNxnzB7ZDsef8TLbPLfyZMYXH8WTNqUdm9g8,HzToAB1qAeRG89TAsqfLANM2ceXEs1VDF7XRwm7HwgNa,3563520,0.00356352,384
vault,Vau1t6sLNxnzB7ZDsef8TLbPLfyZMYXH8WTNqUdm9g8,UwuSgAq4zByffCGCrWH87DsjfsewYjuqHfJEpzw1Jq3,3605280,0.00360528,390
vault,Vau1t6sLNxnzB7ZDsef8TLbPLfyZMYXH8WTNqUdm9g8,5Xp9YiAaSNYLNHNezanD44zEkhqnakQ3pvPrj6YXyFEr,3563520,0.00356352,384
vault,Vau1t6sLNxnzB7ZDsef8TLbPLfyZMYXH8WTNqUdm9g8,9wUXV9VSpBrAJi1vBoyRn8qqZePYDqpKWHEN2T5dutxp,3563520,0.00356352,384
vault,Vau1t6sLNxnzB7ZDsef8TLbPLfyZMYXH8WTNqUdm9g8,EPRkKVTxgRUCdVWtPAHWEb7m4SB6bhcP9g3pE6Behz3Y,3563520,0.00356352,384
vault,Vau1t6sLNxnzB7ZDsef8TLbPLfyZMYXH8WTNqUdm9g8,DJT8tapBSUs418Ao4d8p3dEjBei6RdtPgAf5SbWZ28Kv,3563520,0.00356352,384
vault,Vau1t6sLNxnzB7ZDsef8TLbPLfyZMYXH8WTNqUdm9g8,9oy2QSnpgCFdmE9CpypuvhNu2q6hxgsk4wwsywhjnNEj,3563520,0.00356352,384
vault,Vau1t6sLNxnzB7ZDsef8TLbPLfyZMYXH8WTNqUdm9g8,wZ4cQqTtRPgFRKohMBoZFTHbaXhHFxYL89fNb5jKZsv,3563520,0.00356352,384
vault,Vau1t6sLNxnzB7ZDsef8TLbPLfyZMYXH8WTNqUdm9g8,5Y8cKx7QKXJMs5nhiEzDShLZbFRFeYuzqkfy4cjw8oau,5289600,0.0052896,632
vault,Vau1t6sLNxnzB7ZDsef8TLbPLfyZMYXH8WTNqUdm9g8,C7sAeJCvGnyRSzdgXfot2JpYeMKUhatkJcAvh3k9eXWH,3563520,0.00356352,384
vault,Vau1t6sLNxnzB7ZDsef8TLbPLfyZMYXH8WTNqUdm9g8,7KRaAk3A558hJoNsmUj3nJLreic8EhpKo2TYYf3wU8i9,3563520,0.00356352,384
vault,Vau1t6sLNxnzB7ZDsef8TLbPLfyZMYXH8WTNqUdm9g8,9CNEVLnNCAZaJLa3kEkhPG76b5f8nybBMgDKMontF1We,3563520,0.00356352,384
vault,Vau1t6sLNxnzB7ZDsef8TLbPLfyZMYXH8WTNqUdm9g8,AzjYnCFFVJXDSWjumm5p5eJ5g87oKkv5TtS67crdcyKZ,3563520,0.00356352,384
vault,Vau1t6sLNxnzB7ZDsef8TLbPLfyZMYXH8WTNqUdm9g8,5kHjYc1TP6EuJtFc9oBK6Cy6DHgJBGUYmnvCCU9CncjJ,3563520,0.00356352,384
vault,Vau1t6sLNxnzB7ZDsef8TLbPLfyZMYXH8WTNqUdm9g8,6zjTjhwcV6vCyPTyNGvbo4sCmhZchqjt9DpiQg9tEiHp,3563520,0.00356352,384
vault,Vau1t6sLNxnzB7ZDsef8TLbPLfyZMYXH8WTNqUdm9g8,2zPJNKDvtGcjJH48gLdcSxqqBzwxmU97cqwtp49g6ofz,3563520,0.00356352,384
vault,Vau1t6sLNxnzB7ZDsef8TLbPLfyZMYXH8WTNqUdm9g8,HWCj7KbvB4d8g4qEEPZXRMm7biM4nxoKKQ5wCRCWos1R,3563520,0.00356352,384
vault,Vau1t6sLNxnzB7ZDsef8TLbPLfyZMYXH8WTNqUdm9g8,HECjGDxz86u2N8Z13gRTLRuoKKr8Q1412tfz5bytYRjV,3563520,0.00356352,384
vault,Vau1t6sLNxnzB7ZDsef8TLbPLfyZMYXH8WTNqUdm9g8,9A2jjTUY3BtY9mZBionLeJaK8QCpmEdnasrHu9QNDGKW,3563520,0.00356352,384
vault,Vau1t6sLNxnzB7ZDsef8TLbPLfyZMYXH8WTNqUdm9g8,6eGJVNKEUeDDyciKe5DznnabUKvCvudDoGscVNDY5gTH,3563520,0.00356352,384
vault,Vau1t6sLNxnzB7ZDsef8TLbPLfyZMYXH8WTNqUdm9g8,5B8pQ7qTbW5UC81c8ABHxpY5gHUeyCXNCrhhbrvwPfmG,3563520,0.00356352,384
vault,Vau1t6sLNxnzB7ZDsef8TLbPLfyZMYXH8WTNqUdm9g8,9auHwjCDfkRkqN5fkoRsWrjLbNhqQNdkdUE8SHeFkJDS,3563520,0.00356352,384
vault,Vau1t6sLNxnzB7ZDsef8TLbPLfyZMYXH8WTNqUdm9g8,GK61feRcGxPj7g49KoeuzDWpVPh5vw3xJeATcrHHhuV8,3563520,0.00356352,384
vault,Vau1t6sLNxnzB7ZDsef8TLbPLfyZMYXH8WTNqUdm9g8,5tENwcnxH89PtztgS1mBPwgSqf4P9Eud7UcitFbTuvDP,3563520,0.00356352,384
vault,Vau1t6sLNxnzB7ZDsef8TLbPLfyZMYXH8WTNqUdm9g8,GZL5PVVMnKD22uZoQBvPKVNgCKoPXNcfEbWamEFu186S,3563520,0.00356352,384
vault,Vau1t6sLNxnzB7ZDsef8TLbPLfyZMYXH8WTNqUdm9g8,CeYQKmaaq528WGdLZEFzPtuaijhoa3ALVkoWXTNQ5CYX,3563520,0.00356352,384
vault,Vau1t6sLNxnzB7ZDsef8TLbPLfyZMYXH8WTNqUdm9g8,8RxbszPyiDtnmF2DxDDBZ3qAexwiiQt4meoTTFBq7wQT,3563520,0.00356352,384
vault,Vau1t6sLNxnzB7ZDsef8TLbPLfyZMYXH8WTNqUdm9g8,FS4uANHMX3UPAsRqmnZF9Ro5eqUopfED4qwbiPQvYdPm,3563520,0.00356352,384
vault,Vau1t6sLNxnzB7ZDsef8TLbPLfyZMYXH8WTNqUdm9g8,ETfBDAjf8BDKzHa5d7CQJkvdcXWANPuz8ny5gaVkeFxy,3563520,0.00356352,384
vault,Vau1t6sLNxnzB7ZDsef8TLbPLfyZMYXH8WTNqUdm9g8,GYJYVQ8rtxBGwh28xpKzaxPuPwGPoxQpp9Wv1u4Ch5rq,3563520,0.00356352,384
vault,Vau1t6sLNxnzB7ZDsef8TLbPLfyZMYXH8WTNqUdm9g8,2ZVZ83F2RfJseGCwYLCf1uP1qfTda3FRvz3zb5j4MZLR,3563520,0.00356352,384
vault,Vau1t6sLNxnzB7ZDsef8TLbPLfyZMYXH8WTNqUdm9g8,DmZaGoD13zSvJiDELLob67cduodzsomcnE9LS3D2f7hn,3563520,0.00356352,384
vault,Vau1t6sLNxnzB7ZDsef8TLbPLfyZMYXH8WTNqUdm9g8,B4GzqVcohy4LyERLSHAfTiaTtV8NWpKFssrQE578t438,3563520,0.00356352,384
vault,Vau1t6sLNxnzB7ZDsef8TLbPLfyZMYXH8WTNqUdm9g8,kQxUhcmtazj9SKJKxxYCw3MHQQ8x8rn796riHMnUQAJ,3563520,0.00356352,384
vault,Vau1t6sLNxnzB7ZDsef8TLbPLfyZMYXH8WTNqUdm9g8,76fmvx3iXB2iQ2gCRgA2YwaJwr1d3mzb7YBgm6ciHC6H,5289600,0.0052896,632
vault,Vau1t6sLNxnzB7ZDsef8TLbPLfyZMYXH8WTNqUdm9g8,8gN3Uf2ZfJ1YrTeaCfHoesUGPP7LbNffi51sQxmSruj5,3563520,0.00356352,384
vault,Vau1t6sLNxnzB7ZDsef8TLbPLfyZMYXH8WTNqUdm9g8,8yfzBfXsdx6UzDsvHsjz7X8qtqdsTpdRmUJK6TGtoyNK,3563520,0.00356352,384
vault,Vau1t6sLNxnzB7ZDsef8TLbPLfyZMYXH8WTNqUdm9g8,G17r1PK8gKeJDNoUbgFTqkbMxuvXZGoqaKXuEUZ4xRds,3563520,0.00356352,384
vault,Vau1t6sLNxnzB7ZDsef8TLbPLfyZMYXH8WTNqUdm9g8,8BzjNmNWxs6fVzD7m1wGw1rmZ46KV4RaMVasnbP2ETF1,3563520,0.00356352,384
vault,Vau1t6sLNxnzB7ZDsef8TLbPLfyZMYXH8WTNqUdm9g8,Emvc4SAeo6jTKfFvE9HWcdHfYek5gPxEvfVQmPfGJNjW,3563520,0.00356352,384
vault,Vau1t6sLNxnzB7ZDsef8TLbPLfyZMYXH8WTNqUdm9g8,5ViYmoUZoMWL78g79W3kh7JG9mvk6rfBbUZAoTF67AvM,3563520,0.00356352,384
vault,Vau1t6sLNxnzB7ZDsef8TLbPLfyZMYXH8WTNqUdm9g8,6LBqXsxoJgF6PFjMuvRPj3n8R2srni3YfLgdMYoyEojm,3563520,0.00356352,384
vault,Vau1t6sLNxnzB7ZDsef8TLbPLfyZMYXH8WTNqUdm9g8,HFy418ZxNr2ddWYC3S96ZJMpdL25r7QBv7oFtYuz7My9,3563520,0.00356352,384
vault,Vau1t6sLNxnzB7ZDsef8TLbPLfyZMYXH8WTNqUdm9g8,FZMuy3jyS2beZEjMULYEw3VHu842pYTtJbudmhekxABP,3563520,0.00356352,384
vault,Vau1t6sLNxnzB7ZDsef8TLbPLfyZMYXH8WTNqUdm9g8,8tarJKrC4nVcMYbqDwJ3hGb7k8rUW7rbNmrts874QHor,3563520,0.00356352,384
vault,Vau1t6sLNxnzB7ZDsef8TLbPLfyZMYXH8WTNqUdm9g8,GFwHmysD7mr4TVYyxLb1kstgrjZWZg5rmu1nWm99cFQP,3563520,0.00356352,384
vault,Vau1t6sLNxnzB7ZDsef8TLbPLfyZMYXH8WTNqUdm9g8,2NecpFyikDqoh8S8RscZwWMsGTksdi54eAHZHWpsJ1ze,3563520,0.00356352,384
vault,Vau1t6sLNxnzB7ZDsef8TLbPLfyZMYXH8WTNqUdm9g8,FVLWuGFEZgzpTo9u3kaBpUtU3hXnfQkiYWsgNuTMFsAY,3563520,0.00356352,384
vault,Vau1t6sLNxnzB7ZDsef8TLbPLfyZMYXH8WTNqUdm9g8,GzcykKNTJFvwSkAC2AcQpoM2SghqcqmhPPNVB6DD29JJ,3563520,0.00356352,384
vault,Vau1t6sLNxnzB7ZDsef8TLbPLfyZMYXH8WTNqUdm9g8,BCKfq59Z7z1x67CLcYTEG93aLTyJfEUqpzGXNoabiYXz,3563520,0.00356352,384
vault,Vau1t6sLNxnzB7ZDsef8TLbPLfyZMYXH8WTNqUdm9g8,2RXuyxWwG1CYZUjVPXJTF1ayrVcbiHd9qTeZMCAQ9tNh,3563520,0.00356352,384
vault,Vau1t6sLNxnzB7ZDsef8TLbPLfyZMYXH8WTNqUdm9g8,C3TN8cV8GvNfcHMhaimiYnhj4pzsWFP2VaQhzGNESDKv,3563520,0.00356352,384
vault,Vau1t6sLNxnzB7ZDsef8TLbPLfyZMYXH8WTNqUdm9g8,3Qm2GDaooz3ktVjzAxBUyNXtrqeh7E6bD4RYyrywH9yH,3563520,0.00356352,384
vault,Vau1t6sLNxnzB7ZDsef8TLbPLfyZMYXH8WTNqUdm9g8,DRgDwYdEWaKJAZJzm1mTvcrhEfMmG3kM3RVrL5FtMxoT,3563520,0.00356352,384
vault,Vau1t6sLNxnzB7ZDsef8TLbPLfyZMYXH8WTNqUdm9g8,Emti1q9cmqFAbZQB79sNQR4nJAeuBKWDQnBwMpn3A2dQ,3563520,0.00356352,384
vault,Vau1t6sLNxnzB7ZDsef8TLbPLfyZMYXH8WTNqUdm9g8,AKkqZwemKgFJG86FYQmmS8f8TVDqjfd56b2LYdSZLAPF,8637468,0.008637468,1111
vault,Vau1t6sLNxnzB7ZDsef8TLbPLfyZMYXH8WTNqUdm9g8,D9R9tcm9VZW4nqCeLsJeSGu6ZekDnC9bsEDamxw94kfj,3563520,0.00356352,384
vault,Vau1t6sLNxnzB7ZDsef8TLbPLfyZMYXH8WTNqUdm9g8,FZXgbW7UkB4aDoFjZ7FEgs1v4afYjPwRiQo8HSjmtZG,3563520,0.00356352,384
vault,Vau1t6sLNxnzB7ZDsef8TLbPLfyZMYXH8WTNqUdm9g8,DAzEiFQLt492Rt8mmq1wTdEmbbp2gv8zySfvVnE7pH4Q,3563520,0.00356352,384
vault,Vau1t6sLNxnzB7ZDsef8TLbPLfyZMYXH8WTNqUdm9g8,AqHRsZBphkgXXJrcH5KX8SJqZ9DtJ2Wvn5zhftku6ZCG,3563520,0.00356352,384
vault,Vau1t6sLNxnzB7ZDsef8TLbPLfyZMYXH8WTNqUdm9g8,4y3N9aKV9dHQDw3iKZzscBNboiaRDUvrFCX1fuoh4W5y,3563520,0.00356352,384
vault,Vau1t6sLNxnzB7ZDsef8TLbPLfyZMYXH8WTNqUdm9g8,6QrK9kergGTvzEUwvfmcHeydbBj3bgLSKTX7XqLgWZpU,3563520,0.00356352,384
vault,Vau1t6sLNxnzB7ZDsef8TLbPLfyZMYXH8WTNqUdm9g8,2gtLvBFSEV9bJ2zoQWkGaQ8EMvzjvSLsJSzrsmZgv2gT,3566520,0.00356652,384
vault,Vau1t6sLNxnzB7ZDsef8TLbPLfyZMYXH8WTNqUdm9g8,J2YSioCGdiga6tBRX6jKQQ7kjiVXuGPWuixsWBfJpCyL,3563520,0.00356352,384
vault,Vau1t6sLNxnzB7ZDsef8TLbPLfyZMYXH8WTNqUdm9g8,333kDZeuvWQYJHdwKB8CmqfatSjdp2H4s9sa5tZsTGnn,3563520,0.00356352,384
vault,Vau1t6sLNxnzB7ZDsef8TLbPLfyZMYXH8WTNqUdm9g8,9vkukMZufxGVMo5AZ8aJXqBjd3WEd1EqVKg3gstnk6BY,3563520,0.00356352,384
vault,Vau1t6sLNxnzB7ZDsef8TLbPLfyZMYXH8WTNqUdm9g8,sZUfebRXZuyZ2yZD8691UntQu1avUkxtnCF2cbeJoUg,3563520,0.00356352,384
vault,Vau1t6sLNxnzB7ZDsef8TLbPLfyZMYXH8WTNqUdm9g8,Fx8AR3FVRDNZNsT3sM7z2y2nWFMoijScKH3se52auVr3,3563520,0.00356352,384
vault,Vau1t6sLNxnzB7ZDsef8TLbPLfyZMYXH8WTNqUdm9g8,PafDez6GspiEPHuuxGda7YnMagGgDaHzuDhjqjryiNk,3563520,0.00356352,384
vault,Vau1t6sLNxnzB7ZDsef8TLbPLfyZMYXH8WTNqUdm9g8,AaUB35mSLfJx8gZALe7zjifTTmjmYW3d65HnT3f6xusu,3563520,0.00356352,384
vault,Vau1t6sLNxnzB7ZDsef8TLbPLfyZMYXH8WTNqUdm9g8,8PFuVMo1RXte1vgPiQhMZ2ddz4VpxNXNgpNLToEqJYdu,3563520,0.00356352,384
vault,Vau1t6sLNxnzB7ZDsef8TLbPLfyZMYXH8WTNqUdm9g8,6wWDS1RYij5E5hNM3MDGJviztJcnCNbWJU3BhznLQEqE,3563520,0.00356352,384
vault,Vau1t6sLNxnzB7ZDsef8TLbPLfyZMYXH8WTNqUdm9g8,6XNVSWnyx5Q5JaorAnp5c1tisemAPMyKM1Rq9LSfppbk,3563520,0.00356352,384
vault,Vau1t6sLNxnzB7ZDsef8TLbPLfyZMYXH8WTNqUdm9g8,3hckuH1Trvbn6wQHDKMYrM54ZTnoyoeNWmcaujZ2wk8Z,8623440,0.00862344,1111
vault,Vau1t6sLNxnzB7ZDsef8TLbPLfyZMYXH8WTNqUdm9g8,7SHKcG9iGWqfFPBiNfwsiTLgNwnRxgDtsDG9Hy9vgKtH,3563520,0.00356352,384
vault,Vau1t6sLNxnzB7ZDsef8TLbPLfyZMYXH8WTNqUdm9g8,DMRXFASkRSueZvVywMPcB6D2ELLEuBVKb8BvGxE5YYrs,3563520,0.00356352,384
vault,Vau1t6sLNxnzB7ZDsef8TLbPLfyZMYXH8WTNqUdm9g8,98GuLqFUZDFduMS5KRCTp9pipdy6MS2NHdJg3wYZL8xv,3563520,0.00356352,384
vault,Vau1t6sLNxnzB7ZDsef8TLbPLfyZMYXH8WTNqUdm9g8,9WKpXD7mdntZHJhmf3XhEHgms8cPa7gcdgjY265B1SE2,3563520,0.00356352,384
vault,Vau1t6sLNxnzB7ZDsef8TLbPLfyZMYXH8WTNqUdm9g8,pPCpiaM3UGsWihz8fFXLmMQy76uonGvWZPyrPDNTVHe,3563520,0.00356352,384
vault,Vau1t6sLNxnzB7ZDsef8TLbPLfyZMYXH8WTNqUdm9g8,A2JxMSjcPnst3aByPDUUhMavosFY9r1Y8sX4vTq3eS3P,3563520,0.00356352,384
vault,Vau1t6sLNxnzB7ZDsef8TLbPLfyZMYXH8WTNqUdm9g8,7KmXBbNvp9bXwTfkFFL398YdHjzXesYUsUsktwsLkFF5,3563520,0.00356352,384
vault,Vau1t6sLNxnzB7ZDsef8TLbPLfyZMYXH8WTNqUdm9g8,5KsjY87mutnLgW6aTtUpem1o23eBWU4vXkD7MRX1HhDM,3563520,0.00356352,384
vault,Vau1t6sLNxnzB7ZDsef8TLbPLfyZMYXH8WTNqUdm9g8,4JRYLSNvzSBPGcNEfxjbWK3cuZook94bAGzZfVEkMmSU,3563520,0.00356352,384
vault,Vau1t6sLNxnzB7ZDsef8TLbPLfyZMYXH8WTNqUdm9g8,AkQJjdwkB4mQZHwmfsPiSPtyGuzvw9r2YAptrSLrzEKb,3563520,0.00356352,384
vault,Vau1t6sLNxnzB7ZDsef8TLbPLfyZMYXH8WTNqUdm9g8,HUALA4qicNQEQJqTGsbBDutFdgVgQFf35TFoEKNbWZSz,3563520,0.00356352,384
vault,Vau1t6sLNxnzB7ZDsef8TLbPLfyZMYXH8WTNqUdm9g8,CuSED4PMF3ZT2oohaEFrutdJnPVoKF7PkdBb9ukdjqRE,3563520,0.00356352,384
vault,Vau1t6sLNxnzB7ZDsef8TLbPLfyZMYXH8WTNqUdm9g8,9nLL2ug7aML37XjPurMYXL2xaj41C5JvqXsPB5jGhnhi,3563520,0.00356352,384
vault,Vau1t6sLNxnzB7ZDsef8TLbPLfyZMYXH8WTNqUdm9g8,EaMYtEizWjZomgmADPcA1QsnXXw7jEJefVwy7CA8FRfV,5289600,0.0052896,632
vault,Vau1t6sLNxnzB7ZDsef8TLbPLfyZMYXH8WTNqUdm9g8,Cv7RFzGYNZmP5XFPcCc8Lfjr555872yxL2ffC12tBDb1,5289600,0.0052896,632
vault,Vau1t6sLNxnzB7ZDsef8TLbPLfyZMYXH8WTNqUdm9g8,7PB7tEKo1DxbQuskA87UwteVCzKacwHVF7w65EgD9xox,3563520,0.00356352,384
vault,Vau1t6sLNxnzB7ZDsef8TLbPLfyZMYXH8WTNqUdm9g8,CugziSqZXcUStNPXbtRmq6atsrHqWY2fH2tAhsyApQrV,30113926663,30.113926663,1111
vault,Vau1t6sLNxnzB7ZDsef8TLbPLfyZMYXH8WTNqUdm9g8,9AcgNr2e4NyfdJmvwPXEFaQqafTRz7itqFJizNtFZR2K,3563520,0.00356352,384
vault,Vau1t6sLNxnzB7ZDsef8TLbPLfyZMYXH8WTNqUdm9g8,Fr98V15DbcRfo7tG3JyLwqNR7bnt7TSqy2u4Gr8vGAHJ,3563520,0.00356352,384
vault,Vau1t6sLNxnzB7ZDsef8TLbPLfyZMYXH8WTNqUdm9g8,EQJ77mrMKLdCTmQFi1nT6y9LwMCe2utm6eQNixJ7seCn,3563520,0.00356352,384
vault,Vau1t6sLNxnzB7ZDsef8TLbPLfyZMYXH8WTNqUdm9g8,BPARku161LXcxRkaTTEwsZZQ9843gtqz1PvU4Kmon1Uv,3563520,0.00356352,384
vault,Vau1t6sLNxnzB7ZDsef8TLbPLfyZMYXH8WTNqUdm9g8,6u42JyhtLdUPicPrT8v9KCSpWZRKTcmidweCz4UghY74,3563520,0.00356352,384
vault,Vau1t6sLNxnzB7ZDsef8TLbPLfyZMYXH8WTNqUdm9g8,77RnTWgPyGQ4WUcWFWRDmVmDT6u9vEErd33eaQnmZNjU,3563520,0.00356352,384
vault,Vau1t6sLNxnzB7ZDsef8TLbPLfyZMYXH8WTNqUdm9g8,2rQ8pESZ5joqGdLtH7dhZ9597ftCKBMTQPvTxmPzMuvD,3563520,0.00356352,384
vault,Vau1t6sLNxnzB7ZDsef8TLbPLfyZMYXH8WTNqUdm9g8,CrVPyazKvnmiirhDZoNCBf54bbDGHLkFUnuHJLR3myuC,3563520,0.00356352,384
vault,Vau1t6sLNxnzB7ZDsef8TLbPLfyZMYXH8WTNqUdm9g8,G4HGKGimebC9v5PTNGJySMDybyN8CZx4Wms2xUrAcANQ,3563520,0.00356352,384
vault,Vau1t6sLNxnzB7ZDsef8TLbPLfyZMYXH8WTNqUdm9g8,5FdiaqEorN8KoQR5BrG9ugne2pY9DE7KXnbDdHgDgFwh,3563520,0.00356352,384
vault,Vau1t6sLNxnzB7ZDsef8TLbPLfyZMYXH8WTNqUdm9g8,k9VtW3z1jU9k9fGpmhPa4oif7wRSaTRthCcwSGnJW9b,5289600,0.0052896,632
vault,Vau1t6sLNxnzB7ZDsef8TLbPLfyZMYXH8WTNqUdm9g8,TB92qgy6VoWmzafPkbkeKFfVudgQ65tZijzRfyZJJMy,8623440,0.00862344,1111
vault,Vau1t6sLNxnzB7ZDsef8TLbPLfyZMYXH8WTNqUdm9g8,GykabGZGnD8BfEKUxE6dzHda1ToZWd6rYUiPWdoKLrWC,3563520,0.00356352,384
vault,Vau1t6sLNxnzB7ZDsef8TLbPLfyZMYXH8WTNqUdm9g8,2vW12nfszrfs21AxpHCKFD4BhEphag7Adz42KeKePw3Z,3563520,0.00356352,384
vault,Vau1t6sLNxnzB7ZDsef8TLbPLfyZMYXH8WTNqUdm9g8,4cuyeSBQP6G7RSfTg5Rz7fKsMSa5bNnE2nFqgYo2ZaEo,3563520,0.00356352,384
vault,Vau1t6sLNxnzB7ZDsef8TLbPLfyZMYXH8WTNqUdm9g8,A8qi1tYd5jj9F1giaMpT9gEwWHAWypPBUCeCuBdxoDmB,3563520,0.00356352,384
vault,Vau1t6sLNxnzB7ZDsef8TLbPLfyZMYXH8WTNqUdm9g8,z6NL4jJVKq9nANoGoy2BiVWRoTpSmStHMdFcUwZeDUY,3563520,0.00356352,384
vault,Vau1t6sLNxnzB7ZDsef8TLbPLfyZMYXH8WTNqUdm9g8,2ruyj1iL6HLzCD7zNXAMVeYdV7mWqn7LrhtCZsdxB2X9,3563520,0.00356352,384
vault,Vau1t6sLNxnzB7ZDsef8TLbPLfyZMYXH8WTNqUdm9g8,7xuthfg3ddHutPZYPM6DUjk7gLULyKYi3a3ZvM386y7N,3563521,0.003563521,384
vault,Vau1t6sLNxnzB7ZDsef8TLbPLfyZMYXH8WTNqUdm9g8,3ErLmsEES49Hx1RBugq58dpT5ShmTnVd5caPfqM1LPCR,3563520,0.00356352,384
vault,Vau1t6sLNxnzB7ZDsef8TLbPLfyZMYXH8WTNqUdm9g8,CLYtxwQkmKp19c6tgkWP5q4j1xyhBBuGoj39pzEZ9Vsa,3563520,0.00356352,384
vault,Vau1t6sLNxnzB7ZDsef8TLbPLfyZMYXH8WTNqUdm9g8,3uxzH7nWhJeZA6tSejSCT89TXDU3hRKTbpXmwZoTQaUL,3563520,0.00356352,384
vault,Vau1t6sLNxnzB7ZDsef8TLbPLfyZMYXH8WTNqUdm9g8,BpzgTmQmtMkCEkso1bcCEBd2L6a1QzS4MRvbscX1vhcG,3563520,0.00356352,384
vault,Vau1t6sLNxnzB7ZDsef8TLbPLfyZMYXH8WTNqUdm9g8,GdEhhiptCuiNSziobNW4Hst4UxmZakDjDn9XvBNnoaq5,3563520,0.00356352,384
vault,Vau1t6sLNxnzB7ZDsef8TLbPLfyZMYXH8WTNqUdm9g8,AVAYQceJyb1zpoqSNq6yr8A2xVhBereJpvE7q5X1PRt4,3563520,0.00356352,384
vault,Vau1t6sLNxnzB7ZDsef8TLbPLfyZMYXH8WTNqUdm9g8,AGaEqv9LdR2T42ANWuo37MtQhYwn4NaJSuApkhsZPRak,3563520,0.00356352,384
vault,Vau1t6sLNxnzB7ZDsef8TLbPLfyZMYXH8WTNqUdm9g8,ECigL4eaZFo5oBAFFQdiJSCE4rZ7JCTZHuGcQbwFkRJs,3563520,0.00356352,384
vault,Vau1t6sLNxnzB7ZDsef8TLbPLfyZMYXH8WTNqUdm9g8,Eo8gDyUR239cCy3PCf17mFBCawFQNbNugKrtJQN8cdkM,3563520,0.00356352,384
vault,Vau1t6sLNxnzB7ZDsef8TLbPLfyZMYXH8WTNqUdm9g8,2wNSM4o2wujZQKq7ARycaakrBosfQmynnzw4XKBjRSyk,3563520,0.00356352,384
vault,Vau1t6sLNxnzB7ZDsef8TLbPLfyZMYXH8WTNqUdm9g8,2ok5xuU5eBCCMTkev5ySNGdLYJAcHuAkCELy2BDGwiiT,5289600,0.0052896,632
vault,Vau1t6sLNxnzB7ZDsef8TLbPLfyZMYXH8WTNqUdm9g8,7TQTe5Ks21P8ixtSPdsUF4Shgwd1doAPz8DcKFSzsFEt,3563520,0.00356352,384
vault,Vau1t6sLNxnzB7ZDsef8TLbPLfyZMYXH8WTNqUdm9g8,3ompqV2QwARwGLbdfJ17Q38iDYBZkr4Mmfkj27K1bYPM,3563520,0.00356352,384
vault,Vau1t6sLNxnzB7ZDsef8TLbPLfyZMYXH8WTNqUdm9g8,HCBs6789Ais7N18Rir7TQdRYXfntdVDRBJcZ9YvqMDrt,3563520,0.00356352,384
vault,Vau1t6sLNxnzB7ZDsef8TLbPLfyZMYXH8WTNqUdm9g8,GAbebGjXE52rM4LRwecDK6vRJxHXJuDx65G2iwYJQiGR,3563520,0.00356352,384
vault,Vau1t6sLNxnzB7ZDsef8TLbPLfyZMYXH8WTNqUdm9g8,EPBWFvcVCkwGtthsrhdcRxrV1csrYXKpj98cfTUzqiSB,3563520,0.00356352,384
vault,Vau1t6sLNxnzB7ZDsef8TLbPLfyZMYXH8WTNqUdm9g8,8EM3N4SSkEj7tuXA6JAenBDttLJzqjRLKLs5ebv8vHsu,3563520,0.00356352,384
vault,Vau1t6sLNxnzB7ZDsef8TLbPLfyZMYXH8WTNqUdm9g8,8EYwQe2wUNNTatXWCJSMme4jJKme6dLvk3en7aASEcgk,3563520,0.00356352,384
vault,Vau1t6sLNxnzB7ZDsef8TLbPLfyZMYXH8WTNqUdm9g8,FHbEJe1yspSrVjcbLsWQpjSG1WgMtAG9hC6CioV2Sej2,3563520,0.00356352,384
vault,Vau1t6sLNxnzB7ZDsef8TLbPLfyZMYXH8WTNqUdm9g8,XGeCxCuHedQJejPoudKAZCmeDJvLwsjMotDNA2nyTCz,3563520,0.00356352,384
vault,Vau1t6sLNxnzB7ZDsef8TLbPLfyZMYXH8WTNqUdm9g8,DwG2JfC8iwXqQHX4dFR3REyeSWqd4Qsd88jHcxCogdpJ,3563520,0.00356352,384
vault,Vau1t6sLNxnzB7ZDsef8TLbPLfyZMYXH8WTNqUdm9g8,ACXTmn2qVPdgcQhguz4pvShWbnJ39YB8jEMmJaZgP822,3563520,0.00356352,384
vault,Vau1t6sLNxnzB7ZDsef8TLbPLfyZMYXH8WTNqUdm9g8,FSVHFBW78G9qvHBz5jijpAiVK7qZ1k3VM6PLuNVFHCMN,3563520,0.00356352,384
vault,Vau1t6sLNxnzB7ZDsef8TLbPLfyZMYXH8WTNqUdm9g8,GsBGLdJBJt9TgrBcD3oK11UPNupm4hfPwZawA3hQVkHm,3563520,0.00356352,384
vault,Vau1t6sLNxnzB7ZDsef8TLbPLfyZMYXH8WTNqUdm9g8,Bd83XV26c6jubEBQX4ofKRvY3dJtNqjbABYEDyuaErGV,3563520,0.00356352,384
vault,Vau1t6sLNxnzB7ZDsef8TLbPLfyZMYXH8WTNqUdm9g8,8zA7YFwkAgi4gQs1e6CesLA9diR2Xkr6SoXxV1J61199,3563520,0.00356352,384
vault,Vau1t6sLNxnzB7ZDsef8TLbPLfyZMYXH8WTNqUdm9g8,4nAb95rZpAtcEZUHGuPS4Fr23pBfLGjdHkybmCAG6ABy,3563520,0.00356352,384
vault,Vau1t6sLNxnzB7ZDsef8TLbPLfyZMYXH8WTNqUdm9g8,E8ATnGmkYYrLGU4Ydoco7hzUC9KF4xrfuPayKioRmLWc,3563520,0.00356352,384
vault,Vau1t6sLNxnzB7ZDsef8TLbPLfyZMYXH8WTNqUdm9g8,Exy3StAFM7pVunUuMrEnKgcutPbWfU335xQHPkSTdaB5,3563520,0.00356352,384
vault,Vau1t6sLNxnzB7ZDsef8TLbPLfyZMYXH8WTNqUdm9g8,p7h2iqDKTqfSZ7DcszSaVsPg69gKmdjJEYQXRKacX6r,3563520,0.00356352,384
vault,Vau1t6sLNxnzB7ZDsef8TLbPLfyZMYXH8WTNqUdm9g8,AoGmGyWtCr5qcYTZyxjfLgoiBVfVL8dmPvEWSHcLsuBZ,3563520,0.00356352,384
vault,Vau1t6sLNxnzB7ZDsef8TLbPLfyZMYXH8WTNqUdm9g8,DNhC4gPKQSPBfSVQgwuPpQLTaZfqYzozdctXXztg5Q3e,3563520,0.00356352,384
vault,Vau1t6sLNxnzB7ZDsef8TLbPLfyZMYXH8WTNqUdm9g8,2LvCuhuFwfWkZspCsqar31hKAusq9yB5pDuB8Gu7QNKj,3563520,0.00356352,384
vault,Vau1t6sLNxnzB7ZDsef8TLbPLfyZMYXH8WTNqUdm9g8,sX9x5G4svv3SXn4MN2qnehGzq3qoUkwxKcSupNLwHSR,3563520,0.00356352,384
vault,Vau1t6sLNxnzB7ZDsef8TLbPLfyZMYXH8WTNqUdm9g8,9ksFxbc128nk7StubtVVFjtxQzBmL4WErS1B4K1DjFgW,3563520,0.00356352,384
vault,Vau1t6sLNxnzB7ZDsef8TLbPLfyZMYXH8WTNqUdm9g8,BP7YoB8CVX81Fh5xqJiE2PxZBmJxea9KdBDzdRLDHMxJ,3563520,0.00356352,384
vault,Vau1t6sLNxnzB7ZDsef8TLbPLfyZMYXH8WTNqUdm9g8,3ReceTS3XSFsPekhut4KE7RbLhmt96HGhATeqEs2WCCv,3563520,0.00356352,384
vault,Vau1t6sLNxnzB7ZDsef8TLbPLfyZMYXH8WTNqUdm9g8,D1ho86hS5iPGzjU4NRQijnCekHiArjoKubRjmRsBGr8W,3563520,0.00356352,384
vault,Vau1t6sLNxnzB7ZDsef8TLbPLfyZMYXH8WTNqUdm9g8,ftbA2SzPhVvsf4rnkGCdJDmrcEeV8jipFCT8wt2pHYc,5289600,0.0052896,632
vault,Vau1t6sLNxnzB7ZDsef8TLbPLfyZMYXH8WTNqUdm9g8,4RSJRLq984M8PrvW2UYwGrLvyAJaQNppdoxDPwGYM7BX,3563520,0.00356352,384
vault,Vau1t6sLNxnzB7ZDsef8TLbPLfyZMYXH8WTNqUdm9g8,6DCyRFnvRbcHMDrPNeX9pWk6tHhAgrVUrs4686ifLPqx,3563520,0.00356352,384
vault,Vau1t6sLNxnzB7ZDsef8TLbPLfyZMYXH8WTNqUdm9g8,97cuH1F4z5tQCrorfLwbMbg5CBP47MLfeCqXteb8bhZ8,3563520,0.00356352,384
vault,Vau1t6sLNxnzB7ZDsef8TLbPLfyZMYXH8WTNqUdm9g8,4BN3gBozGrZXq1vrS87GRBScprfuUTPq9uHf5M7e8sq2,3563520,0.00356352,384
vault,Vau1t6sLNxnzB7ZDsef8TLbPLfyZMYXH8WTNqUdm9g8,2X8v3Tc5HGMLMmAN3ZNFrRic4Gu81KwtQaecrqAr1PPG,3563520,0.00356352,384
vault,Vau1t6sLNxnzB7ZDsef8TLbPLfyZMYXH8WTNqUdm9g8,5nGYKRHNCsbpm9ozxzXUbMsRgWVbnfF1rtqMgzoQ6J7T,3563520,0.00356352,384
vault,Vau1t6sLNxnzB7ZDsef8TLbPLfyZMYXH8WTNqUdm9g8,666GG4VPVULq4RvmXEYKFP45H7Z8hiUPSjQepZJkJPLG,3563520,0.00356352,384
vault,Vau1t6sLNxnzB7ZDsef8TLbPLfyZMYXH8WTNqUdm9g8,7PohWhMGquUwzByFZTR9ECHHhyc9pYK5XHpJqwQSkdyg,3563520,0.00356352,384
vault,Vau1t6sLNxnzB7ZDsef8TLbPLfyZMYXH8WTNqUdm9g8,HR1ANmDHjaEhknvsTaK48M5xZtbBiwNdXM5NTiWhAb4S,8634440,0.00863444,1111
vault,Vau1t6sLNxnzB7ZDsef8TLbPLfyZMYXH8WTNqUdm9g8,3yqtr9B8Z7R5JSoP2XzMvdUPAirAcx6m1p3XVqdZKFY9,3563520,0.00356352,384
vault,Vau1t6sLNxnzB7ZDsef8TLbPLfyZMYXH8WTNqUdm9g8,DVsB9JLixRz2KpZah1xmE43kpwsgiEKKALQUNL1gT2mV,3563520,0.00356352,384
vault,Vau1t6sLNxnzB7ZDsef8TLbPLfyZMYXH8WTNqUdm9g8,B7NLojwy7XC4i55ZvstUBrPsjMWau6j7kAdwNXayKhUd,3563520,0.00356352,384
vault,Vau1t6sLNxnzB7ZDsef8TLbPLfyZMYXH8WTNqUdm9g8,BjSKYM52JH1Pg5r4BdJBSZbgdz8djr1oZnW2nL5ihYqD,3563520,0.00356352,384
vault,Vau1t6sLNxnzB7ZDsef8TLbPLfyZMYXH8WTNqUdm9g8,G1CJFCYmf2Wi7KWd4T5GpCJqxHqPMc73h8efUm8whaY3,3563520,0.00356352,384
vault,Vau1t6sLNxnzB7ZDsef8TLbPLfyZMYXH8WTNqUdm9g8,H12JdgYRnWokYMdVpM6b6tW6z6Wp7VfXhWKK7GswELxk,3563520,0.00356352,384
vault,Vau1t6sLNxnzB7ZDsef8TLbPLfyZMYXH8WTNqUdm9g8,HWqdMhB2pYA2nufm35bGLd4c8quiTzFYSnFiwfaCyRMj,3563520,0.00356352,384
vault,Vau1t6sLNxnzB7ZDsef8TLbPLfyZMYXH8WTNqUdm9g8,8FA5wMDwBaJttbB2vfAd1xhQ6eFyvv7eh9oVefqeaHWy,3563520,0.00356352,384
vault,Vau1t6sLNxnzB7ZDsef8TLbPLfyZMYXH8WTNqUdm9g8,BByGyLdMU7zU3FW9LhgTgrbxd9Qig5cUaSSWLpCQVFEL,3563520,0.00356352,384
vault,Vau1t6sLNxnzB7ZDsef8TLbPLfyZMYXH8WTNqUdm9g8,28hu7b7Hp5QQTPr1SmsaKr54T9GphYssd2UgRcH5oPu2,3563520,0.00356352,384
vault,Vau1t6sLNxnzB7ZDsef8TLbPLfyZMYXH8WTNqUdm9g8,Cvim1UGmhMudLectH7PMMFssLd1snGCFRqtznzHVaS6U,3563520,0.00356352,384
vault,Vau1t6sLNxnzB7ZDsef8TLbPLfyZMYXH8WTNqUdm9g8,7biDAhzjj2c5JQZasaThezu78e9rNwnDDkKUTAfuSv7A,3563520,0.00356352,384
vault,Vau1t6sLNxnzB7ZDsef8TLbPLfyZMYXH8WTNqUdm9g8,3ncqR1No5ogNrjiFFrcqCoWg4R2FXPWk54fKi9s2HFvm,3563520,0.00356352,384
vault,Vau1t6sLNxnzB7ZDsef8TLbPLfyZMYXH8WTNqUdm9g8,BwT7mQq58SLZjJJJpfDsFhd6pBu7yx7HzjbLDMYTkcbX,3563520,0.00356352,384
vault,Vau1t6sLNxnzB7ZDsef8TLbPLfyZMYXH8WTNqUdm9g8,4PxRiJnfRDceYmUiuB1zvNTz5eBjs16qhLvVB18yqh9h,3563520,0.00356352,384
vault,Vau1t6sLNxnzB7ZDsef8TLbPLfyZMYXH8WTNqUdm9g8,AucW24qBvKAtH9zp2YvDLhe6JFYsiKzxuCZ52Ag5iM6y,3563520,0.00356352,384
vault,Vau1t6sLNxnzB7ZDsef8TLbPLfyZMYXH8WTNqUdm9g8,6Q1S3d5dSZ7ig6RpNfR3dHmmQp5jJfnQKww75FLhgrr7,3563520,0.00356352,384
vault,Vau1t6sLNxnzB7ZDsef8TLbPLfyZMYXH8WTNqUdm9g8,4X2ZnsXaFnhzduyAguQZxB946SBoNq3CUm8qu8uqPaCN,3563520,0.00356352,384
vault,Vau1t6sLNxnzB7ZDsef8TLbPLfyZMYXH8WTNqUdm9g8,EZR1AryrT9QhHZSm6mtvQnNMVA6GJ9xA1eXNtSvEtvtV,3563520,0.00356352,384
vault,Vau1t6sLNxnzB7ZDsef8TLbPLfyZMYXH8WTNqUdm9g8,A4hWDvkJDEZUbpoNb72TrwQF5Ws6KQvswNcnD1jRumtK,3563520,0.00356352,384
vault,Vau1t6sLNxnzB7ZDsef8TLbPLfyZMYXH8WTNqUdm9g8,Gen1bK93y5mivWWk6jN4iVsh7ZPX2kZvLTvMwUpEt6VN,3563520,0.00356352,384
vault,Vau1t6sLNxnzB7ZDsef8TLbPLfyZMYXH8WTNqUdm9g8,GpG1WporPKXd2UFQANjz1JgQrZ5UxKhJkoh4KbxPkNEB,3563520,0.00356352,384
vault,Vau1t6sLNxnzB7ZDsef8TLbPLfyZMYXH8WTNqUdm9g8,Eg51WQPB9MNtibdBY7J5esQrmkY9GafCDSqgnxp9DQjQ,3563520,0.00356352,384
vault,Vau1t6sLNxnzB7ZDsef8TLbPLfyZMYXH8WTNqUdm9g8,gZw8LdEDS987w46XTNwWw7mQk3ba9vs5FWdZQ6FAWMD,3563520,0.00356352,384
vault,Vau1t6sLNxnzB7ZDsef8TLbPLfyZMYXH8WTNqUdm9g8,FL3aRBNrqBah96HyLSzJztm1PErV8rexzc6thwin2AmB,3563520,0.00356352,384
vault,Vau1t6sLNxnzB7ZDsef8TLbPLfyZMYXH8WTNqUdm9g8,GZ2fdJtXWjcHMbd3Nc1sZTKrAVHu7pHgLsbWaQjgbGk7,3563520,0.00356352,384
vault,Vau1t6sLNxnzB7ZDsef8TLbPLfyZMYXH8WTNqUdm9g8,qDUZ97PwJo9PzyEf5ehLmMozJ9Zgg9E5PeeGBmQsf9s,3563520,0.00356352,384
vault,Vau1t6sLNxnzB7ZDsef8TLbPLfyZMYXH8WTNqUdm9g8,GKSpnvMbEQaRejYLD6iFJDVe6biQHNL8YzSKYaasGF99,5289600,0.0052896,632
vault,Vau1t6sLNxnzB7ZDsef8TLbPLfyZMYXH8WTNqUdm9g8,4Pio4KcbCAwi1chBcCYqEznbh5By3Ch9ygHe1gaX11Bh,3563520,0.00356352,384
vault,Vau1t6sLNxnzB7ZDsef8TLbPLfyZMYXH8WTNqUdm9g8,F5FUvWe3hKjTQ8uAZN5D5fGonYBvXdiqEdkGHJEfK1LD,3563520,0.00356352,384
vault,Vau1t6sLNxnzB7ZDsef8TLbPLfyZMYXH8WTNqUdm9g8,8RBxyHd7z3e78Ekw9dLxwwRmVLz3rdUizdpVQSGNL69K,3563520,0.00356352,384
vault,Vau1t6sLNxnzB7ZDsef8TLbPLfyZMYXH8WTNqUdm9g8,1Xkeh65BkrB8Kaqu3G6AnPcbxy4CXZttXPdQvK4Bbb2,3563520,0.00356352,384
vault,Vau1t6sLNxnzB7ZDsef8TLbPLfyZMYXH8WTNqUdm9g8,GsbiBbjvsfpVqtDeYYaF9T64X1mzeHxafUQE3guGNQo5,3563520,0.00356352,384
vault,Vau1t6sLNxnzB7ZDsef8TLbPLfyZMYXH8WTNqUdm9g8,8roKkLragp1WPKSGMxBfE7hsaSKzj4FDP44EM2TQDCun,3563520,0.00356352,384
vault,Vau1t6sLNxnzB7ZDsef8TLbPLfyZMYXH8WTNqUdm9g8,J5KDBvCFPnUbdajyFzTjwEW75NE2i1GU6csEzYC4jcwF,3563520,0.00356352,384
vault,Vau1t6sLNxnzB7ZDsef8TLbPLfyZMYXH8WTNqUdm9g8,8PVkjFf5sehF6eTzxyYL7bZD12Z44LM7Z4hDmMCmeTZK,3563520,0.00356352,384
vault,Vau1t6sLNxnzB7ZDsef8TLbPLfyZMYXH8WTNqUdm9g8,9Fo14ugir8Avg1N1Fhm5swvZvbvCheS3k1kpephtscN1,3563520,0.00356352,384
vault,Vau1t6sLNxnzB7ZDsef8TLbPLfyZMYXH8WTNqUdm9g8,DcPhGvQZQkx3y2GZhf3ooe4hyVAbJounAEFnujPk6EsU,3563520,0.00356352,384
vault,Vau1t6sLNxnzB7ZDsef8TLbPLfyZMYXH8WTNqUdm9g8,GLJs26oBnmuCtryF96bXxP8FVoL7uNRGwkAkjGqZHrWk,3563520,0.00356352,384
vault,Vau1t6sLNxnzB7ZDsef8TLbPLfyZMYXH8WTNqUdm9g8,5yUuJQ6taobz7f4LxBHHxsnRgGFR8P1PUySn9YzTYj7o,3563520,0.00356352,384
vault,Vau1t6sLNxnzB7ZDsef8TLbPLfyZMYXH8WTNqUdm9g8,935Q3MouFokVx1MuNN394Z8rskGxZJB2U3YL2PYUdQQF,3563520,0.00356352,384
vault,Vau1t6sLNxnzB7ZDsef8TLbPLfyZMYXH8WTNqUdm9g8,5ztHQUvQTssXch2RovXkQcYj7qYn8SKxuCEzQ4pjhNUK,3563520,0.00356352,384
vault,Vau1t6sLNxnzB7ZDsef8TLbPLfyZMYXH8WTNqUdm9g8,4rLUdf9fhzQGfEkkr9XraU6uBqXF4sNbGdvRCDQ4n8eN,3563520,0.00356352,384
vault,Vau1t6sLNxnzB7ZDsef8TLbPLfyZMYXH8WTNqUdm9g8,9eMGpUsP8uRHPXGprJr18bJ3qYnTsd2NHyzddoPYKQU4,3563520,0.00356352,384
vault,Vau1t6sLNxnzB7ZDsef8TLbPLfyZMYXH8WTNqUdm9g8,F3thg31xUsh7kxPDoNGeUyZJUUMnCNaf62CAeX1jik9C,3563520,0.00356352,384
vault,Vau1t6sLNxnzB7ZDsef8TLbPLfyZMYXH8WTNqUdm9g8,2D4Xe1UwfPxy2gFjxByd7kNeneVSHw5LoopYZp8daQw1,3563520,0.00356352,384
vault,Vau1t6sLNxnzB7ZDsef8TLbPLfyZMYXH8WTNqUdm9g8,9pgVuvhqPhcD7o4DujLXtmeJQbJyL2Z6qsAZRxekgTFW,3563520,0.00356352,384
vault,Vau1t6sLNxnzB7ZDsef8TLbPLfyZMYXH8WTNqUdm9g8,2ufcMCneTxfzTdifch2etHhe44DpGC8BmnuGW2P7kYhh,3563520,0.00356352,384
vault,Vau1t6sLNxnzB7ZDsef8TLbPLfyZMYXH8WTNqUdm9g8,3h3rTE3hMggSLRNhC5WQw317DwmtjcYL9e3V5wrTzZjB,3563520,0.00356352,384
vault,Vau1t6sLNxnzB7ZDsef8TLbPLfyZMYXH8WTNqUdm9g8,J1aeyENtaVLJR9EAbhBeSiAaDhAdbY6TTUKzV19VTeGE,3563520,0.00356352,384
vault,Vau1t6sLNxnzB7ZDsef8TLbPLfyZMYXH8WTNqUdm9g8,AA9CHRjUPxU9QFDqhmca1JMY8rxy2qUznqgnHbRTWF8w,3563520,0.00356352,384
vault,Vau1t6sLNxnzB7ZDsef8TLbPLfyZMYXH8WTNqUdm9g8,56jHGiLUWud6p6d8NqSeMK4ryK57c7f8DATJ543bdn6z,3563520,0.00356352,384
vault,Vau1t6sLNxnzB7ZDsef8TLbPLfyZMYXH8WTNqUdm9g8,4p1tuVn978LisqyXXivBhhd6HTwNhqLw8fWAPuQwewUV,3563520,0.00356352,384
vault,Vau1t6sLNxnzB7ZDsef8TLbPLfyZMYXH8WTNqUdm9g8,97u4NNK1SeuoDYPW9sRjQoQj2M28LzPHF1eXp3okJbAX,3563520,0.00356352,384
vault,Vau1t6sLNxnzB7ZDsef8TLbPLfyZMYXH8WTNqUdm9g8,8GQviba7vqNGLu8G2PpZK3LPdrnedGu4wauYweNsPZkc,3563520,0.00356352,384
vault,Vau1t6sLNxnzB7ZDsef8TLbPLfyZMYXH8WTNqUdm9g8,J2BgKyuciKqaXip1S7RoJRaHTheLgYx69bhDe3uhkrZG,3563520,0.00356352,384
vault,Vau1t6sLNxnzB7ZDsef8TLbPLfyZMYXH8WTNqUdm9g8,9qZfQVXshxsyHrZjyjUbxAmRT6kLzBhTkbZdwqSrat6v,3563520,0.00356352,384
vault,Vau1t6sLNxnzB7ZDsef8TLbPLfyZMYXH8WTNqUdm9g8,98HpSeMhQS9YdiWTz4W52ns2ek2gu6HhbLxBhgzRUmuo,3563520,0.00356352,384
vault,Vau1t6sLNxnzB7ZDsef8TLbPLfyZMYXH8WTNqUdm9g8,5ryrzLHHHXHQBVmHJ2XGH5Getic6Fc36qXM3gU7Fe1yq,3563520,0.00356352,384
vault,Vau1t6sLNxnzB7ZDsef8TLbPLfyZMYXH8WTNqUdm9g8,9B9rns5hcADtgzMjxuc1t6VFCGSqiF8kcQSrWcrm93m5,3563520,0.00356352,384
vault,Vau1t6sLNxnzB7ZDsef8TLbPLfyZMYXH8WTNqUdm9g8,B2XYt6dY4uQp9n6BR3EmSDHaKLnddhYfB2aJrzPg7zZr,3563520,0.00356352,384
vault,Vau1t6sLNxnzB7ZDsef8TLbPLfyZMYXH8WTNqUdm9g8,FRAX5Qi3eQhau5cQj67QraComSmgH3hPQha2QLhsh4aq,3563520,0.00356352,384
vault,Vau1t6sLNxnzB7ZDsef8TLbPLfyZMYXH8WTNqUdm9g8,i67DuP9aM97cJgK21T3FjctRW2xHcnaNYkGmgKTZjLE,3563520,0.00356352,384
vault,Vau1t6sLNxnzB7ZDsef8TLbPLfyZMYXH8WTNqUdm9g8,ALqxWycyGSEwZFZHjjLbP4N79742pGEk1aWLGwjr3JwB,8623440,0.00862344,1111
vault,Vau1t6sLNxnzB7ZDsef8TLbPLfyZMYXH8WTNqUdm9g8,FfmbzKVv6sepz2VX3pRLbDnEE3DExkc3ZUP9aBQVAAvq,3563520,0.00356352,384
vault,Vau1t6sLNxnzB7ZDsef8TLbPLfyZMYXH8WTNqUdm9g8,GAbZatqeCYD6TgjS5Sesgchmkx3n2bzrVswoTXXGit4n,3563520,0.00356352,384
vault,Vau1t6sLNxnzB7ZDsef8TLbPLfyZMYXH8WTNqUdm9g8,2P1MDXhyaAQJCC78YdURnzUBCBiqSgKjYJ93Kx9HJWXv,3563520,0.00356352,384
vault,Vau1t6sLNxnzB7ZDsef8TLbPLfyZMYXH8WTNqUdm9g8,423ttHaoCVr2RkHQ8Cxw741TLAgVAV6Z32m9oR1BYQii,3563520,0.00356352,384
vault,Vau1t6sLNxnzB7ZDsef8TLbPLfyZMYXH8WTNqUdm9g8,FtaB82tCtWSqkP4SBjesBp6BcWSWz8QBhWFaP9nXKjzq,3563520,0.00356352,384
vault,Vau1t6sLNxnzB7ZDsef8TLbPLfyZMYXH8WTNqUdm9g8,4dHrQA68khop9oBrDE662zAkrrQj4cb1VNdnjqsBtYrv,3619200,0.0036192,392
vault,Vau1t6sLNxnzB7ZDsef8TLbPLfyZMYXH8WTNqUdm9g8,LjFQZiRKV2S4z7BKAKPjHhmHXwxA4EZaHX3BkTfJxqk,3563520,0.00356352,384
vault,Vau1t6sLNxnzB7ZDsef8TLbPLfyZMYXH8WTNqUdm9g8,4ytSHN8HQcsGMtiW7zUShKUwr8TnEfWapMJbv8YMDDBp,3563520,0.00356352,384
vault,Vau1t6sLNxnzB7ZDsef8TLbPLfyZMYXH8WTNqUdm9g8,HE7YFP9yQiMDovicmwfj8npSvnyuqD8wgtpfjAv76VzE,3563520,0.00356352,384
vault,Vau1t6sLNxnzB7ZDsef8TLbPLfyZMYXH8WTNqUdm9g8,GXd77E6MepMhK9NoXp8fcqUYbkih1993Ju8dRr4qo2CJ,3563520,0.00356352,384
vault,Vau1t6sLNxnzB7ZDsef8TLbPLfyZMYXH8WTNqUdm9g8,CJYCJzF1f2BNHouW5Mj3XqzhNpHudS4tRvxwTnemaZrf,3563520,0.00356352,384
vault,Vau1t6sLNxnzB7ZDsef8TLbPLfyZMYXH8WTNqUdm9g8,6kFiXGPdQJfzksppXofRvC6huwDPkKAu5tVtY5tnnmY3,3563520,0.00356352,384
vault,Vau1t6sLNxnzB7ZDsef8TLbPLfyZMYXH8WTNqUdm9g8,hhPmQBb7eV4TGQFEQciFznotGJBaEyKF5wJyFCARsk3,3563520,0.00356352,384
vault,Vau1t6sLNxnzB7ZDsef8TLbPLfyZMYXH8WTNqUdm9g8,Bvc96nn6vXPWFKChdchPz7StUrBDfe4TxkwwNaGNpde8,3563520,0.00356352,384
vault,Vau1t6sLNxnzB7ZDsef8TLbPLfyZMYXH8WTNqUdm9g8,CTnX8NgaCN7Ud4LJK4xPdaNPRe9JNdpxpxNPA5DbA6wt,3563520,0.00356352,384
vault,Vau1t6sLNxnzB7ZDsef8TLbPLfyZMYXH8WTNqUdm9g8,EuYnis7fxKVyjMGcnANwfqSqYprZEf3Cw9DaBE6GkR52,3563520,0.00356352,384
vault,Vau1t6sLNxnzB7ZDsef8TLbPLfyZMYXH8WTNqUdm9g8,6CgEcVdYUZotRL6SfFTanabCAwbGg78SfHzLTvQHXrfC,3563520,0.00356352,384
vault,Vau1t6sLNxnzB7ZDsef8TLbPLfyZMYXH8WTNqUdm9g8,Da48BaRrLjJ5G4GSheVyRJiiHteGed2yBzZCT8qrX9we,5289600,0.0052896,632
vault,Vau1t6sLNxnzB7ZDsef8TLbPLfyZMYXH8WTNqUdm9g8,H7Hz5C4tseP9qoCPSEgWkkVca35SPbugdrqpEertit1q,3563520,0.00356352,384
vault,Vau1t6sLNxnzB7ZDsef8TLbPLfyZMYXH8WTNqUdm9g8,CKfPKCBJqiq9KcQpVGvuNHf7F8iqdSD8rMG6rXXzYmH,8623440,0.00862344,1111
vault,Vau1t6sLNxnzB7ZDsef8TLbPLfyZMYXH8WTNqUdm9g8,3RiowooysVtNvBAJykQoG2WanAW7iuaBnXZ17SWno9XE,5289600,0.0052896,632
vault,Vau1t6sLNxnzB7ZDsef8TLbPLfyZMYXH8WTNqUdm9g8,3GstMA13yKQuKeWSJCrcMMqobMYiNJarY2BkxnFWXCSE,3563520,0.00356352,384
vault,Vau1t6sLNxnzB7ZDsef8TLbPLfyZMYXH8WTNqUdm9g8,HDNR5rH6X4eQT26GJ8zEsjCNnURncvjxGMaFas7nQMMi,3563520,0.00356352,384
vault,Vau1t6sLNxnzB7ZDsef8TLbPLfyZMYXH8WTNqUdm9g8,4P9RgsDp3xKJHWJbshYYS3tWgRkcpKZeXP1BoDTJkrfU,3563520,0.00356352,384
vault,Vau1t6sLNxnzB7ZDsef8TLbPLfyZMYXH8WTNqUdm9g8,2oqFbjALj2yHsxKfDR9JZKD5LpnseodTYsbpehXzVmP2,3563520,0.00356352,384
vault,Vau1t6sLNxnzB7ZDsef8TLbPLfyZMYXH8WTNqUdm9g8,7HqKmh8Xk8Twi1bqcETj39njhNAVe5SKkGRAcUfLqtfq,3563520,0.00356352,384
vault,Vau1t6sLNxnzB7ZDsef8TLbPLfyZMYXH8WTNqUdm9g8,Ey6n53xcuKkT7edyLkqHKiYYuUHQzMFriPaFJRUpjMUQ,5289600,0.0052896,632
vault,Vau1t6sLNxnzB7ZDsef8TLbPLfyZMYXH8WTNqUdm9g8,8tjkTVudWuX56X6BxidXFnbymz9C9nMWFTswa64NhpFz,3563520,0.00356352,384
vault,Vau1t6sLNxnzB7ZDsef8TLbPLfyZMYXH8WTNqUdm9g8,78TtiXcLroh3AqboWfnJCKLb3xzERcdJEBuUZVAEUgz2,3563520,0.00356352,384
vault,Vau1t6sLNxnzB7ZDsef8TLbPLfyZMYXH8WTNqUdm9g8,6gcpzn6tqox99cnPCm9uMKw2NEDhpPEP2t8rbQRrGAxM,3563520,0.00356352,384
vault,Vau1t6sLNxnzB7ZDsef8TLbPLfyZMYXH8WTNqUdm9g8,Ea4LSprBKwyM3st956S7UArvNCiKP1cH9Bk7UJCbpc6x,3563520,0.00356352,384
vault,Vau1t6sLNxnzB7ZDsef8TLbPLfyZMYXH8WTNqUdm9g8,G3n3QTjQ94698cmLEYdmQUjhJfA3ipiEGxm2o6rwRi8w,3563520,0.00356352,384
vault,Vau1t6sLNxnzB7ZDsef8TLbPLfyZMYXH8WTNqUdm9g8,9aPdaD8uX89Feftc7XiHAjsAGrM6S2Vo5QueJtV4Yzqd,3563520,0.00356352,384
vault,Vau1t6sLNxnzB7ZDsef8TLbPLfyZMYXH8WTNqUdm9g8,EWAEmMrkfH2pZFY64iL5UE4MMDfF19QdBsaBFJGbKnMU,3563520,0.00356352,384
vault,Vau1t6sLNxnzB7ZDsef8TLbPLfyZMYXH8WTNqUdm9g8,2TRqB8gc5n2vBC8BUPHpZQdavG1AgG1W3yBeFnVNLuC5,3563520,0.00356352,384
vault,Vau1t6sLNxnzB7ZDsef8TLbPLfyZMYXH8WTNqUdm9g8,Gu6QeWyp9jruyWArDfHgcrau2Z6zKexxMBeA8jjd63Am,3563520,0.00356352,384
vault,Vau1t6sLNxnzB7ZDsef8TLbPLfyZMYXH8WTNqUdm9g8,62VPaavHGUKguouEa9JQ7kmRm8u4ZGnNaiySbPcgxSV7,3563520,0.00356352,384
vault,Vau1t6sLNxnzB7ZDsef8TLbPLfyZMYXH8WTNqUdm9g8,CTGZrYNTWhvi6kMQQhrG7J7cBvjBozmLzekzfswiLQAY,3563520,0.00356352,384
vault,Vau1t6sLNxnzB7ZDsef8TLbPLfyZMYXH8WTNqUdm9g8,J1DrUTLELPM9CxqDqnXj5qcRh8tMoHNTvDKTstqoqx3K,3563520,0.00356352,384
vault,Vau1t6sLNxnzB7ZDsef8TLbPLfyZMYXH8WTNqUdm9g8,Fes8yith8ChBCifsV3b4hB59JGpdpQWpM4Aa91CPHbdF,3563520,0.00356352,384
vault,Vau1t6sLNxnzB7ZDsef8TLbPLfyZMYXH8WTNqUdm9g8,7x21QvzkwA7m3Fk4v6QGPk5FrEdTx3Bcncet4XTuv2JN,8623440,0.00862344,1111
vault,Vau1t6sLNxnzB7ZDsef8TLbPLfyZMYXH8WTNqUdm9g8,4VMD8SzVzpjgeu5yZhj7rwxvB9Quqvwmdk2JoPgFqFky,3563520,0.00356352,384
vault,Vau1t6sLNxnzB7ZDsef8TLbPLfyZMYXH8WTNqUdm9g8,7WkvZa7Y81CYm2stt659weyjYwWisBNvF952cYY2WxyT,3563520,0.00356352,384
vault,Vau1t6sLNxnzB7ZDsef8TLbPLfyZMYXH8WTNqUdm9g8,2kaFspQSxfCi59HBUdYDA3jCSi4ZuiW8NUahHjM84QMC,3563520,0.00356352,384
vault,Vau1t6sLNxnzB7ZDsef8TLbPLfyZMYXH8WTNqUdm9g8,7Vf85N4pB45wvZrZbgJCooPCQvLfYr2w95z9AehvND2U,3563520,0.00356352,384
vault,Vau1t6sLNxnzB7ZDsef8TLbPLfyZMYXH8WTNqUdm9g8,3nKBm9n6LtXmrBNM3TLxbsFXd1m74tAW7k65sC5q7wBh,3563520,0.00356352,384
vault,Vau1t6sLNxnzB7ZDsef8TLbPLfyZMYXH8WTNqUdm9g8,Cun6NoQUSNNGeYB8Q9d5wpY2bAq9aw5Fe2Zv7oRBCV4K,3563520,0.00356352,384
vault,Vau1t6sLNxnzB7ZDsef8TLbPLfyZMYXH8WTNqUdm9g8,5mm66YUnuJThyn5r2ayWsN5tUTXi5CJeM92j3qGYsa7D,3563520,0.00356352,384
vault,Vau1t6sLNxnzB7ZDsef8TLbPLfyZMYXH8WTNqUdm9g8,3guDiPJr1s569NWcUgUE2RFmF8nbfqMfkRYmJPbkDaFR,3563520,0.00356352,384
vault,Vau1t6sLNxnzB7ZDsef8TLbPLfyZMYXH8WTNqUdm9g8,4RJEFQzBmjE8jp5SBXDHnU7GG7SKJbAoW43ted2EJ3hC,3563520,0.00356352,384
vault,Vau1t6sLNxnzB7ZDsef8TLbPLfyZMYXH8WTNqUdm9g8,GDCgrFigmm4b9zXy5QFsBaG65AZ3Uh4ZLeFtTc5i4AyC,3563520,0.00356352,384
vault,Vau1t6sLNxnzB7ZDsef8TLbPLfyZMYXH8WTNqUdm9g8,5r9zfo57ukPRzrwCEvpr8SYSDfxbhBEgXYkQVcHX4r1f,3563520,0.00356352,384
vault,Vau1t6sLNxnzB7ZDsef8TLbPLfyZMYXH8WTNqUdm9g8,BNaCJY1AJU7TYuDYfCUNwxQw7WEtvqpYefZfM98dpuda,3563520,0.00356352,384
vault,Vau1t6sLNxnzB7ZDsef8TLbPLfyZMYXH8WTNqUdm9g8,86bgVf6JZMViqCegLDkaYf6mfSueWbEvKJwckab5Bdto,3563520,0.00356352,384
vault,Vau1t6sLNxnzB7ZDsef8TLbPLfyZMYXH8WTNqUdm9g8,D7kDUBKSaXh8w6C3AzQcrrJ3wAZSjXy5VSajJHqSd88M,3563520,0.00356352,384
vault,Vau1t6sLNxnzB7ZDsef8TLbPLfyZMYXH8WTNqUdm9g8,6pcFU1bdp7FeNiCj6Sp51aYR8B1aTq4Y29bGtJmGBozv,3563520,0.00356352,384
vault,Vau1t6sLNxnzB7ZDsef8TLbPLfyZMYXH8WTNqUdm9g8,9SzP5ZEFB7xP2G5mn8htwkfQFhTBVQtTL1hy8axEY2Wb,3563520,0.00356352,384
vault,Vau1t6sLNxnzB7ZDsef8TLbPLfyZMYXH8WTNqUdm9g8,7EmeHbMjRqf7TxMqh8EhZUhXBkLcWMfFbqat7QfThjyY,3563520,0.00356352,384
vault,Vau1t6sLNxnzB7ZDsef8TLbPLfyZMYXH8WTNqUdm9g8,5MoimkUsqFHG2VumzzCXSaiQwPNFHyh3zFzuPd7aZWka,3563520,0.00356352,384
vault,Vau1t6sLNxnzB7ZDsef8TLbPLfyZMYXH8WTNqUdm9g8,4XAwxSBfTerMNekiW3aRwbLuavJFfVuUDdc7UsMG4NDx,3563520,0.00356352,384
vault,Vau1t6sLNxnzB7ZDsef8TLbPLfyZMYXH8WTNqUdm9g8,Hf3ZsNF6DJDF1SKYAmtHiEh7RH4JKrXqA3QvRY9Vb8bF,3563520,0.00356352,384
vault,Vau1t6sLNxnzB7ZDsef8TLbPLfyZMYXH8WTNqUdm9g8,AY3dSa44cFftLX8R2xBwao9sb2pQcFDAbe2iBi9RthXi,3563520,0.00356352,384
vault,Vau1t6sLNxnzB7ZDsef8TLbPLfyZMYXH8WTNqUdm9g8,Ep3wBivWViQwn9no4F35NscEynVsmcyoM5YKGV7b7Dmb,3563520,0.00356352,384
vault,Vau1t6sLNxnzB7ZDsef8TLbPLfyZMYXH8WTNqUdm9g8,CTeyzQxP2NK5d6Wobz8Yj2ZAjX2r2pH6Kc5d6VUqMic8,3563520,0.00356352,384
vault,Vau1t6sLNxnzB7ZDsef8TLbPLfyZMYXH8WTNqUdm9g8,4bWjaXXZ14BCuo5bAj9uYdXHFaTrpyTt9RNM6FAxACFj,3563520,0.00356352,384
vault,Vau1t6sLNxnzB7ZDsef8TLbPLfyZMYXH8WTNqUdm9g8,CufmriUnxMVQ6p5JkQstJW4SNjzzGuf363CzaAPj8BAt,3563520,0.00356352,384
vault,Vau1t6sLNxnzB7ZDsef8TLbPLfyZMYXH8WTNqUdm9g8,pcyhH3RT5RejXaFjc8XE7LQ1c9kWZib1VNmJQtb8TV4,3563520,0.00356352,384
vault,Vau1t6sLNxnzB7ZDsef8TLbPLfyZMYXH8WTNqUdm9g8,A4zHh39vwJZxfHPnRaUnEUTDB2izdvXBzSHvPPFGmrAc,3563520,0.00356352,384
vault,Vau1t6sLNxnzB7ZDsef8TLbPLfyZMYXH8WTNqUdm9g8,GeqstxJ6xdmpeLnGb2RoLzagkPAGi4Yi1Zs8eeYAM3vE,3563520,0.00356352,384
vault,Vau1t6sLNxnzB7ZDsef8TLbPLfyZMYXH8WTNqUdm9g8,DL9ECdwHZMdvG6KqHZjMNBmt5K18SEKrj7dorL5NTARE,3563520,0.00356352,384
vault,Vau1t6sLNxnzB7ZDsef8TLbPLfyZMYXH8WTNqUdm9g8,8koXfdWYWiksV5hZhY3aDCo7mJWja1fKWhNURENi1686,3563520,0.00356352,384
vault,Vau1t6sLNxnzB7ZDsef8TLbPLfyZMYXH8WTNqUdm9g8,6yzaLtk37mJuzao5i1xymDPbDvFxB9CqVUz5NepfYq9j,3563520,0.00356352,384
vault,Vau1t6sLNxnzB7ZDsef8TLbPLfyZMYXH8WTNqUdm9g8,DZEbcF52wPZKQ8uZRauZMuQto4E4kd6gBRcKTryVw7pM,3563520,0.00356352,384
vault,Vau1t6sLNxnzB7ZDsef8TLbPLfyZMYXH8WTNqUdm9g8,JAiQXn8MkY7PHDRqCH4aFX5RyLsMzuxPR5Pijg5MMeeW,3563520,0.00356352,384
vault,Vau1t6sLNxnzB7ZDsef8TLbPLfyZMYXH8WTNqUdm9g8,F1mXbjyZDePYmVfHC2DGmLUe4D3RSpQmue5m9kKnnetb,3563520,0.00356352,384
vault,Vau1t6sLNxnzB7ZDsef8TLbPLfyZMYXH8WTNqUdm9g8,AWGPpL3fgqb2ce3eetbaMHGYNmajSKCKJCUtfgXp9WFh,3563520,0.00356352,384
vault,Vau1t6sLNxnzB7ZDsef8TLbPLfyZMYXH8WTNqUdm9g8,14SQ45eJ4NRVKspJW7c8MknJaostsoAK4WVg1eATHZuH,5289600,0.0052896,632
vault,Vau1t6sLNxnzB7ZDsef8TLbPLfyZMYXH8WTNqUdm9g8,DG6VYYYyseDtv26UL66ygQCnLqkDcXLVNuo1xwpoXUcH,3563520,0.00356352,384
vault,Vau1t6sLNxnzB7ZDsef8TLbPLfyZMYXH8WTNqUdm9g8,GKntvav6oNCMTQdapzXkuz7AjFTY8gH6j1v9ppw3XVw6,3563520,0.00356352,384
vault,Vau1t6sLNxnzB7ZDsef8TLbPLfyZMYXH8WTNqUdm9g8,6HiNsnRkzW1pe22WsP7s7DWu4prfDphcbk4sPsAQVmUj,3563520,0.00356352,384
vault,Vau1t6sLNxnzB7ZDsef8TLbPLfyZMYXH8WTNqUdm9g8,E4XADQxf2Ykk76eAb8azdvuXj1YZuJGDhTwML5Vn69kC,3563520,0.00356352,384
vault,Vau1t6sLNxnzB7ZDsef8TLbPLfyZMYXH8WTNqUdm9g8,3Hf9yPjVSSWFPVMsQXthd3wSKfrNt3bw3q7GptvP1wgz,3563520,0.00356352,384
vault,Vau1t6sLNxnzB7ZDsef8TLbPLfyZMYXH8WTNqUdm9g8,rfkW3iUVskutxWBUMJUtLtWUegVuDM4wXspUr6hFyz3,3619200,0.0036192,392
vault,Vau1t6sLNxnzB7ZDsef8TLbPLfyZMYXH8WTNqUdm9g8,DDpKBCtYbz7eSPC8r7jDffH8RXHRDS51CiZfZpXLBHP6,3563520,0.00356352,384
vault,Vau1t6sLNxnzB7ZDsef8TLbPLfyZMYXH8WTNqUdm9g8,9E6A2EyY2tWb3pWQZFVBNTpwgY9AhRnKK8rg65CF6J3e,3563520,0.00356352,384
vault,Vau1t6sLNxnzB7ZDsef8TLbPLfyZMYXH8WTNqUdm9g8,6pJmciXWUcwuY27odT423vGdD1YMBMi7HwSDXoBMNKHt,3563520,0.00356352,384
vault,Vau1t6sLNxnzB7ZDsef8TLbPLfyZMYXH8WTNqUdm9g8,2cEiEwDtTJDEGwfPwEeY1vm1BaaPAq1MReK1njN8LsFf,3563520,0.00356352,384
vault,Vau1t6sLNxnzB7ZDsef8TLbPLfyZMYXH8WTNqUdm9g8,7xCZcpFuq7vCEHNNfhZZykD4FN9v6MPX2rVQNhL59QvY,3563520,0.00356352,384
vault,Vau1t6sLNxnzB7ZDsef8TLbPLfyZMYXH8WTNqUdm9g8,8zZoG5VHqxCZTG2w3M4NWncpqWaKND8GgdsbxuLYukuq,3563520,0.00356352,384
vault,Vau1t6sLNxnzB7ZDsef8TLbPLfyZMYXH8WTNqUdm9g8,98JeGuP3S3ESif5G5iD62etMvMmSXq2ueSnZTkgKMmCd,3563520,0.00356352,384
vault,Vau1t6sLNxnzB7ZDsef8TLbPLfyZMYXH8WTNqUdm9g8,BUxVaECCPtTuL6njUEzZc1zZ9QRKqsMfwUFsBh9Bq6o1,3563520,0.00356352,384
vault,Vau1t6sLNxnzB7ZDsef8TLbPLfyZMYXH8WTNqUdm9g8,6FzgSy4WmUjyYfr8YVq5xk5zW5CUHXJgNTadctT8hTHJ,3563520,0.00356352,384
vault,Vau1t6sLNxnzB7ZDsef8TLbPLfyZMYXH8WTNqUdm9g8,3fd9cu84UBimrst2TTHS2EW9y7xemVS7j8TgC3fTRceR,3563520,0.00356352,384
vault,Vau1t6sLNxnzB7ZDsef8TLbPLfyZMYXH8WTNqUdm9g8,4K1XpY2YU4mGFNqQT6xzTxyE2tHdyYQkbcHYs2nyb7FM,3563520,0.00356352,384
vault,Vau1t6sLNxnzB7ZDsef8TLbPLfyZMYXH8WTNqUdm9g8,EcoJsyp7yFaYH8ZEULdsd3u6hznvFrjiyAoAvmHsmCFg,3563520,0.00356352,384
vault,Vau1t6sLNxnzB7ZDsef8TLbPLfyZMYXH8WTNqUdm9g8,HDK7Q6MgDMiUeze57SVGdggJYDoYKS51PMAZfVzut6AY,3563520,0.00356352,384
vault,Vau1t6sLNxnzB7ZDsef8TLbPLfyZMYXH8WTNqUdm9g8,EuKDzfS2kGBj75X5qGNYXeEpU3uy5F3sQMpw3YUKvkCf,3563520,0.00356352,384
vault,Vau1t6sLNxnzB7ZDsef8TLbPLfyZMYXH8WTNqUdm9g8,8P44KZ3yKGFHbLfDuSLLCQ2XLAq5vXU6pnTtxSE3sN5n,8623440,0.00862344,1111
vault,Vau1t6sLNxnzB7ZDsef8TLbPLfyZMYXH8WTNqUdm9g8,GmiDnV7hxeq3itb1zCvHFDjPTt4AwQn63BazQNg5nxXs,3563520,0.00356352,384
vault,Vau1t6sLNxnzB7ZDsef8TLbPLfyZMYXH8WTNqUdm9g8,GXfjwF1KJ4rNKNvqa4T5gfG8AUAnJNo1hF34UX8cjEfk,3563520,0.00356352,384
vault,Vau1t6sLNxnzB7ZDsef8TLbPLfyZMYXH8WTNqUdm9g8,Ajrs1KsCp9gUbLS86ZM6mbGMxpCykCAPcLuPJYQtFyKo,3563520,0.00356352,384
vault,Vau1t6sLNxnzB7ZDsef8TLbPLfyZMYXH8WTNqUdm9g8,8Xohh1M8QtK97zrM3L4rTc7xjUe4kqZBrxwHmLzrnmQ8,3563520,0.00356352,384
vault,Vau1t6sLNxnzB7ZDsef8TLbPLfyZMYXH8WTNqUdm9g8,fa48oN8FLg66PJo1mEJ6Ny1WRtb3QqRs5doWRTCYDjf,3563520,0.00356352,384
vault,Vau1t6sLNxnzB7ZDsef8TLbPLfyZMYXH8WTNqUdm9g8,J7U9zomJKfUR4xAYBndMr9Whb2Eqi2puRL2eiRVhB5is,3563520,0.00356352,384
vault,Vau1t6sLNxnzB7ZDsef8TLbPLfyZMYXH8WTNqUdm9g8,2DcMZn54vGRD8ToS8BhGuNW2oxTPB28g5mrwcKHTTMej,3563520,0.00356352,384
vault,Vau1t6sLNxnzB7ZDsef8TLbPLfyZMYXH8WTNqUdm9g8,fJ6gdvhwvLDak9ScEMzBgRcbi4ftBba6ev7jPM9K8fv,3563520,0.00356352,384
vault,Vau1t6sLNxnzB7ZDsef8TLbPLfyZMYXH8WTNqUdm9g8,AmDULH2AcNJSBt3qpASzKcgP8yhTNrKxpuiatAuD1ziE,3563520,0.00356352,384
vault,Vau1t6sLNxnzB7ZDsef8TLbPLfyZMYXH8WTNqUdm9g8,6DyU65aYBpKyrnRjYCFSyZrimSFA8K8RuEtH1vfrc7zw,3563520,0.00356352,384
vault,Vau1t6sLNxnzB7ZDsef8TLbPLfyZMYXH8WTNqUdm9g8,3JGEuTCGaK9g4NsKwLs9dDpXm3A9hGfVwJhvdBim2XNV,3563520,0.00356352,384
vault,Vau1t6sLNxnzB7ZDsef8TLbPLfyZMYXH8WTNqUdm9g8,7H7WLcyg9a1WjzWcFSeXNY9sH11QQGoGYCkhzcDfFTua,3563520,0.00356352,384
vault,Vau1t6sLNxnzB7ZDsef8TLbPLfyZMYXH8WTNqUdm9g8,39QsYQqE2xfxVZ4CL7izgMciqZaGQEjirYdhpwZ3v9S3,3563520,0.00356352,384
vault,Vau1t6sLNxnzB7ZDsef8TLbPLfyZMYXH8WTNqUdm9g8,F7QjVkJJ48CEauyDSjHzHQkjLTKEDdzvrmYoLXiXm1vd,3563520,0.00356352,384
vault,Vau1t6sLNxnzB7ZDsef8TLbPLfyZMYXH8WTNqUdm9g8,EBWpXkcMwkmN11W9b2BfSVAAeDHMQm3XLPKLYbpKsgGb,3563520,0.00356352,384
vault,Vau1t6sLNxnzB7ZDsef8TLbPLfyZMYXH8WTNqUdm9g8,2spACrkJQ5ywYSqGNqTzVgUL45T1sQgg577iZAeZSGnq,3563520,0.00356352,384
vault,Vau1t6sLNxnzB7ZDsef8TLbPLfyZMYXH8WTNqUdm9g8,68MzAB3NN1rhNk8JR8hkcw2PXxotSYNtTuEBx5rBDgNt,3563520,0.00356352,384
vault,Vau1t6sLNxnzB7ZDsef8TLbPLfyZMYXH8WTNqUdm9g8,4K2vXnj7mrXA9RX734WDRvEdFnaV7roJ7HfzH6SR5QqQ,3563520,0.00356352,384
vault,Vau1t6sLNxnzB7ZDsef8TLbPLfyZMYXH8WTNqUdm9g8,DPU6i7QDeEPG5zPfTopWYm4poA3kQbjf6SoRqZqDZbxK,3563520,0.00356352,384
vault,Vau1t6sLNxnzB7ZDsef8TLbPLfyZMYXH8WTNqUdm9g8,7Q152eiVFA1mvAwRdqppMdDgXHz3PkdxLnPvTvqPxsgQ,3563520,0.00356352,384
vault,Vau1t6sLNxnzB7ZDsef8TLbPLfyZMYXH8WTNqUdm9g8,4D5DhY44VSmwN5naprofAYDPKkYSCzGqkUmHNPHwBPrg,3563520,0.00356352,384
vault,Vau1t6sLNxnzB7ZDsef8TLbPLfyZMYXH8WTNqUdm9g8,EC414UZWSMsMYNNCbw2Ch2EbW7vMs1xYjzs2ZgwWcYCT,3563520,0.00356352,384
vault,Vau1t6sLNxnzB7ZDsef8TLbPLfyZMYXH8WTNqUdm9g8,Gs11jaK4g3vbf3YRph1mHYGUNuE4ciLfDGbUCj3vXV49,3563520,0.00356352,384
vault,Vau1t6sLNxnzB7ZDsef8TLbPLfyZMYXH8WTNqUdm9g8,4V5wYdRZRdpfZikeYut2dADNjgGVVHSWH2r1B8unGD6u,3563520,0.00356352,384
vault,Vau1t6sLNxnzB7ZDsef8TLbPLfyZMYXH8WTNqUdm9g8,4kh4bLeeqtHUdVJyzcwcVV8FZYDS2hspUwvFgtzUqWvi,3563520,0.00356352,384
vault,Vau1t6sLNxnzB7ZDsef8TLbPLfyZMYXH8WTNqUdm9g8,5iDhhRibbNMtNNBrr1ZSHmGPbr6m3u634gEoLrkzu3qD,3563520,0.00356352,384
vault,Vau1t6sLNxnzB7ZDsef8TLbPLfyZMYXH8WTNqUdm9g8,7hDpMHcwd7distVDib5PQUUmcptNo6fDpQ73CnJ1uCzX,3563520,0.00356352,384
vault,Vau1t6sLNxnzB7ZDsef8TLbPLfyZMYXH8WTNqUdm9g8,4zTgM8ix7EbCDVFEVN7VB7GW6H7SAjqskjRjHBJjBwAe,3563520,0.00356352,384
vault,Vau1t6sLNxnzB7ZDsef8TLbPLfyZMYXH8WTNqUdm9g8,3vc5Hhc6uRQu8PDREiZ8gHa8fw7Pc5iYJWSruwEQNsQJ,3563520,0.00356352,384
vault,Vau1t6sLNxnzB7ZDsef8TLbPLfyZMYXH8WTNqUdm9g8,9rYttu9xbL12yrccSCaofSbV9oA3vfThmY9a1ASK2rAj,3563520,0.00356352,384
vault,Vau1t6sLNxnzB7ZDsef8TLbPLfyZMYXH8WTNqUdm9g8,D5PVfAvrCw1b8QtuPXJ7yLRE6RVLQs6aoAd5AnYiRw4S,3563520,0.00356352,384
vault,Vau1t6sLNxnzB7ZDsef8TLbPLfyZMYXH8WTNqUdm9g8,7cSdXBC5RCx5mzQtFJaqWemsGYHBsFxwjb8CEDee9exJ,3563520,0.00356352,384
vault,Vau1t6sLNxnzB7ZDsef8TLbPLfyZMYXH8WTNqUdm9g8,GfCeuifUrzdvTjE5hSLpQ7JCSmK6HeUBMkow11pN3Zn7,5289600,0.0052896,632
vault,Vau1t6sLNxnzB7ZDsef8TLbPLfyZMYXH8WTNqUdm9g8,54vmgrFQmdHL8n2TDKrJi53aff1KnNuzLs1tvWu2xoUP,3563520,0.00356352,384
vault,Vau1t6sLNxnzB7ZDsef8TLbPLfyZMYXH8WTNqUdm9g8,DZ7fscCzK6Tjvymm14uqJzWEudQCpYL29AEUDU7GVbhK,3563520,0.00356352,384
vault,Vau1t6sLNxnzB7ZDsef8TLbPLfyZMYXH8WTNqUdm9g8,ACL5P9qXaKkMhCspz9tFcvGdPq1jAXTeUPNL6xikiWdH,3563520,0.00356352,384
vault,Vau1t6sLNxnzB7ZDsef8TLbPLfyZMYXH8WTNqUdm9g8,761jSr6LiLBN4uQM5rjMCpCke3jjvd9QnoU28pakqoFo,3563520,0.00356352,384
vault,Vau1t6sLNxnzB7ZDsef8TLbPLfyZMYXH8WTNqUdm9g8,pbEaNCcMb2S1bfpNfUychjoHAWnftEPHAYXR5JzzL3A,3563520,0.00356352,384
vault,Vau1t6sLNxnzB7ZDsef8TLbPLfyZMYXH8WTNqUdm9g8,K3vgB8BXouqmniEkB8ii5kFrp5Wgq8ydxEjqdqX4cDr,3563520,0.00356352,384
vault,Vau1t6sLNxnzB7ZDsef8TLbPLfyZMYXH8WTNqUdm9g8,7pXGpZA64kX73V9eTpCe41LWNynZ6p7BZgYijdkwzpbV,3563520,0.00356352,384
vault,Vau1t6sLNxnzB7ZDsef8TLbPLfyZMYXH8WTNqUdm9g8,G787HrseR8PZEbtoW2o6PQbG4g8t92qJphVEkkq7Xr8k,3563520,0.00356352,384
vault,Vau1t6sLNxnzB7ZDsef8TLbPLfyZMYXH8WTNqUdm9g8,768iD1VZtsi15myPYYQWsURGkAamAZXmU73pqytJDDj3,3563520,0.00356352,384
vault,Vau1t6sLNxnzB7ZDsef8TLbPLfyZMYXH8WTNqUdm9g8,5rkfPXnDBnFxfwKktUbAbh4eZKW7C8wHrfWAL5fS5bNN,3563520,0.00356352,384
vault,Vau1t6sLNxnzB7ZDsef8TLbPLfyZMYXH8WTNqUdm9g8,DdV9ZhWztuV8awU2G2Fdbaes7ir1P1pGogtTMtvrKZMq,3563520,0.00356352,384
vault,Vau1t6sLNxnzB7ZDsef8TLbPLfyZMYXH8WTNqUdm9g8,E1R9Ev7foV2sQAiifNHRngQtE3tEagZPkbteDXftb7c4,3563520,0.00356352,384
vault,Vau1t6sLNxnzB7ZDsef8TLbPLfyZMYXH8WTNqUdm9g8,7p9xyQ2bWJXHnXLRxjg4ADQDztCrgzgcRBvACjmqzLs8,3563520,0.00356352,384
vault,Vau1t6sLNxnzB7ZDsef8TLbPLfyZMYXH8WTNqUdm9g8,2ka9gmZQfgaX1QKJ4TgX9FGjyqW6XasqCyGoztecuKQa,3563520,0.00356352,384
vault,Vau1t6sLNxnzB7ZDsef8TLbPLfyZMYXH8WTNqUdm9g8,9pgZ6EzntBrrKe4czJnuCYKjM7fchVDy5U67nLjmXpVM,3563520,0.00356352,384
vault,Vau1t6sLNxnzB7ZDsef8TLbPLfyZMYXH8WTNqUdm9g8,83c67JAZfGVEE3qjwXZuwwL3aFWaNuN9a551keBifkYG,3563520,0.00356352,384
vault,Vau1t6sLNxnzB7ZDsef8TLbPLfyZMYXH8WTNqUdm9g8,cKqq1noH58zQq8pbaCgZejr8LW1C5GwE51bSSzcpcbe,3563520,0.00356352,384
vault,Vau1t6sLNxnzB7ZDsef8TLbPLfyZMYXH8WTNqUdm9g8,3NGhg4bxLf8TL1ptSyMryrr4SEXdtnrv14KvFfqfnZRL,3563520,0.00356352,384
vault,Vau1t6sLNxnzB7ZDsef8TLbPLfyZMYXH8WTNqUdm9g8,9jeCTxYjVEfN4a8ByjFvxdr7KjTMWQqTwEYruY57BTYE,3563520,0.00356352,384
vault,Vau1t6sLNxnzB7ZDsef8TLbPLfyZMYXH8WTNqUdm9g8,6p7WbNrt7ac9qBPr8xkMzEnBwvmsco55VRHvs3bDt9Sx,3563520,0.00356352,384
vault,Vau1t6sLNxnzB7ZDsef8TLbPLfyZMYXH8WTNqUdm9g8,9LtXLV6JTmLwu7n5gr5f1i3udoy9sgVAhbjg7hWYA9Za,3563520,0.00356352,384
vault,Vau1t6sLNxnzB7ZDsef8TLbPLfyZMYXH8WTNqUdm9g8,HASfrcnBs8gSjGKu4GRp5YNi4FMQtopj3S2uaLzw2FhS,3563520,0.00356352,384
vault,Vau1t6sLNxnzB7ZDsef8TLbPLfyZMYXH8WTNqUdm9g8,Hoi4KMCper85DegTbnL7dk1nbpxELnb9vrPSiLPRPi9b,5289600,0.0052896,632
vault,Vau1t6sLNxnzB7ZDsef8TLbPLfyZMYXH8WTNqUdm9g8,3RUuDSHCjCgBVqgiKmZ5bWDny4eCYGLiNM9yBVEFy1Eu,5289600,0.0052896,632
vault,Vau1t6sLNxnzB7ZDsef8TLbPLfyZMYXH8WTNqUdm9g8,wJ36fT1W5u6rYxKiQCmaze5aEnDr1whroqNwFFxuisR,3563520,0.00356352,384
vault,Vau1t6sLNxnzB7ZDsef8TLbPLfyZMYXH8WTNqUdm9g8,8yZm34rukS1BP2CUiwqdu2uXYcbtKTgQP4Yt9DbY9Fqs,3563520,0.00356352,384
vault,Vau1t6sLNxnzB7ZDsef8TLbPLfyZMYXH8WTNqUdm9g8,8t7frsbCAyqHdtBeCsto5GjVKwrZaJiLLQt2Z9CoajJm,3563520,0.00356352,384
vault,Vau1t6sLNxnzB7ZDsef8TLbPLfyZMYXH8WTNqUdm9g8,84gkPViK2gUe3huoZ7YKsko4rTLQA97nEDiunm8Lvfcz,3563520,0.00356352,384
vault,Vau1t6sLNxnzB7ZDsef8TLbPLfyZMYXH8WTNqUdm9g8,81336eBhH6Wjg1xyQ8wf2McGtrtDrYfRXCnx1QLUkqxP,3563520,0.00356352,384
vault,Vau1t6sLNxnzB7ZDsef8TLbPLfyZMYXH8WTNqUdm9g8,GFZLJHttZfvbEZ8rXEUJYQ8UaF8hR9yFwiLCRWnot5Tk,3563520,0.00356352,384
vault,Vau1t6sLNxnzB7ZDsef8TLbPLfyZMYXH8WTNqUdm9g8,D9jQj5u4He7cWV73Me85cpZRDL5UjcBkuYhzexVdCncv,3563520,0.00356352,384
vault,Vau1t6sLNxnzB7ZDsef8TLbPLfyZMYXH8WTNqUdm9g8,5p12fXnuwy2dQny379ywLSF8vHu4zep5wS9pzvaEAxyJ,3563520,0.00356352,384
vault,Vau1t6sLNxnzB7ZDsef8TLbPLfyZMYXH8WTNqUdm9g8,4MdvWVP5az5eVocNaxVATtq8VUAUnfi1Ewbq65aLwCH2,3563520,0.00356352,384
vault,Vau1t6sLNxnzB7ZDsef8TLbPLfyZMYXH8WTNqUdm9g8,H6wApqwYmbnsEjsc6SQBepGDB8R5aGEHdAqiVqx3qSX8,3563520,0.00356352,384
vault,Vau1t6sLNxnzB7ZDsef8TLbPLfyZMYXH8WTNqUdm9g8,CNEHgNgyFrpTqN1oDVQa4gqTLo9nNWuz3AXfnnWVkFJE,3563520,0.00356352,384
vault,Vau1t6sLNxnzB7ZDsef8TLbPLfyZMYXH8WTNqUdm9g8,99YHuQeCgWV8o7qqP8BQ2zUMEyuLYTn6EzJhuToDY87h,3563520,0.00356352,384
vault,Vau1t6sLNxnzB7ZDsef8TLbPLfyZMYXH8WTNqUdm9g8,DKqtPXvgRJLgakrc2jGnKSsASEHfsUxffeCUYV6vU79A,3563520,0.00356352,384
vault,Vau1t6sLNxnzB7ZDsef8TLbPLfyZMYXH8WTNqUdm9g8,DLpYpahJSCkBhWRFXvQ6rtWqaUKxBUCt2bMj9msvhGnq,3563520,0.00356352,384
vault,Vau1t6sLNxnzB7ZDsef8TLbPLfyZMYXH8WTNqUdm9g8,62p8PmMuABL9LCsGkKqKSZRnEutSCmahCf1peTJJagYD,3563520,0.00356352,384
vault,Vau1t6sLNxnzB7ZDsef8TLbPLfyZMYXH8WTNqUdm9g8,1tPpkSngqeLS88jRwkMHF7ZBgigVbnMpYuNpHgzAUKX,3563520,0.00356352,384
vault,Vau1t6sLNxnzB7ZDsef8TLbPLfyZMYXH8WTNqUdm9g8,HQyVj86YvqeGb2K9PLMRN7va96VCMh97dZtBn8CBZkNJ,3563520,0.00356352,384
vault,Vau1t6sLNxnzB7ZDsef8TLbPLfyZMYXH8WTNqUdm9g8,D9KmFJwpn2m3AWBKtNKd32fkNqL7bJJ6X1cV4uhB61bq,3563520,0.00356352,384
vault,Vau1t6sLNxnzB7ZDsef8TLbPLfyZMYXH8WTNqUdm9g8,4ngGtk9fZgRNJNNmroZwytSAFBWDE2jYVQQiKLcR4SG5,3563520,0.00356352,384
vault,Vau1t6sLNxnzB7ZDsef8TLbPLfyZMYXH8WTNqUdm9g8,5BcikXBjqVwHUEZ9zzJWYzJFXZcXjd4efwS89oq6kpVx,3563520,0.00356352,384
vault,Vau1t6sLNxnzB7ZDsef8TLbPLfyZMYXH8WTNqUdm9g8,FDjiWJmNBD8DUt6vuviApPxnjDKM7cDRzW9eCJYes385,3563520,0.00356352,384
vault,Vau1t6sLNxnzB7ZDsef8TLbPLfyZMYXH8WTNqUdm9g8,ChPAuQvUZrebM4Pfcguii47wiy8LJfJvNTviJx2JFJJV,3563520,0.00356352,384
vault,Vau1t6sLNxnzB7ZDsef8TLbPLfyZMYXH8WTNqUdm9g8,9QDRD6CgZFXDDPqcBhuVZRz3TiGq79FQqy7gFEeVZtVu,3563520,0.00356352,384
vault,Vau1t6sLNxnzB7ZDsef8TLbPLfyZMYXH8WTNqUdm9g8,5qyzY1o8PTX7J3LH1oNVyXGNGJdbJ9wBvbvfCSBtyy9C,5289600,0.0052896,632
vault,Vau1t6sLNxnzB7ZDsef8TLbPLfyZMYXH8WTNqUdm9g8,Dcww9MCNum5TYCewMghfqrBs65uA5kkhbdqhyG5UPM75,3563520,0.00356352,384
vault,Vau1t6sLNxnzB7ZDsef8TLbPLfyZMYXH8WTNqUdm9g8,CaQqk6nZUjYu1YYuGsJ9ZTbdzvEqfgMv2CuzA58UQcVe,3563520,0.00356352,384
vault,Vau1t6sLNxnzB7ZDsef8TLbPLfyZMYXH8WTNqUdm9g8,DpkVUcVo2BBVQj5TLrUXwsUtXV6Lvv6BKHj6Z7Pctp5c,3563520,0.00356352,384
vault,Vau1t6sLNxnzB7ZDsef8TLbPLfyZMYXH8WTNqUdm9g8,47Mto1NExCwDuZLb9gvw3AF8mmEt2FhaXoXyNYdDp3RS,3563520,0.00356352,384
vault,Vau1t6sLNxnzB7ZDsef8TLbPLfyZMYXH8WTNqUdm9g8,5hwusDYS1Wn6Cb7wdjuRPingJuKs2LtxDZXB2x78wH7V,3563520,0.00356352,384
vault,Vau1t6sLNxnzB7ZDsef8TLbPLfyZMYXH8WTNqUdm9g8,CxxfajgtyTZrzjYWa8cT57eSC5ebSQtYt4hHfAg7Q2TC,3563520,0.00356352,384
vault,Vau1t6sLNxnzB7ZDsef8TLbPLfyZMYXH8WTNqUdm9g8,C5FFQMTvrZHepLMHxVCY5EHBypfVkBGqtcB43857S3DR,3563520,0.00356352,384
vault,Vau1t6sLNxnzB7ZDsef8TLbPLfyZMYXH8WTNqUdm9g8,GwnxSS7uhoLDxQxEK6gGnP4VAYfQvSWKXT99QX8Zm6Yg,3563520,0.00356352,384
vault,Vau1t6sLNxnzB7ZDsef8TLbPLfyZMYXH8WTNqUdm9g8,7y6S8Hz3T2om5wLtE2c5ydnZ8AXGz5xSBC4q2AA95bDu,3563520,0.00356352,384
vault,Vau1t6sLNxnzB7ZDsef8TLbPLfyZMYXH8WTNqUdm9g8,Dsq8Bqv6VHbsahf4pMxhpHzqohUjJxeSGKUHBtTDdis5,3619200,0.0036192,392
vault,Vau1t6sLNxnzB7ZDsef8TLbPLfyZMYXH8WTNqUdm9g8,F9tspkNZ1VJtr7DXppEeqfDnWtk3VzXi1R4jC1hkBFw9,3563520,0.00356352,384
vault,Vau1t6sLNxnzB7ZDsef8TLbPLfyZMYXH8WTNqUdm9g8,FGD38BWbhANmrNBvdTYScdpaXbdNG1sFZraXv96Mojok,3563520,0.00356352,384
vault,Vau1t6sLNxnzB7ZDsef8TLbPLfyZMYXH8WTNqUdm9g8,31WSpZdUzWvfc8gQEZevkEyXexG64ZY4uM3FH8keeBLY,3563520,0.00356352,384
vault,Vau1t6sLNxnzB7ZDsef8TLbPLfyZMYXH8WTNqUdm9g8,61pzQFnXKe5JbkQy4r6gqrn4vbWnUXZFfGzSnpXxCFZG,3563520,0.00356352,384
vault,Vau1t6sLNxnzB7ZDsef8TLbPLfyZMYXH8WTNqUdm9g8,9W7watEUNJYUmjWCvVU2KG9VJSdwEEBSbdpqcQZobMJt,3563520,0.00356352,384
vault,Vau1t6sLNxnzB7ZDsef8TLbPLfyZMYXH8WTNqUdm9g8,vRRiLuwjEVHMp2JYWJ6YEQZQgdPsCjfqjvfZxutuhMH,3563520,0.00356352,384
vault,Vau1t6sLNxnzB7ZDsef8TLbPLfyZMYXH8WTNqUdm9g8,CAwkBF1v7L1mFWQfx2m8MqGendR6RvvbrFVJcWipJpUh,3563520,0.00356352,384
vault,Vau1t6sLNxnzB7ZDsef8TLbPLfyZMYXH8WTNqUdm9g8,HK67PkpDhuqMENXLHwL6S3fq7Za4SnymwvHzcMCvk7ew,5289600,0.0052896,632
vault,Vau1t6sLNxnzB7ZDsef8TLbPLfyZMYXH8WTNqUdm9g8,E2D1yyB5AdwbijcMCTP4eRgauKfy5UT2WBQJ9rMc27rT,3563520,0.00356352,384
vault,Vau1t6sLNxnzB7ZDsef8TLbPLfyZMYXH8WTNqUdm9g8,PatUWcWFhZms7xiScxnw61GVXzQsSmwj1ah4q1a9Kim,3563520,0.00356352,384
vault,Vau1t6sLNxnzB7ZDsef8TLbPLfyZMYXH8WTNqUdm9g8,4uLqZYQrdxruS2ZDLmmeor1sptk6ByXrKHBKeMieXJ82,3563520,0.00356352,384
vault,Vau1t6sLNxnzB7ZDsef8TLbPLfyZMYXH8WTNqUdm9g8,A7tsQL7uvf6KYAE9d443Q1RWWThg5S8xSVkcP1wkernP,3563520,0.00356352,384
vault,Vau1t6sLNxnzB7ZDsef8TLbPLfyZMYXH8WTNqUdm9g8,2WPK9y9rHRXQRkhAep7FQZLzGEb2Uicyt95sqnUWLrCg,3563520,0.00356352,384
vault,Vau1t6sLNxnzB7ZDsef8TLbPLfyZMYXH8WTNqUdm9g8,EurQEi2TztVGQU29oxoU4gTpPiKdvWvmkoPcfeuS5Vqx,3563520,0.00356352,384
vault,Vau1t6sLNxnzB7ZDsef8TLbPLfyZMYXH8WTNqUdm9g8,6hksdhbgPAvhL9LXBJ3fW9k9DwHxYZNZ6wHtKhsRhZ7r,3563520,0.00356352,384
vault,Vau1t6sLNxnzB7ZDsef8TLbPLfyZMYXH8WTNqUdm9g8,B3PGxLzaMscEWcMt84kMdVkw9FzBfZPJrF7yp7ZfeQ11,5289600,0.0052896,632
vault,Vau1t6sLNxnzB7ZDsef8TLbPLfyZMYXH8WTNqUdm9g8,H7aEiZaKs7DzcyHfsYsERxRsV81B9bDcG4tPytThk2CJ,3563520,0.00356352,384
vault,Vau1t6sLNxnzB7ZDsef8TLbPLfyZMYXH8WTNqUdm9g8,Da7d4RrNVtvkb1jbrBYJ5H4hs5hjFgdx7feHzG9WdaXP,3563520,0.00356352,384
vault,Vau1t6sLNxnzB7ZDsef8TLbPLfyZMYXH8WTNqUdm9g8,58zE2r5wVyC3VMgiMDVLEhKn3sHRMaXniUxrv5hGrqFV,3563520,0.00356352,384
vault,Vau1t6sLNxnzB7ZDsef8TLbPLfyZMYXH8WTNqUdm9g8,9HNPVSGTqf2HFJ84Tjtbqwz9jos3Y6wpYyYW6s38Fumn,3563520,0.00356352,384
vault,Vau1t6sLNxnzB7ZDsef8TLbPLfyZMYXH8WTNqUdm9g8,9PhfDYiYryAHvSvEKXakBMWotfet9rmPiEBHVYyewiyV,3563520,0.00356352,384
vault,Vau1t6sLNxnzB7ZDsef8TLbPLfyZMYXH8WTNqUdm9g8,826yowfAdm8AUx6RqLxVCdGz6euMKULsnAdUNp4reqay,3563520,0.00356352,384
vault,Vau1t6sLNxnzB7ZDsef8TLbPLfyZMYXH8WTNqUdm9g8,J2p7kKUJJ9eJMcP5KyrYFH5XXcLw8vD7pQMuGDtf2nP1,3563520,0.00356352,384
vault,Vau1t6sLNxnzB7ZDsef8TLbPLfyZMYXH8WTNqUdm9g8,GwrMGbXtasv5aR3T4yGrzDBxMzuaEhMK3akVYansjt9p,3563520,0.00356352,384
vault,Vau1t6sLNxnzB7ZDsef8TLbPLfyZMYXH8WTNqUdm9g8,ChZiLNwKjWrjjhJAhedNx2otbf2RsqSK5WT8g45bbuY4,3563520,0.00356352,384
vault,Vau1t6sLNxnzB7ZDsef8TLbPLfyZMYXH8WTNqUdm9g8,6dML86So76rwzLNJRoNe1AKarihZRupnmB7ANZjN5dKG,5289600,0.0052896,632
vault,Vau1t6sLNxnzB7ZDsef8TLbPLfyZMYXH8WTNqUdm9g8,CMbYqq3vo6RP2UiED9d355gdQXdqoRQ6pNbWDJwrv8yJ,3563520,0.00356352,384
vault,Vau1t6sLNxnzB7ZDsef8TLbPLfyZMYXH8WTNqUdm9g8,ASTwPerQqj4W9ZUy1rGivDBWiZqvbE2RgBcgSGXm1xy1,3563520,0.00356352,384
vault,Vau1t6sLNxnzB7ZDsef8TLbPLfyZMYXH8WTNqUdm9g8,5NgTjV2miJfUnKqwFNHcyAZc8Yt3Mys8gxmZ9DuYthHf,3563520,0.00356352,384
vault,Vau1t6sLNxnzB7ZDsef8TLbPLfyZMYXH8WTNqUdm9g8,D23Et1jxuVULF2LFg3N52LLKHpuDRVyQS7ZHG62dqdBy,3563520,0.00356352,384
vault,Vau1t6sLNxnzB7ZDsef8TLbPLfyZMYXH8WTNqUdm9g8,6e6nCaMZY79o7AXTBj5cQjB4CYWZsatsdggzUkFMq9iV,3563520,0.00356352,384
vault,Vau1t6sLNxnzB7ZDsef8TLbPLfyZMYXH8WTNqUdm9g8,3ambGsSbDsKvGsWkwZpNWz6w3jRNX35ng12TFHAjY1TH,3563520,0.00356352,384
vault,Vau1t6sLNxnzB7ZDsef8TLbPLfyZMYXH8WTNqUdm9g8,DuALv8kjbvR2zaBzNEVurCU6RPDJn8GYvf3rEYis4KHK,3563520,0.00356352,384
vault,Vau1t6sLNxnzB7ZDsef8TLbPLfyZMYXH8WTNqUdm9g8,HW8us2QqZY6GFhwFSdwNda23JsTVtVets5wwALexx7a3,3563520,0.00356352,384
vault,Vau1t6sLNxnzB7ZDsef8TLbPLfyZMYXH8WTNqUdm9g8,7Vg7SM9zMfNaR7KBtpPVQPkMkFmc8h6Yk52g2WQzwrap,3563520,0.00356352,384
vault,Vau1t6sLNxnzB7ZDsef8TLbPLfyZMYXH8WTNqUdm9g8,3jYe7LZEDcoirL2bnHQW1UpDELuxNdKQ9qCUevEB5jAZ,3563520,0.00356352,384
vault,Vau1t6sLNxnzB7ZDsef8TLbPLfyZMYXH8WTNqUdm9g8,DP8GREsrkQpDpN8RCdnEL914zdjPpmTrRPZFgMPGGQeZ,5289600,0.0052896,632
vault,Vau1t6sLNxnzB7ZDsef8TLbPLfyZMYXH8WTNqUdm9g8,7pRZXexKFFvVmQ4FLYgz1XH5qbpSUfs3Az6tFpMfbk8T,5289600,0.0052896,632
vault,Vau1t6sLNxnzB7ZDsef8TLbPLfyZMYXH8WTNqUdm9g8,5hDAgF3Rvb6oeGZVziir62vUSXCAr2pvNWRn6bkNJkRc,3563520,0.00356352,384
vault,Vau1t6sLNxnzB7ZDsef8TLbPLfyZMYXH8WTNqUdm9g8,DnjbuVTUHMKBbr7DjqGpEUjQUqwYNs8dKXLTshJ8knAm,3563520,0.00356352,384
vault,Vau1t6sLNxnzB7ZDsef8TLbPLfyZMYXH8WTNqUdm9g8,CFr9btEgkujKSppM45dU9VnsXCBaonpRGFRpwWqY8dqZ,3563520,0.00356352,384
vault,Vau1t6sLNxnzB7ZDsef8TLbPLfyZMYXH8WTNqUdm9g8,KtgssjUPTof5Vaadgeq9pNE3K2BTpQ2188mRcgZM4mT,3563520,0.00356352,384
vault,Vau1t6sLNxnzB7ZDsef8TLbPLfyZMYXH8WTNqUdm9g8,7vUBgw6JnLtpomNBqkLZwgiKLnZmR2qwkgdYhUyV1EYE,3563520,0.00356352,384
vault,Vau1t6sLNxnzB7ZDsef8TLbPLfyZMYXH8WTNqUdm9g8,2t6UBDmuYv5tLXHHNHFa5WW2Z8Hft4r2SCaKxeHBhkZ8,5289600,0.0052896,632
tip_router,RouterBmuRBkPUbgEDMtdvTZ75GBdSREZR5uGUxxxpb,4jLw1aGVtuNpFGfeEBpvv97nhZSTMbsED1NK9g7ohk46,101309760,0.10130976,14428
tip_router,RouterBmuRBkPUbgEDMtdvTZ75GBdSREZR5uGUxxxpb,8PU8cj9tbmoxj25f6EAjFgakceDbdkVJbhDCyq4R1SwF,20573760,0.02057376,2828
tip_router,RouterBmuRBkPUbgEDMtdvTZ75GBdSREZR5uGUxxxpb,ASrLXQFatNESzYmJ3gV8c9X5ovMUuao7xm1LkZuy2bAc,1280640,0.00128064,56
tip_router,RouterBmuRBkPUbgEDMtdvTZ75GBdSREZR5uGUxxxpb,9FKk8eSxwWZkMqPW9UkvYosBhA6gt14s77MCH4FVUy2T,20573760,0.02057376,2828
tip_router,RouterBmuRBkPUbgEDMtdvTZ75GBdSREZR5uGUxxxpb,ZDnF2gWAXR7M7MB94T13mwFwtiidHadTAG38f1V1NNw,20573760,0.02057376,2828
tip_router,RouterBmuRBkPUbgEDMtdvTZ75GBdSREZR5uGUxxxpb,HZ2HFY5VZgroC8psMKL6vFFTPzzcy9jv7B1R1dPmAKbT,1280640,0.00128064,56
tip_router,RouterBmuRBkPUbgEDMtdvTZ75GBdSREZR5uGUxxxpb,A3ifykM8ZAkbgCKQnokfJNoTwsujnX3ALpwFiEK5SUmk,20573760,0.02057376,2828
tip_router,RouterBmuRBkPUbgEDMtdvTZ75GBdSREZR5uGUxxxpb,F6rxrjkgcrULezY5UFYQiUJxyjAxuhXxE1domm6foig9,20573760,0.02057376,2828
tip_router,RouterBmuRBkPUbgEDMtdvTZ75GBdSREZR5uGUxxxpb,225deD1CXS9auTtVhoEas2em8yQyj4ZAKa8iSmQ1aWDH,20573760,0.02057376,2828
tip_router,RouterBmuRBkPUbgEDMtdvTZ75GBdSREZR5uGUxxxpb,F7WNyeZjTiqaamd9xp1jYtPpvKAbApJFLLcYY8N7Ch8d,20573760,0.02057376,2828
tip_router,RouterBmuRBkPUbgEDMtdvTZ75GBdSREZR5uGUxxxpb,9HLiQUhwaS46PsjaXm1TEmAocHZf1HLyY6WCnPgrH8xZ,101309760,0.10130976,14428
tip_router,RouterBmuRBkPUbgEDMtdvTZ75GBdSREZR5uGUxxxpb,6iPUbiqu4uz9rNqoYQnpnKR6kPmrLqUxrTotjT1obtHS,101309760,0.10130976,14428
tip_router,RouterBmuRBkPUbgEDMtdvTZ75GBdSREZR5uGUxxxpb,7WbzmvgQu4eunzBwCgNQJ3Kte9kviAX4F9BXckiKsq9x,20573760,0.02057376,2828
tip_router,RouterBmuRBkPUbgEDMtdvTZ75GBdSREZR5uGUxxxpb,34F8giPECkqvnTjZXMRbqto1185dkYyvgnpB85qGZbrB,1280640,0.00128064,56
tip_router,RouterBmuRBkPUbgEDMtdvTZ75GBdSREZR5uGUxxxpb,6ceQyjieeYWGhm9cVXEQP5KBGXKCunbcPXD97ZAdgG6q,101309760,0.10130976,14428
tip_router,RouterBmuRBkPUbgEDMtdvTZ75GBdSREZR5uGUxxxpb,6gkburpyCSoiCbCDhBw566wShSwJaVrdytciU3PBWNyW,20573760,0.02057376,2828
tip_router,RouterBmuRBkPUbgEDMtdvTZ75GBdSREZR5uGUxxxpb,FC1xr4N4oTpuoGjnbeE2KEkCWE5B6m2kdxTPeH4QMgzR,101309760,0.10130976,14428
tip_router,RouterBmuRBkPUbgEDMtdvTZ75GBdSREZR5uGUxxxpb,28qnsY3J3uuAcMmJofLHW3vi3GZSaipcT9s8tBseNUMC,1280640,0.00128064,56
tip_router,RouterBmuRBkPUbgEDMtdvTZ75GBdSREZR5uGUxxxpb,5qHFEFdWFgxmUYKpc9Xa2u8JMM7r8JRw26LKyrFQdqPF,20573760,0.02057376,2828
tip_router,RouterBmuRBkPUbgEDMtdvTZ75GBdSREZR5uGUxxxpb,CHfaXDQaYhxjJ567RwfvDPbhLuKeHcDzAQuEDyocVAtD,20573760,0.02057376,2828
tip_router,RouterBmuRBkPUbgEDMtdvTZ75GBdSREZR5uGUxxxpb,AspcMv5d3SYa3CH2PMPw6P6ZV2eng7GjsysUJvf1V6ng,101309760,0.10130976,14428
tip_router,RouterBmuRBkPUbgEDMtdvTZ75GBdSREZR5uGUxxxpb,4EfqEJwHgaJzPFVGe9wtWtW98sQa5dBw8YRoR7E5iTmv,20573760,0.02057376,2828
tip_router,RouterBmuRBkPUbgEDMtdvTZ75GBdSREZR5uGUxxxpb,D6rZTxoVpUYZ7NvAAuKu3rxi3XamiKK1UNncByEzJCZX,20573760,0.02057376,2828
tip_router,RouterBmuRBkPUbgEDMtdvTZ75GBdSREZR5uGUxxxpb,497nzLydtWor8bBbcGV4wrhUaujUhksW5d77LDcWnRh6,101309760,0.10130976,14428
tip_router,RouterBmuRBkPUbgEDMtdvTZ75GBdSREZR5uGUxxxpb,GVjGACa5tnagfSojfbZxX5yeGCqz2eeReuWu9pw2tu2o,101309760,0.10130976,14428
tip_router,RouterBmuRBkPUbgEDMtdvTZ75GBdSREZR5uGUxxxpb,HSVoEWEpDQX4EMMam5kFJpwBE9Kp83Dfxuj1BcxTA6AC,20573760,0.02057376,2828
tip_router,RouterBmuRBkPUbgEDMtdvTZ75GBdSREZR5uGUxxxpb,5eaBxChpk2LcFYSwwc9tRLJgpiCo37xp6m626XAkoXH7,20573760,0.02057376,2828
tip_router,RouterBmuRBkPUbgEDMtdvTZ75GBdSREZR5uGUxxxpb,3ApTywdJGdy6X542cvHjqHQgn3BJQ7DqikWtdwgpQ873,20573760,0.02057376,2828
tip_router,RouterBmuRBkPUbgEDMtdvTZ75GBdSREZR5uGUxxxpb,DyA3L5Pz1bXaXsuUsVJqwTSAouzRJ7bgbrn5wV96r6dB,20573760,0.02057376,2828
tip_router,RouterBmuRBkPUbgEDMtdvTZ75GBdSREZR5uGUxxxpb,2jf4pM24s3LRdGzTRvqwPiJpRtJntGYQNkXCCGgUVZPJ,4628400,0.0046284,537
tip_router,RouterBmuRBkPUbgEDMtdvTZ75GBdSREZR5uGUxxxpb,33D1ubuuc8bvQaFFJMjeTx5cVk1UJcC2Q7UWr4bNSreA,20573760,0.02057376,2828
tip_router,RouterBmuRBkPUbgEDMtdvTZ75GBdSREZR5uGUxxxpb,2wdRDo1xvT5J4cutXGwFc3vPB3ZwVX99D4wxz4NHqikq,101309760,0.10130976,14428
tip_router,RouterBmuRBkPUbgEDMtdvTZ75GBdSREZR5uGUxxxpb,EYM2utmcpaGbjYBqXmH3T6vGWHtu7UHM1Z5uDw15mh6v,20573760,0.02057376,2828
tip_router,RouterBmuRBkPUbgEDMtdvTZ75GBdSREZR5uGUxxxpb,JB2oCeNJCLvQSbsV3gKKfyGAcGjQN8aB2J6JM3muMu8c,20573760,0.02057376,2828
tip_router,RouterBmuRBkPUbgEDMtdvTZ75GBdSREZR5uGUxxxpb,CNSqaSEEZ43R3pfr23F3x61RTkN8QWZNzQRL664bqf1P,20573760,0.02057376,2828
tip_router,RouterBmuRBkPUbgEDMtdvTZ75GBdSREZR5uGUxxxpb,9raQu7NxxiXjgaZaoqSbVh48RpVHoX3V8TQxpfgva3Bn,20573760,0.02057376,2828
tip_router,RouterBmuRBkPUbgEDMtdvTZ75GBdSREZR5uGUxxxpb,8rvznTkCP4euvJDhbNLD6aTmTJToHsSkeUYQzscaHLTK,1280640,0.00128064,56
tip_router,RouterBmuRBkPUbgEDMtdvTZ75GBdSREZR5uGUxxxpb,5gf2W2RHBDehGjQYMj3AZxh7QBSgwGwEwnGscLqB4Ata,101309760,0.10130976,14428
tip_router,RouterBmuRBkPUbgEDMtdvTZ75GBdSREZR5uGUxxxpb,Fqritk6QkwpDcczgAfWTmYqMtZHuRHvzxJersLiLaHDe,1280640,0.00128064,56
tip_router,RouterBmuRBkPUbgEDMtdvTZ75GBdSREZR5uGUxxxpb,BjG5HnaZ4zL9nEhEPnHPgiFsWZPBiMCpd2JjZRade2yq,20573760,0.02057376,2828
tip_router,RouterBmuRBkPUbgEDMtdvTZ75GBdSREZR5uGUxxxpb,9CeQwbKPRUGoiAFmh52Z8ZjAPgAnCWNTjoidpAHAG9oi,101309760,0.10130976,14428
tip_router,RouterBmuRBkPUbgEDMtdvTZ75GBdSREZR5uGUxxxpb,F7VUrK8Ej1zf91QmTWU5tbnJooytjbBtGmUbtx5fQCFk,20573760,0.02057376,2828
tip_router,RouterBmuRBkPUbgEDMtdvTZ75GBdSREZR5uGUxxxpb,DCmzHA8mk6nWuc8QAjRX25tP7dP2J9DxH5sANQ86E3id,20573760,0.02057376,2828
tip_router,RouterBmuRBkPUbgEDMtdvTZ75GBdSREZR5uGUxxxpb,6SSrxeX18CEzLHmpCCgRsCottcv8kh3HaoaGLkTPiHxV,174361920,0.17436192,24924
tip_router,RouterBmuRBkPUbgEDMtdvTZ75GBdSREZR5uGUxxxpb,Gex6CG8kQ1vqC9KC6qbmhKqBK8cgLURFVQfRPuQfho7Z,20573760,0.02057376,2828
tip_router,RouterBmuRBkPUbgEDMtdvTZ75GBdSREZR5uGUxxxpb,7SRtZMjif9TS32SyShNZmb3yTzHStCfKchRYGcuM5q8s,20573760,0.02057376,2828
tip_router,RouterBmuRBkPUbgEDMtdvTZ75GBdSREZR5uGUxxxpb,4XMnYCfaK2fXgMo732W6WH848XyPTfoxTEhpTcFYd5xZ,20573760,0.02057376,2828
tip_router,RouterBmuRBkPUbgEDMtdvTZ75GBdSREZR5uGUxxxpb,9HqLwWYNZQNYJ6Ss9azcVHHJgqMZTE1xCZ8xK2Rj5bmT,20573760,0.02057376,2828
tip_router,RouterBmuRBkPUbgEDMtdvTZ75GBdSREZR5uGUxxxpb,B1qCC6zysLHVtjyuMkvN2tRJ8XcM32VtvRDdrad1xpWb,1280640,0.00128064,56
tip_router,RouterBmuRBkPUbgEDMtdvTZ75GBdSREZR5uGUxxxpb,5fA7MXggzjRBhZ4T8XLDQsamJGiZetU8BAagvFmMrqx3,101309760,0.10130976,14428
tip_router,RouterBmuRBkPUbgEDMtdvTZ75GBdSREZR5uGUxxxpb,8YRx9HhYS6TJM8h2cETGiYiC4rEsMJE1PQLFydAptM7z,1280640,0.00128064,56
tip_router,RouterBmuRBkPUbgEDMtdvTZ75GBdSREZR5uGUxxxpb,HQuWYDeq3haKBB5p8GCBCS44HCefmbWRVF7ENUDHHpPM,20573760,0.02057376,2828
tip_router,RouterBmuRBkPUbgEDMtdvTZ75GBdSREZR5uGUxxxpb,3MSrp5EyztF8knuNSbdfetaQbt5tQxiRS4JtKpv6Z5y7,20573760,0.02057376,2828
tip_router,RouterBmuRBkPUbgEDMtdvTZ75GBdSREZR5uGUxxxpb,9aXoYdSLxVDErpPc6M1uYxip3paV242WpCcHqXJ6T5HW,20573760,0.02057376,2828
tip_router,RouterBmuRBkPUbgEDMtdvTZ75GBdSREZR5uGUxxxpb,C5UzQtXjqUdTfCWBzk1wYe2DjEvnRxjqVqzfnXjgbf3c,20573760,0.02057376,2828
tip_router,RouterBmuRBkPUbgEDMtdvTZ75GBdSREZR5uGUxxxpb,FezivZVct8VYSBmnwfnRMitkKaHgi2dXtxV7yMhicUCD,20573760,0.02057376,2828
tip_router,RouterBmuRBkPUbgEDMtdvTZ75GBdSREZR5uGUxxxpb,4jQtfAw4awwja6JtH152fJcpV4G2YPZ5SSBKZaxSCHqE,20573760,0.02057376,2828
tip_router,RouterBmuRBkPUbgEDMtdvTZ75GBdSREZR5uGUxxxpb,Ci5yKz1HndcS4FSFrwDR9uDiEmkNv3izdUd48ehVvJvx,101309760,0.10130976,14428
tip_router,RouterBmuRBkPUbgEDMtdvTZ75GBdSREZR5uGUxxxpb,4vKQ1tKaNzfBbwTq5f3NKjSJbQrP2PpmZnmgJba5tLae,20573760,0.02057376,2828
tip_router,RouterBmuRBkPUbgEDMtdvTZ75GBdSREZR5uGUxxxpb,DGu1UurHs84Aq1k3Yb4kiTSJLLxEAVBf6RMWwNm626QY,20573760,0.02057376,2828
tip_router,RouterBmuRBkPUbgEDMtdvTZ75GBdSREZR5uGUxxxpb,6EjBc2nYdksXpiG2RYP3ux8PWfMDHs562LgvitgdJdCu,20573760,0.02057376,2828
tip_router,RouterBmuRBkPUbgEDMtdvTZ75GBdSREZR5uGUxxxpb,GLXtkuN7YLSZpkrVcJ5NAkqZSShqdB8HyBR7e5CBRynv,20573760,0.02057376,2828
tip_router,RouterBmuRBkPUbgEDMtdvTZ75GBdSREZR5uGUxxxpb,3VP5MUFqjXm8FhZke6yvnGa34xK24kMzJUPqjmHC79C1,20573760,0.02057376,2828
tip_router,RouterBmuRBkPUbgEDMtdvTZ75GBdSREZR5uGUxxxpb,96wG9UgV2QuHCRqChKkH7fb89dj66mqBCrj1d6jbcw34,20573760,0.02057376,2828
tip_router,RouterBmuRBkPUbgEDMtdvTZ75GBdSREZR5uGUxxxpb,EKS4aKnPNzrDTtT1kMDLctmjq8A3qWHQGmEs5hHwr2dg,101309760,0.10130976,14428
tip_router,RouterBmuRBkPUbgEDMtdvTZ75GBdSREZR5uGUxxxpb,6gbmT1qco3jvTKZeb4GtRzgVvexErpbqvysS1PYcW4EQ,101309760,0.10130976,14428
tip_router,RouterBmuRBkPUbgEDMtdvTZ75GBdSREZR5uGUxxxpb,8XWu7iaSdChTQS3Wyw3fYyTVazunKexc2f1jQHBeckqg,20573760,0.02057376,2828
tip_router,RouterBmuRBkPUbgEDMtdvTZ75GBdSREZR5uGUxxxpb,2U9kMJ3Hj98ZrT3wEyA5m2VDnWNLpdDg7b8pQtGRr2eB,20573760,0.02057376,2828
tip_router,RouterBmuRBkPUbgEDMtdvTZ75GBdSREZR5uGUxxxpb,A4JCUz33aFRe2KxACxqC1WD3FNTmkZFqPF8p9JUFrsD2,20573760,0.02057376,2828
tip_router,RouterBmuRBkPUbgEDMtdvTZ75GBdSREZR5uGUxxxpb,B9FYrxjM5sn1kbiEErhhQFy2ECQYcSnuoQNTim26i5AV,20573760,0.02057376,2828
tip_router,RouterBmuRBkPUbgEDMtdvTZ75GBdSREZR5uGUxxxpb,CqJr5368jTF5qWx7G6XSC5xWx5VktX9CQYW8pCyadbMZ,101309760,0.10130976,14428
tip_router,RouterBmuRBkPUbgEDMtdvTZ75GBdSREZR5uGUxxxpb,8PtG7G9gpvcTXGpRQyQttESBwGJRK8KhgPfuQtfFRZ3Q,20573760,0.02057376,2828
tip_router,RouterBmuRBkPUbgEDMtdvTZ75GBdSREZR5uGUxxxpb,EGUiiwGQkXRq1ULNYF5rKxxzhzrA5o8QjcUJQSsdGds7,20573760,0.02057376,2828
tip_router,RouterBmuRBkPUbgEDMtdvTZ75GBdSREZR5uGUxxxpb,47qfTxkXRBBWAxAAt15X3ruqGb7EEwyWy6k3KmAbqLSe,101309760,0.10130976,14428
tip_router,RouterBmuRBkPUbgEDMtdvTZ75GBdSREZR5uGUxxxpb,CmpT34rDtkjpnZvzWHTNX6p5D44GHZy5NYnDrVaEvESE,1280640,0.00128064,56
tip_router,RouterBmuRBkPUbgEDMtdvTZ75GBdSREZR5uGUxxxpb,55fkoAz6hxgvLK8WfsMoqCWxZj3RTb17qmkYSVyJdhcs,4628400,0.0046284,537
tip_router,RouterBmuRBkPUbgEDMtdvTZ75GBdSREZR5uGUxxxpb,4VBqUoVsgDfNNUiv9b3c2dyVgBkwhcVUBwJb3avxPRvv,1280640,0.00128064,56
tip_router,RouterBmuRBkPUbgEDMtdvTZ75GBdSREZR5uGUxxxpb,Hf523w9ensyzWK7AEWBS2wFnDeskYyaxqXCRE6te7hwW,20573760,0.02057376,2828
tip_router,RouterBmuRBkPUbgEDMtdvTZ75GBdSREZR5uGUxxxpb,9jCKPaA1tK1SfEBpN4URa9T68vcHrMAVX5VJo3WkAPns,20573760,0.02057376,2828
tip_router,RouterBmuRBkPUbgEDMtdvTZ75GBdSREZR5uGUxxxpb,GKg6eDGG7H4bpkfLSw1JAHKdi2xX3VZNab8aF9hUJpce,20573760,0.02057376,2828
tip_router,RouterBmuRBkPUbgEDMtdvTZ75GBdSREZR5uGUxxxpb,EEo3S5dkxBEXzQKgGzQGdmao2aAJryi7dwHvVKjRDC4V,20573760,0.02057376,2828
tip_router,RouterBmuRBkPUbgEDMtdvTZ75GBdSREZR5uGUxxxpb,Fzg5iq81qSUxkfEnaTFC6q51EKRcZDdT2Rs5y5iGiUb,1280640,0.00128064,56
tip_router,RouterBmuRBkPUbgEDMtdvTZ75GBdSREZR5uGUxxxpb,DfFNwbvfuFUVMvopxouyxVrizZKWazBzrxusGuQQ9ayk,20573760,0.02057376,2828
tip_router,RouterBmuRBkPUbgEDMtdvTZ75GBdSREZR5uGUxxxpb,2ggnQRZPgXvnYNJKY3DTiX6nsj32F34Bq7L925cPNyUk,1280640,0.00128064,56
tip_router,RouterBmuRBkPUbgEDMtdvTZ75GBdSREZR5uGUxxxpb,4b4JfzZYT5isbqZWAZr6USwrQpE6guwLPRN1tp9WZK5C,1280640,0.00128064,56
tip_router,RouterBmuRBkPUbgEDMtdvTZ75GBdSREZR5uGUxxxpb,2JtRoTQ84NkytgKGhwtbooP485RAknPfPeza5cj62ZKq,1280640,0.00128064,56
tip_router,RouterBmuRBkPUbgEDMtdvTZ75GBdSREZR5uGUxxxpb,2YVduNXffyhiYjTDmhCinCwdTJQJTdnwvHfq7Rrhbm6W,101309760,0.10130976,14428
tip_router,RouterBmuRBkPUbgEDMtdvTZ75GBdSREZR5uGUxxxpb,759EnTa4rWkS8qbgvqUBoZbsxbLZuMUkBokGYdjVgYna,101309760,0.10130976,14428
tip_router,RouterBmuRBkPUbgEDMtdvTZ75GBdSREZR5uGUxxxpb,8WdVr6e4S1hmTPFvbZpXGEZUig7sod2sEYhctNh2vM8h,20573760,0.02057376,2828
tip_router,RouterBmuRBkPUbgEDMtdvTZ75GBdSREZR5uGUxxxpb,6geNbaEHusyLFnEm78MevcMMebNYTp9zEXVJoW9H24U3,101309760,0.10130976,14428
tip_router,RouterBmuRBkPUbgEDMtdvTZ75GBdSREZR5uGUxxxpb,EmSvibmg2dWk2U4YiuBh6qcJSGVYFnS4X5vDXyL993ZD,1280640,0.00128064,56
tip_router,RouterBmuRBkPUbgEDMtdvTZ75GBdSREZR5uGUxxxpb,DeDXTfEo7aicjZdCRdPjQxXMGVr7uqwfq4CEFpS1M1Kh,101309760,0.10130976,14428
tip_router,RouterBmuRBkPUbgEDMtdvTZ75GBdSREZR5uGUxxxpb,QkjxzuWSNbTuKF7Qnq2Dj4F928ZawhKVvmVMgJ2KueY,20573760,0.02057376,2828
tip_router,RouterBmuRBkPUbgEDMtdvTZ75GBdSREZR5uGUxxxpb,7kBVFcR1cNRtX345Uk1zA4WDJLpsK6qETwiGKTT6VyN5,1280640,0.00128064,56
tip_router,RouterBmuRBkPUbgEDMtdvTZ75GBdSREZR5uGUxxxpb,8eoJbkWZipZfjEp3Lrc7e5Z3wTLAY8B8H8w1pbbLzitz,410688720,0.41068872,58879
tip_router,RouterBmuRBkPUbgEDMtdvTZ75GBdSREZR5uGUxxxpb,5qD3QuR8gzVJRWJhmFSkVEimxEey4GJRkReR2MJxPbJo,101309760,0.10130976,14428
tip_router,RouterBmuRBkPUbgEDMtdvTZ75GBdSREZR5uGUxxxpb,GHYVxWjzMs7DQsnuzXzdDTehVDZtfaFJf6NEemBsfduJ,20573760,0.02057376,2828
tip_router,RouterBmuRBkPUbgEDMtdvTZ75GBdSREZR5uGUxxxpb,DppSs51yE98pXdgotUz1A922k2WYuYBvM22GgvTBn5Ay,101309760,0.10130976,14428
tip_router,RouterBmuRBkPUbgEDMtdvTZ75GBdSREZR5uGUxxxpb,FZko2sRDNJfcTD7nGa8G2akYD4FoqvyKSXiTUw3m6GdU,4628400,0.0046284,537
tip_router,RouterBmuRBkPUbgEDMtdvTZ75GBdSREZR5uGUxxxpb,7pgUm7Nr84sAKSxEEhuTAq2DrX5j8jSgGzdg1f9t7SME,101309760,0.10130976,14428
tip_router,RouterBmuRBkPUbgEDMtdvTZ75GBdSREZR5uGUxxxpb,5Kxvxe8JDvfnmKLZt6gRKAG7aS6om2jWE1RGixNP8AtW,20573760,0.02057376,2828
tip_router,RouterBmuRBkPUbgEDMtdvTZ75GBdSREZR5uGUxxxpb,FLqGBfNj9a1eWFBrfYpKmPtJNfoUieiQ7FjCDP2PLWmZ,101309760,0.10130976,14428
tip_router,RouterBmuRBkPUbgEDMtdvTZ75GBdSREZR5uGUxxxpb,9XyDC6Ar6rLB4n1i7t5QVRPpHfRWGrZ9eGABzRV6fGdg,1280640,0.00128064,56
tip_router,RouterBmuRBkPUbgEDMtdvTZ75GBdSREZR5uGUxxxpb,2UFd4KGnQTB8n8UVGUcYQhUDNhKsSTFf3gkeP46CUuBa,101309760,0.10130976,14428
tip_router,RouterBmuRBkPUbgEDMtdvTZ75GBdSREZR5uGUxxxpb,AzikaZo6tXnpsDiwYLMphAPWUKc2GQKcKxrjMddKoUtc,20573760,0.02057376,2828
tip_router,RouterBmuRBkPUbgEDMtdvTZ75GBdSREZR5uGUxxxpb,57ofKwEB4rxNn6pkuYDqkyJW9bExyvBuZtQiLA3XjeYw,101309760,0.10130976,14428
tip_router,RouterBmuRBkPUbgEDMtdvTZ75GBdSREZR5uGUxxxpb,9ikzmUq3dQYj6xjHp2saKxivNx3fQTn8qNAqkiHBJEob,20573760,0.02057376,2828
tip_router,RouterBmuRBkPUbgEDMtdvTZ75GBdSREZR5uGUxxxpb,3Da7KYMVdM2iNsm6KNSWJR34GzCHLQk4txWom23QxPHi,101309760,0.10130976,14428
tip_router,RouterBmuRBkPUbgEDMtdvTZ75GBdSREZR5uGUxxxpb,Di74FLmkNKKpBqyMdJLgSiBzENJU3j5vg2cmbKsqH9p4,20573760,0.02057376,2828
tip_router,RouterBmuRBkPUbgEDMtdvTZ75GBdSREZR5uGUxxxpb,HQm96UbMg67tDwXndqXZrqzBqe9UKvmCeKDX86PFqWwh,20573760,0.02057376,2828
tip_router,RouterBmuRBkPUbgEDMtdvTZ75GBdSREZR5uGUxxxpb,FcZMECfuNZiH8V3JoaUdQYaj87yPaPuV7FUZnVktSgZ5,101309760,0.10130976,14428
tip_router,RouterBmuRBkPUbgEDMtdvTZ75GBdSREZR5uGUxxxpb,AmPjKqEnEJpeVA2DyK8KqvQ41ypMYYk3ftE7QApXfufK,893893680,0.89389368,128305
tip_router,RouterBmuRBkPUbgEDMtdvTZ75GBdSREZR5uGUxxxpb,9YhZYYq3iMFey7huciu6KzWTdpuHWtoHEwEjeq2Wbxez,101309760,0.10130976,14428
tip_router,RouterBmuRBkPUbgEDMtdvTZ75GBdSREZR5uGUxxxpb,2Pm4WquchewMXFAT6s1Gau23piG4UUA9BdybL4sJHZso,20573760,0.02057376,2828
tip_router,RouterBmuRBkPUbgEDMtdvTZ75GBdSREZR5uGUxxxpb,HXSFfGJt6WuxdwEGp7Jn7Fibm8KguSPxLeiw2aJiPkjP,20573760,0.02057376,2828
tip_router,RouterBmuRBkPUbgEDMtdvTZ75GBdSREZR5uGUxxxpb,3SREF9FaJ9nFd7zmJ9NXZYymPLAbmYxcwDBLrTeHzv44,20573760,0.02057376,2828
tip_router,RouterBmuRBkPUbgEDMtdvTZ75GBdSREZR5uGUxxxpb,7f9a7T6zi4UEzDAzt3FHxxZi2LHqsm9GuS14X16iYyxK,101309760,0.10130976,14428
tip_router,RouterBmuRBkPUbgEDMtdvTZ75GBdSREZR5uGUxxxpb,3xX3iWQ4v1VEqkGqGzWWw4PgAwgvKv9foZbrgYBUdtcu,20573760,0.02057376,2828
tip_router,RouterBmuRBkPUbgEDMtdvTZ75GBdSREZR5uGUxxxpb,EYvkfPfX3D4YLoqpPWdxfofWV6bLxvVH8PkrLaSG6Qy8,101309760,0.10130976,14428
tip_router,RouterBmuRBkPUbgEDMtdvTZ75GBdSREZR5uGUxxxpb,CEp9nQmZMRSW2PctKVUjeTRyXk1ffndQj9n45MYhSi6U,20573760,0.02057376,2828
tip_router,RouterBmuRBkPUbgEDMtdvTZ75GBdSREZR5uGUxxxpb,FC57iuhj9iraGD2LAhTzzvGrBp6oLeopfhirbbnMTEau,20573760,0.02057376,2828
tip_router,RouterBmuRBkPUbgEDMtdvTZ75GBdSREZR5uGUxxxpb,4DYS6YEZ5nUL83fdTEYbwwwzWWLxLZ4sgEAZN3htacj5,1280640,0.00128064,56
tip_router,RouterBmuRBkPUbgEDMtdvTZ75GBdSREZR5uGUxxxpb,G4TuUWDRqxrPUVqquC4ynLpjutQ7SLPmBBeU286jsfRy,20573760,0.02057376,2828
tip_router,RouterBmuRBkPUbgEDMtdvTZ75GBdSREZR5uGUxxxpb,C32w1MR56xzeESnVBhxiwutvUN1szyjF2R1gaKH1pHJM,1280640,0.00128064,56
tip_router,RouterBmuRBkPUbgEDMtdvTZ75GBdSREZR5uGUxxxpb,HbB2jtxcAdpoCKtyB2RLqZR1RZkjrQKzBMt3FBV4yVMG,1280640,0.00128064,56
tip_router,RouterBmuRBkPUbgEDMtdvTZ75GBdSREZR5uGUxxxpb,HQcETxD5K237Xf8WVDj9QBh8NiDiagideGHX988YcpfM,20573760,0.02057376,2828
tip_router,RouterBmuRBkPUbgEDMtdvTZ75GBdSREZR5uGUxxxpb,28qoKPH1Ep2XTBgFiyQapfXCJXemnVrR5PwGSZ3wqaft,1280640,0.00128064,56
tip_router,RouterBmuRBkPUbgEDMtdvTZ75GBdSREZR5uGUxxxpb,7SHceJiyt5uJVL9XSup7Qu8E7uLSWkJV734bbaqqMTTb,20573760,0.02057376,2828
tip_router,RouterBmuRBkPUbgEDMtdvTZ75GBdSREZR5uGUxxxpb,EEqAswjxTcY5uLdYmB6Gm9qJ6pbhyx87vPGLaB7AuREZ,101309760,0.10130976,14428
tip_router,RouterBmuRBkPUbgEDMtdvTZ75GBdSREZR5uGUxxxpb,2CNqDQnmjkwPZSeK83i2Bz9pHQgSHywxvSniQYugb5GP,1280640,0.00128064,56
tip_router,RouterBmuRBkPUbgEDMtdvTZ75GBdSREZR5uGUxxxpb,C1wZnKYHxTJ4HrRHBfCgUhgNVGmisanu88UgPoVLjc9b,20573760,0.02057376,2828
tip_router,RouterBmuRBkPUbgEDMtdvTZ75GBdSREZR5uGUxxxpb,dREihQSPutDhKHg9ToqewwtG6R3aQQPKYJvMSz6s1vH,101309760,0.10130976,14428
tip_router,RouterBmuRBkPUbgEDMtdvTZ75GBdSREZR5uGUxxxpb,jR5qFU7yd3En2F8JupvyYPRneLakwDGxah3RhYPLErv,1280640,0.00128064,56
tip_router,RouterBmuRBkPUbgEDMtdvTZ75GBdSREZR5uGUxxxpb,FTDwq821vw6kt8QjFB6Loc8ADcAfsy1Dxj7j4yMUXqw4,101309760,0.10130976,14428
tip_router,RouterBmuRBkPUbgEDMtdvTZ75GBdSREZR5uGUxxxpb,E26ou3Pt7JD7pNyfjPRujdsn7v2aGx6KSFpJCDp8hgYS,101309760,0.10130976,14428
tip_router,RouterBmuRBkPUbgEDMtdvTZ75GBdSREZR5uGUxxxpb,8fjPaQSWcWND116zkFqQMc5qrTueSDqriZu7E9pQk75U,101309760,0.10130976,14428
tip_router,RouterBmuRBkPUbgEDMtdvTZ75GBdSREZR5uGUxxxpb,CYPZAb1WaDEVtKhrNQ7caR2fxPEF9szMbXz4NRD4cbDN,20573760,0.02057376,2828
tip_router,RouterBmuRBkPUbgEDMtdvTZ75GBdSREZR5uGUxxxpb,9NqhLAZz99ZAQFMeuzQfWfcgakuRMWxAxXLwuBwHTHjW,1280640,0.00128064,56
tip_router,RouterBmuRBkPUbgEDMtdvTZ75GBdSREZR5uGUxxxpb,ENpNVQZMnMjuCwg3aYEh3BGoDbZkCzR6uSePQ1rkUvXa,20573760,0.02057376,2828
tip_router,RouterBmuRBkPUbgEDMtdvTZ75GBdSREZR5uGUxxxpb,6HhopUcWAeHHyjBz31A7WzWr1oUHYN4heC7uqqUrQpCb,20573760,0.02057376,2828
tip_router,RouterBmuRBkPUbgEDMtdvTZ75GBdSREZR5uGUxxxpb,2XNf4HPaLaVpDWjAbQakoKzXh3fhMRHomwEM2NvMP4Nx,174361920,0.17436192,24924
tip_router,RouterBmuRBkPUbgEDMtdvTZ75GBdSREZR5uGUxxxpb,9TheywQwEQhKZbC95k2VSo82pZxRMk4qnzz2Qmoxsbh4,20573760,0.02057376,2828
tip_router,RouterBmuRBkPUbgEDMtdvTZ75GBdSREZR5uGUxxxpb,5TQ5XAG32HXw1oRJiXZ5LLVEanFUrguyfLFSXxMLgQGg,101309760,0.10130976,14428
tip_router,RouterBmuRBkPUbgEDMtdvTZ75GBdSREZR5uGUxxxpb,2iSnivK7qZ2vLfzgpbMmz4sNTtDFwxzgyDBMmEwb47V7,101309760,0.10130976,14428
tip_router,RouterBmuRBkPUbgEDMtdvTZ75GBdSREZR5uGUxxxpb,GYx1EhnMo8PiUqK9djg5rZ1i99zFdNGPCx3Msbp2QgZ3,20573760,0.02057376,2828
tip_router,RouterBmuRBkPUbgEDMtdvTZ75GBdSREZR5uGUxxxpb,9aK97kDrAfgrNvRF9Wqb1vMurZodR9yeadJNrwf2p4wB,101309760,0.10130976,14428
tip_router,RouterBmuRBkPUbgEDMtdvTZ75GBdSREZR5uGUxxxpb,GbriJtxbVhca1ncQ5CDEu7hkHQtz7BHCaxomigxTmmiH,101309760,0.10130976,14428
tip_router,RouterBmuRBkPUbgEDMtdvTZ75GBdSREZR5uGUxxxpb,5pnnzF7gj4kebxFU22SAf84XupLhoZWVJSM9zdw76WZk,20573760,0.02057376,2828
tip_router,RouterBmuRBkPUbgEDMtdvTZ75GBdSREZR5uGUxxxpb,CxwytDfybqeWUXTx6JkmotS39fYTU8b953GXkR1ugnBa,20573760,0.02057376,2828
tip_router,RouterBmuRBkPUbgEDMtdvTZ75GBdSREZR5uGUxxxpb,6LqZTLoFzJMW5P7b4Rv63f7EVxZQ7hQofAJ5BcuGgd9R,20573760,0.02057376,2828
tip_router,RouterBmuRBkPUbgEDMtdvTZ75GBdSREZR5uGUxxxpb,Dp9swzRArEcS62i8r9yxkBPAYKJapfn8amt3nBwARhkX,101309760,0.10130976,14428
tip_router,RouterBmuRBkPUbgEDMtdvTZ75GBdSREZR5uGUxxxpb,255TCfU57aNxWQPD7fypYgThKKuWJyzpB2ybVRB4QDbM,101309760,0.10130976,14428
tip_router,RouterBmuRBkPUbgEDMtdvTZ75GBdSREZR5uGUxxxpb,kjmVsXg54LfL6KZKYUjjXJKsX1zcbknHeVivxFJ8GgG,20573760,0.02057376,2828
tip_router,RouterBmuRBkPUbgEDMtdvTZ75GBdSREZR5uGUxxxpb,9JgNV2j1hAwS63p5q2aFuQFqPmiAzScEjE99jW2h9VAg,20573760,0.02057376,2828
tip_router,RouterBmuRBkPUbgEDMtdvTZ75GBdSREZR5uGUxxxpb,9FKEh1fnpeFwj4nHrykSCpLLETJmcYm6jwgrRpPspFC5,101309760,0.10130976,14428
tip_router,RouterBmuRBkPUbgEDMtdvTZ75GBdSREZR5uGUxxxpb,3PpXVXtUUQMDvUatsqTftYKiFFvZGs7f4sT6ni36SAKJ,1280640,0.00128064,56
tip_router,RouterBmuRBkPUbgEDMtdvTZ75GBdSREZR5uGUxxxpb,B4Ds2HWkDjYp458p7Z49zC1HaTfrPGkTFLFRVv1HUMiz,101309760,0.10130976,14428
tip_router,RouterBmuRBkPUbgEDMtdvTZ75GBdSREZR5uGUxxxpb,VLubZP7Nhx9yQLHQJ67UsC9Cj4Prhr1Sm3SKvXsD253,101309760,0.10130976,14428
tip_router,RouterBmuRBkPUbgEDMtdvTZ75GBdSREZR5uGUxxxpb,pvripXE3EpkY33PwCihq8FrsRxNEgZDJRwsfnnZLNbZ,20573760,0.02057376,2828
tip_router,RouterBmuRBkPUbgEDMtdvTZ75GBdSREZR5uGUxxxpb,B5B4GobLXhR3hvTPAC2A5Dwp4Cqh9fMHhRjnAtK1KjXU,20573760,0.02057376,2828
tip_router,RouterBmuRBkPUbgEDMtdvTZ75GBdSREZR5uGUxxxpb,CwwG33gQhC1Jg4Zt8csfF1AyEbXcEyhquxikLmyjTrd8,20573760,0.02057376,2828
tip_router,RouterBmuRBkPUbgEDMtdvTZ75GBdSREZR5uGUxxxpb,9GeSQsqK8n8Nj6EX1o4r7W6z3xXMwUeczTWi3Mgqokak,20573760,0.02057376,2828
tip_router,RouterBmuRBkPUbgEDMtdvTZ75GBdSREZR5uGUxxxpb,4pra7nbiBjUK7TT3XNtQWPMYp8x4Tx8NhdgdD5UixLhZ,1280640,0.00128064,56
tip_router,RouterBmuRBkPUbgEDMtdvTZ75GBdSREZR5uGUxxxpb,7zjoYiQqJCmedpDFLutTixaQzN7axnK74XZQsox7RPZm,101309760,0.10130976,14428
tip_router,RouterBmuRBkPUbgEDMtdvTZ75GBdSREZR5uGUxxxpb,12PtaFVrD4cAgk2z72hJ15ckEiLUCBo3CaGp2UzoMbZZ,20573760,0.02057376,2828
tip_router,RouterBmuRBkPUbgEDMtdvTZ75GBdSREZR5uGUxxxpb,3xaP3dsi7iA5gyvV45AHkjD5EX9ySiCfU8iBGec9283Q,20573760,0.02057376,2828
tip_router,RouterBmuRBkPUbgEDMtdvTZ75GBdSREZR5uGUxxxpb,6MoVBSWcgEhDDnWNbJjwWUntn2CHcXvCCFz3cKV4xSew,1280640,0.00128064,56
tip_router,RouterBmuRBkPUbgEDMtdvTZ75GBdSREZR5uGUxxxpb,7myvvMFn5rz5oav5JuC1j5aDuCNEptnscTaspjKAAqpQ,20573760,0.02057376,2828
tip_router,RouterBmuRBkPUbgEDMtdvTZ75GBdSREZR5uGUxxxpb,3YTSG7kHYyCmg2KV9bnDDfgEZVAN7KQVaE9XnEP7pvfH,101309760,0.10130976,14428
tip_router,RouterBmuRBkPUbgEDMtdvTZ75GBdSREZR5uGUxxxpb,CG7forAh6i8mpmik9xmw1RmMJU8WNvav3xJ1ufJpZLqN,20573760,0.02057376,2828
tip_router,RouterBmuRBkPUbgEDMtdvTZ75GBdSREZR5uGUxxxpb,9cV56NHQcP1tgTZ1BJmUM3dNvdvTjzhgdqkPvFBFLD9H,4628400,0.0046284,537
tip_router,RouterBmuRBkPUbgEDMtdvTZ75GBdSREZR5uGUxxxpb,5ACvZPtWbrmRdggjT7Q8PnwQcHWTHSbZpPgUf3Gz4n4o,20573760,0.02057376,2828
tip_router,RouterBmuRBkPUbgEDMtdvTZ75GBdSREZR5uGUxxxpb,213iJ77853kkUd1erLg9eM4DYuyGFDnUwva4fdkBR5tH,101309760,0.10130976,14428
tip_router,RouterBmuRBkPUbgEDMtdvTZ75GBdSREZR5uGUxxxpb,GTnkrVvRAVrEVs68xV4RChpBJeLo2TjPhk6o6iQNsWnr,20573760,0.02057376,2828
tip_router,RouterBmuRBkPUbgEDMtdvTZ75GBdSREZR5uGUxxxpb,3rM8u23wrzzPg3WQnpohDemuc4Yp7PtA3jXW5eJDEmRv,20573760,0.02057376,2828
tip_router,RouterBmuRBkPUbgEDMtdvTZ75GBdSREZR5uGUxxxpb,2DekpnCHkcXNm6ZeHcdFZS9z9KAcAhV79WmEfshifarV,1280640,0.00128064,56
tip_router,RouterBmuRBkPUbgEDMtdvTZ75GBdSREZR5uGUxxxpb,JCPA33nuoEySp7Q475bRysS5V6L5TRhwFQWYpzL2p289,20573760,0.02057376,2828
tip_router,RouterBmuRBkPUbgEDMtdvTZ75GBdSREZR5uGUxxxpb,5z5cKrBaB9mkswdGpLEsd2iLMMXzUT1WqSEqPRAVzX2,101309760,0.10130976,14428
tip_router,RouterBmuRBkPUbgEDMtdvTZ75GBdSREZR5uGUxxxpb,86wjWJBJxCyYBsyLtiCTWPz2XzbDRo3B4kwW6zqe8EvN,20573760,0.02057376,2828
tip_router,RouterBmuRBkPUbgEDMtdvTZ75GBdSREZR5uGUxxxpb,A5LgYVv4PPW1ZzJu2kMppNvWCDN6KmsyFbcWwZ8cmSwT,101309760,0.10130976,14428
tip_router,RouterBmuRBkPUbgEDMtdvTZ75GBdSREZR5uGUxxxpb,9dGvzg9skLcgKhoqySksxdjR3y8azmRrsjaozsTN1F9J,174361920,0.17436192,24924
tip_router,RouterBmuRBkPUbgEDMtdvTZ75GBdSREZR5uGUxxxpb,ABPS9NTKbxwaf2ZvX66QAxbLZbCmKscf2ivwkjuEzqLB,20573760,0.02057376,2828
tip_router,RouterBmuRBkPUbgEDMtdvTZ75GBdSREZR5uGUxxxpb,EA7Jbk9Rk72C7K1vR54DX1xFCFxt3JTSv8UTxToZMRCg,20573760,0.02057376,2828
tip_router,RouterBmuRBkPUbgEDMtdvTZ75GBdSREZR5uGUxxxpb,3K1FpHS8ydEZEraDrkKEA16yQzyBu7YV6zHQ6Yz3uoRo,20573760,0.02057376,2828
tip_router,RouterBmuRBkPUbgEDMtdvTZ75GBdSREZR5uGUxxxpb,8Yw2AThJRiX1jnZmwRC5spDRYHLopK1Ku9Ng3MmsZT38,1280640,0.00128064,56
tip_router,RouterBmuRBkPUbgEDMtdvTZ75GBdSREZR5uGUxxxpb,7HvFcvA29fkhLRUZLSH72avJWzMmMYWjNN4Ww53sgc9L,101309760,0.10130976,14428
tip_router,RouterBmuRBkPUbgEDMtdvTZ75GBdSREZR5uGUxxxpb,8XHquRSZ7roALBYzGxfJmMpBZy95Bj9HPPrEPbRNrxsn,20573760,0.02057376,2828
tip_router,RouterBmuRBkPUbgEDMtdvTZ75GBdSREZR5uGUxxxpb,HJXS9wMCzhCiz1peTzYgiwg95qe4knt11G5EVzEwUwmA,1280640,0.00128064,56
tip_router,RouterBmuRBkPUbgEDMtdvTZ75GBdSREZR5uGUxxxpb,Eyw5bE7Ay4cbqmphDR6MwTs6ZRgiHqJNrRCFMd3sbfBb,101309760,0.10130976,14428
tip_router,RouterBmuRBkPUbgEDMtdvTZ75GBdSREZR5uGUxxxpb,7zio1P7KTY2iYFgAXoPHdCKnhUwnMMzkMT7waXUgi6QN,20573760,0.02057376,2828
tip_router,RouterBmuRBkPUbgEDMtdvTZ75GBdSREZR5uGUxxxpb,Ar5kVPBwrBcZzUREQCp46DcFHXF4e6ApHmcyn9JKvMuq,20573760,0.02057376,2828
tip_router,RouterBmuRBkPUbgEDMtdvTZ75GBdSREZR5uGUxxxpb,8D9jF7DcQAYNvUPQoLAf5B7fnjXcLaHL4ok3evdjaCPf,20573760,0.02057376,2828
tip_router,RouterBmuRBkPUbgEDMtdvTZ75GBdSREZR5uGUxxxpb,79ekxGj7bNAzfBcEE31kKyedJRDspXkvMQBQRzF8s2mh,101309760,0.10130976,14428
tip_router,RouterBmuRBkPUbgEDMtdvTZ75GBdSREZR5uGUxxxpb,G9YUHED1teq7yrKtwVFLtTNVN4686ukyxGye4v68RLZ5,1280640,0.00128064,56
tip_router,RouterBmuRBkPUbgEDMtdvTZ75GBdSREZR5uGUxxxpb,DkDnc3bffVWvDtnz8hd3zF5VfzbfUjFjX1B1Rj1z31KN,1280640,0.00128064,56
tip_router,RouterBmuRBkPUbgEDMtdvTZ75GBdSREZR5uGUxxxpb,3MXKGfcEanre1U1tT7rCtWMMTk6hejHx9FwNb4quiFog,20573760,0.02057376,2828
tip_router,RouterBmuRBkPUbgEDMtdvTZ75GBdSREZR5uGUxxxpb,89T8pANC71FxJuNPoRS83pXouSaq6Jbt2Kw1aHTGDix,1280640,0.00128064,56
tip_router,RouterBmuRBkPUbgEDMtdvTZ75GBdSREZR5uGUxxxpb,H8eahFUqMRX3MbMmRD5Ae1sErrzm6mnpzwhbAYUCbkWt,20573760,0.02057376,2828
tip_router,RouterBmuRBkPUbgEDMtdvTZ75GBdSREZR5uGUxxxpb,ESBnSkspbnmrFhdx9YJS1iXJwd61n2e7iMra3NFDbMXv,101309760,0.10130976,14428
tip_router,RouterBmuRBkPUbgEDMtdvTZ75GBdSREZR5uGUxxxpb,5dd6JBEKgcr7c7kPMNm7snXSCcoEDEcpzDz9BEpp4mL6,1280640,0.00128064,56
tip_router,RouterBmuRBkPUbgEDMtdvTZ75GBdSREZR5uGUxxxpb,DEab2Bn9EWuPL59s22EKCDQpd96b8nEhVPRrmHZTTX29,20573760,0.02057376,2828
tip_router,RouterBmuRBkPUbgEDMtdvTZ75GBdSREZR5uGUxxxpb,8K6zQNSZztrEPZEdATbz5myGLcjMYQ6hnUtic9wVU8UJ,20573760,0.02057376,2828
tip_router,RouterBmuRBkPUbgEDMtdvTZ75GBdSREZR5uGUxxxpb,CqYvAr3fR4EvYjp3PGo5g11etAx8D3kqzGMq4JB9jgbE,1280640,0.00128064,56
tip_router,RouterBmuRBkPUbgEDMtdvTZ75GBdSREZR5uGUxxxpb,BxuzkSgAMDbpiLbSYymng1ZsQfAiYSEF8dQSzwzSotuW,1280640,0.00128064,56
tip_router,RouterBmuRBkPUbgEDMtdvTZ75GBdSREZR5uGUxxxpb,EzqrpM6DuNMYTUfVUFqPaXMpi1vPT386LD3gxJxzwRcb,20573760,0.02057376,2828
tip_router,RouterBmuRBkPUbgEDMtdvTZ75GBdSREZR5uGUxxxpb,7o35eE1R5xxmaVp1kMPnrRQGumWZaQvBK3R1TiSB5LaM,174361920,0.17436192,24924
tip_router,RouterBmuRBkPUbgEDMtdvTZ75GBdSREZR5uGUxxxpb,8ewyJg4phkfNxsCKbrcheJY2fsdWrC2cCJqb4txPX9YG,101309760,0.10130976,14428
tip_router,RouterBmuRBkPUbgEDMtdvTZ75GBdSREZR5uGUxxxpb,664Fe8Ld5AiXRZgR1A4joku19bUTeqi8vwcMGWYhTdD,20573760,0.02057376,2828
tip_router,RouterBmuRBkPUbgEDMtdvTZ75GBdSREZR5uGUxxxpb,B48qi89m8neLvx9avzt7waMUJFXjHWN6nDMekHXD9Vyn,101309760,0.10130976,14428
tip_router,RouterBmuRBkPUbgEDMtdvTZ75GBdSREZR5uGUxxxpb,HsXduEoT2r4iGqHf8d78hYCUvVMeNb7huwgA5Rc3Ca8F,20573760,0.02057376,2828
tip_router,RouterBmuRBkPUbgEDMtdvTZ75GBdSREZR5uGUxxxpb,HrJAFDp65u8VGWhr2M4bJ6YtoL7mZeHYaCeeNxdEyk11,20573760,0.02057376,2828
tip_router,RouterBmuRBkPUbgEDMtdvTZ75GBdSREZR5uGUxxxpb,G5FyVityfczbgtR1yGP8dVwuWpxnczAcv59VyonLg3c5,20573760,0.02057376,2828
tip_router,RouterBmuRBkPUbgEDMtdvTZ75GBdSREZR5uGUxxxpb,4PEf9dBwPK4UjoD5nomZKRo7dWf7TvRGSKirdJcXCX46,20573760,0.02057376,2828
tip_router,RouterBmuRBkPUbgEDMtdvTZ75GBdSREZR5uGUxxxpb,8FVw37Cu3Z6DWGuN4wdfkTeedA4GEmiAV39i9Xzk6VgK,101309760,0.10130976,14428
tip_router,RouterBmuRBkPUbgEDMtdvTZ75GBdSREZR5uGUxxxpb,5xBjh9rT8s8e3wt7g7RHu4vxuUQ7RyuVbBvbCmMG9rej,20573760,0.02057376,2828
tip_router,RouterBmuRBkPUbgEDMtdvTZ75GBdSREZR5uGUxxxpb,6mp6i6vVvU3UUjWGLGnVojcsbSQmgYx7p7HoAvMdkNBj,101309760,0.10130976,14428
tip_router,RouterBmuRBkPUbgEDMtdvTZ75GBdSREZR5uGUxxxpb,9xt5Mfwa5aHx2gFdJakT5oVPxzrwifD6RL56nUkiZGKG,174361920,0.17436192,24924
tip_router,RouterBmuRBkPUbgEDMtdvTZ75GBdSREZR5uGUxxxpb,Azw7utfRxJXMPRgoDwm6kmd1T2AAkkvwRbaZERgjQDeZ,20573760,0.02057376,2828
tip_router,RouterBmuRBkPUbgEDMtdvTZ75GBdSREZR5uGUxxxpb,Hv82qsWTR88JevGrvGfDWXmTDtFob8X4nMZ4vGwhokMf,101309760,0.10130976,14428
tip_router,RouterBmuRBkPUbgEDMtdvTZ75GBdSREZR5uGUxxxpb,HHNZy6eiX2U4rbwC1fVdMNugPV9dLGh5YVJUJUaEUjKX,1280640,0.00128064,56
tip_router,RouterBmuRBkPUbgEDMtdvTZ75GBdSREZR5uGUxxxpb,5nJB23BNK9sPfRGiABiwofGEUx2pf6yVk976LRMWWPBP,20573760,0.02057376,2828
tip_router,RouterBmuRBkPUbgEDMtdvTZ75GBdSREZR5uGUxxxpb,4mFihgyGG3mgfbLasaP8X6tu1U3vERfdbXMRXb4vJnnw,1280640,0.00128064,56
tip_router,RouterBmuRBkPUbgEDMtdvTZ75GBdSREZR5uGUxxxpb,5ahFbXHkPyuBZyJ8beyrJwQqc6rzPkBHqdgkAUWxYdTG,20573760,0.02057376,2828
tip_router,RouterBmuRBkPUbgEDMtdvTZ75GBdSREZR5uGUxxxpb,HoEHZwACfwXkr357k8jmHvEXBpZFANXa6JnqfnX61EXR,101309760,0.10130976,14428
tip_router,RouterBmuRBkPUbgEDMtdvTZ75GBdSREZR5uGUxxxpb,CYqai5yv6i7DGmFz8DmBQMtw47wFWrxxGQLgikg8mm8J,20573760,0.02057376,2828
tip_router,RouterBmuRBkPUbgEDMtdvTZ75GBdSREZR5uGUxxxpb,DJji8XMvaxyLGCLZAss2FeQJopm2NHV8is5ekvMcva6M,20573760,0.02057376,2828
tip_router,RouterBmuRBkPUbgEDMtdvTZ75GBdSREZR5uGUxxxpb,8hKiuzQB1tL78wki1JnTkR2n781sLNLDqREXMouFveBy,101309760,0.10130976,14428
tip_router,RouterBmuRBkPUbgEDMtdvTZ75GBdSREZR5uGUxxxpb,EjeV8q6dbMtzieJUDxxdk79enSf3o6oYs9adPAdCAZ8i,20573760,0.02057376,2828
tip_router,RouterBmuRBkPUbgEDMtdvTZ75GBdSREZR5uGUxxxpb,6aK7FWMUXqz6jy5tF55Pw9YKbQU3cuhX4PUReCdjjxvr,1280640,0.00128064,56
tip_router,RouterBmuRBkPUbgEDMtdvTZ75GBdSREZR5uGUxxxpb,8qt7dJ6PUcAg7VBCfmxZvSg84d63iTUVKRRzEZKpeccX,20573760,0.02057376,2828
tip_router,RouterBmuRBkPUbgEDMtdvTZ75GBdSREZR5uGUxxxpb,9Vc6wHmW5c6xN1r68ixk6Gu7ideqVe9hpqyriqwm2XaQ,20573760,0.02057376,2828
tip_router,RouterBmuRBkPUbgEDMtdvTZ75GBdSREZR5uGUxxxpb,Csu3e8Re2DtEcZfjzTN3Y8iqhnTFtBQcbAzJDtF2zizM,101309760,0.10130976,14428
tip_router,RouterBmuRBkPUbgEDMtdvTZ75GBdSREZR5uGUxxxpb,5MUSNwhYAY75LMmuU1ezL7ZNhd5331iiVKUAtoDicdKw,20573760,0.02057376,2828
tip_router,RouterBmuRBkPUbgEDMtdvTZ75GBdSREZR5uGUxxxpb,GQGrigTd5Rz1SsfpGsir63TYk6TMo9hDnerpE376Er9G,20573760,0.02057376,2828
tip_router,RouterBmuRBkPUbgEDMtdvTZ75GBdSREZR5uGUxxxpb,7sr4eUDGjWoqQKnWMpdZKVZaiRMKgjXJR6DHpS9KQJym,20573760,0.02057376,2828
tip_router,RouterBmuRBkPUbgEDMtdvTZ75GBdSREZR5uGUxxxpb,FAoazbpXrZUJRbJtbm7SS8gwoDsUeC6WYgprHj83E5ZE,20573760,0.02057376,2828
tip_router,RouterBmuRBkPUbgEDMtdvTZ75GBdSREZR5uGUxxxpb,9nnzs8urguciGNPdmginS2oZwi9uEitvoktc1XbWMVpB,20573760,0.02057376,2828
tip_router,RouterBmuRBkPUbgEDMtdvTZ75GBdSREZR5uGUxxxpb,CMSvWpngTmxNyoZUcf7zGKfAY7EFRkLhk1UAj89oxHkT,1280640,0.00128064,56
tip_router,RouterBmuRBkPUbgEDMtdvTZ75GBdSREZR5uGUxxxpb,GcnP2fALewiGcpQQXSZLL1F6sEJjzduu3JZ8ttYweXM7,101309760,0.10130976,14428
tip_router,RouterBmuRBkPUbgEDMtdvTZ75GBdSREZR5uGUxxxpb,F4gBPuE3aPMjiAthvT9RsdjAgB4Yadrn32ZPJLgp3qj7,20573760,0.02057376,2828
tip_router,RouterBmuRBkPUbgEDMtdvTZ75GBdSREZR5uGUxxxpb,GVjwryg17dJMxyVdmKc3paMLYnhjfSKaYrbinWD1WhjT,1280640,0.00128064,56
tip_router,RouterBmuRBkPUbgEDMtdvTZ75GBdSREZR5uGUxxxpb,DmJfo4o9zDaNS2PkqBZrS7R7DkYPmU3PXQNXXJFRWrRY,20573760,0.02057376,2828
tip_router,RouterBmuRBkPUbgEDMtdvTZ75GBdSREZR5uGUxxxpb,BY7r5XYtMfrkCBGy7Dfhs6QNuP2CS3Kfmh9iNcDTR9Cm,1280640,0.00128064,56
tip_router,RouterBmuRBkPUbgEDMtdvTZ75GBdSREZR5uGUxxxpb,4v6pTFN41RVB2MuP4YnaiKppL7cuNQ3d2AcZsLMsFrq2,20573760,0.02057376,2828
tip_router,RouterBmuRBkPUbgEDMtdvTZ75GBdSREZR5uGUxxxpb,SfRxBwTQuXXN94S6DxQUZkTpLpmFkeSqtSBj3d16ahe,262816560,0.26281656,37633
tip_router,RouterBmuRBkPUbgEDMtdvTZ75GBdSREZR5uGUxxxpb,348RrULL6N2Y1TNnZyjnwBESh6hmpKWASeJLtQvXE5Xj,410688720,0.41068872,58879
tip_router,RouterBmuRBkPUbgEDMtdvTZ75GBdSREZR5uGUxxxpb,8Qssbhhcv4zjmfsH657sVmGJSoq1eUgcmGF8Zt2Wyekq,20573760,0.02057376,2828
tip_router,RouterBmuRBkPUbgEDMtdvTZ75GBdSREZR5uGUxxxpb,EcNgTWSv6Qm1c4hrMmGsrJ1ArQfbwSq1fKVaFgQYh34a,20573760,0.02057376,2828
tip_router,RouterBmuRBkPUbgEDMtdvTZ75GBdSREZR5uGUxxxpb,9Eu1q5BHBB45xdSjRYz9aVfCvEfQgbbmTsomN9stGYjm,262816560,0.26281656,37633
tip_router,RouterBmuRBkPUbgEDMtdvTZ75GBdSREZR5uGUxxxpb,8im9KNnUzCKsD9RMnVLjysdGyfERTkaqtX6qb9vbyZnK,20573760,0.02057376,2828
tip_router,RouterBmuRBkPUbgEDMtdvTZ75GBdSREZR5uGUxxxpb,FJTsrpuAvtL31Md4e1P1bCdbtAymLLzvSUoAPBPiW9Hk,4628400,0.0046284,537
tip_router,RouterBmuRBkPUbgEDMtdvTZ75GBdSREZR5uGUxxxpb,28Gg1gtJef7qJMdERQDNRdoMFdpWLHhVVi82YKiv79gT,20573760,0.02057376,2828
tip_router,RouterBmuRBkPUbgEDMtdvTZ75GBdSREZR5uGUxxxpb,Bu7MB2vDfyAu2NkqtWcAkmzGDcuFyzHN9YeWZDaEdf99,410688720,0.41068872,58879
tip_router,RouterBmuRBkPUbgEDMtdvTZ75GBdSREZR5uGUxxxpb,HU7TGfYkVt5cbAyFWdGT5vGcZfVXBwFbs6E8qbc35s9W,101309760,0.10130976,14428
tip_router,RouterBmuRBkPUbgEDMtdvTZ75GBdSREZR5uGUxxxpb,GnDHtJBnvbXFq1q2fKmzX42syNVZuWSrt3JbvpPPTcU8,20573760,0.02057376,2828
tip_router,RouterBmuRBkPUbgEDMtdvTZ75GBdSREZR5uGUxxxpb,Gr2cuqU8Bh4Z4rdsXXaNLqWZF1YFcpbQXNkKPSYa69wQ,1280640,0.00128064,56
tip_router,RouterBmuRBkPUbgEDMtdvTZ75GBdSREZR5uGUxxxpb,2t2NQUgiBAVDwi9pu6gGYzvgoS17qnpNeV7yB8YeGoyQ,20573760,0.02057376,2828
tip_router,RouterBmuRBkPUbgEDMtdvTZ75GBdSREZR5uGUxxxpb,HVzX11LjKhrozpsmKCpKpvz8ue1ATbacjmv4KMoQhn2T,101309760,0.10130976,14428
tip_router,RouterBmuRBkPUbgEDMtdvTZ75GBdSREZR5uGUxxxpb,6jf6f5XA8HhwScQMCDTGe7NKVLr7gHXt1bpFr9RJB7h7,1280640,0.00128064,56
tip_router,RouterBmuRBkPUbgEDMtdvTZ75GBdSREZR5uGUxxxpb,FhKpTDid9kG4dEnCBN4K1Xx2CLuXurm81cU7Kcb1R618,1280640,0.00128064,56
tip_router,RouterBmuRBkPUbgEDMtdvTZ75GBdSREZR5uGUxxxpb,4qKHQebt3Aa5noxaFyMgr4EX5MKjwGHm1CwEWscv9xSN,20573760,0.02057376,2828
tip_router,RouterBmuRBkPUbgEDMtdvTZ75GBdSREZR5uGUxxxpb,HzkVt1Lave5gUJYDb5V8hgBqyKU4WBC8dShRhszsq8BN,893893680,0.89389368,128305
tip_router,RouterBmuRBkPUbgEDMtdvTZ75GBdSREZR5uGUxxxpb,FVvVKEKcaocbktZFzSt16bpXp359dYCJhvLdpWpcQa8,101309760,0.10130976,14428
tip_router,RouterBmuRBkPUbgEDMtdvTZ75GBdSREZR5uGUxxxpb,EDk9bzEuoAK2mrUJgQyWaBmaTipnBspFDhPdS5cSBjsy,1280640,0.00128064,56
tip_router,RouterBmuRBkPUbgEDMtdvTZ75GBdSREZR5uGUxxxpb,AYmN4ATUJ9qLJvZSvaC7bMY9RiHrw2YjkNR82hiQyeoh,1280640,0.00128064,56
tip_router,RouterBmuRBkPUbgEDMtdvTZ75GBdSREZR5uGUxxxpb,CkvzZ77X1c8hhcmLZhHDwMw7CopWUSTaGop9FPNG58tg,20573760,0.02057376,2828
tip_router,RouterBmuRBkPUbgEDMtdvTZ75GBdSREZR5uGUxxxpb,7FPRxvmdHE1LWPPn9q4ALPpK91UawqxL3TaeajiRqRXM,20573760,0.02057376,2828
tip_router,RouterBmuRBkPUbgEDMtdvTZ75GBdSREZR5uGUxxxpb,6r4yBHhvLi2TvdsgQibhsyyLAAr2WVS27wMWctKgzQm2,20573760,0.02057376,2828
tip_router,RouterBmuRBkPUbgEDMtdvTZ75GBdSREZR5uGUxxxpb,EBH4WxQ8a7qWyu5xFrz2Ez1QveUuVSSA2J5Hy5ydP63a,20573760,0.02057376,2828
tip_router,RouterBmuRBkPUbgEDMtdvTZ75GBdSREZR5uGUxxxpb,BTsKYutC15ixmZqTxbZxjw4mo9yRemr83ZJQq4rJ4BY3,101309760,0.10130976,14428
tip_router,RouterBmuRBkPUbgEDMtdvTZ75GBdSREZR5uGUxxxpb,4yE6LQSnNk4Q6ShAqmbgxyV8SbYFLHg8rurkSqTFJZq,20573760,0.02057376,2828
tip_router,RouterBmuRBkPUbgEDMtdvTZ75GBdSREZR5uGUxxxpb,6Le1kY4euBQebGiJzYb9QA9N5KfA3NpbDRjZ1euXeniT,1280640,0.00128064,56
tip_router,RouterBmuRBkPUbgEDMtdvTZ75GBdSREZR5uGUxxxpb,CsjvtpZSYLJjo1yCUf9WJi6epVwV6tGhtKDWd2DV7pbb,101309760,0.10130976,14428
tip_router,RouterBmuRBkPUbgEDMtdvTZ75GBdSREZR5uGUxxxpb,96rVTkxuBiDLMuMFwaLbUQy6sNedY1w8rsyjmRUTcTcJ,20573760,0.02057376,2828
tip_router,RouterBmuRBkPUbgEDMtdvTZ75GBdSREZR5uGUxxxpb,Ew2TynF233s4BNX2qsTZbZh2ziNbfDu4YtD9s6yfb7fA,101309760,0.10130976,14428
tip_router,RouterBmuRBkPUbgEDMtdvTZ75GBdSREZR5uGUxxxpb,7CeA22gWcmYz2zxdyromUJYszEX83qAbFXsb8FcYLThG,20573760,0.02057376,2828
tip_router,RouterBmuRBkPUbgEDMtdvTZ75GBdSREZR5uGUxxxpb,4MwyCojZteuZWQdPfx5SUKpeb2bgQK2asA4XNy7Byj4V,101309760,0.10130976,14428
tip_router,RouterBmuRBkPUbgEDMtdvTZ75GBdSREZR5uGUxxxpb,C2xPWq5Uc4UUFhvFWwvpwVkDX54BBiqTDTXDVni55vVb,20573760,0.02057376,2828
tip_router,RouterBmuRBkPUbgEDMtdvTZ75GBdSREZR5uGUxxxpb,2Xmbt3KLtcbVM5Es6VFicuYKuA536kENoz68LSjUxcXL,1280640,0.00128064,56
tip_router,RouterBmuRBkPUbgEDMtdvTZ75GBdSREZR5uGUxxxpb,5Exd8ZUmavVbvrLzQDFYDKXcJHCSgCbHx5gVBWiQbnp2,20573760,0.02057376,2828
tip_router,RouterBmuRBkPUbgEDMtdvTZ75GBdSREZR5uGUxxxpb,G73d6ASW83eJbAx2qCdpSY5tvK9to52rUCXDVCv612u,410688720,0.41068872,58879
tip_router,RouterBmuRBkPUbgEDMtdvTZ75GBdSREZR5uGUxxxpb,dATUengDEGGxdSTjukJkdVs2TcTkHprDKPPE5Ps9Box,101309760,0.10130976,14428
tip_router,RouterBmuRBkPUbgEDMtdvTZ75GBdSREZR5uGUxxxpb,CPAtH4kmkXM8KyLsGPKR4Zd664X7PUsJGKgV1adk2TDR,20573760,0.02057376,2828
tip_router,RouterBmuRBkPUbgEDMtdvTZ75GBdSREZR5uGUxxxpb,Csu1YpojBTdLzf6Q6BVmz2RwYaMg5Lu5xcGDjXfysmin,20573760,0.02057376,2828
tip_router,RouterBmuRBkPUbgEDMtdvTZ75GBdSREZR5uGUxxxpb,8bSuNYhmu4UX3GydfbD8noTionngnnDBVEQADMpnPhrR,20573760,0.02057376,2828
tip_router,RouterBmuRBkPUbgEDMtdvTZ75GBdSREZR5uGUxxxpb,6xi6iz7dhBEz2wgKQd4KYq3H9c6fcMZ6CnxU2m4vJJ7V,101309760,0.10130976,14428
tip_router,RouterBmuRBkPUbgEDMtdvTZ75GBdSREZR5uGUxxxpb,6t9phAdVZG2cEK5tpJMSxbZxqCShjQCeB48oQRBDM6De,1280640,0.00128064,56
tip_router,RouterBmuRBkPUbgEDMtdvTZ75GBdSREZR5uGUxxxpb,CCi5TfMmcqngq4KdVzUTRzpxB33CFzrrguAHVDt52Jkt,20573760,0.02057376,2828
tip_router,RouterBmuRBkPUbgEDMtdvTZ75GBdSREZR5uGUxxxpb,AzfR33gU1xauG6k25nLXZu8YQ9ajijiAYmswU2bUvU3n,101309760,0.10130976,14428
tip_router,RouterBmuRBkPUbgEDMtdvTZ75GBdSREZR5uGUxxxpb,G81wLhDp9xkDHdts1JkSe7RykhmQBJNAbxjo88F6PAcS,893893680,0.89389368,128305
tip_router,RouterBmuRBkPUbgEDMtdvTZ75GBdSREZR5uGUxxxpb,62n3NC4m61ZuQLin7WypZ3vH26cTXzUbw2zbjzAaaNjx,1280640,0.00128064,56
tip_router,RouterBmuRBkPUbgEDMtdvTZ75GBdSREZR5uGUxxxpb,Fe1iyceZiroTfUHRVrfEGuysfUBf6NH6vc7GnwnSBcda,20573760,0.02057376,2828
tip_router,RouterBmuRBkPUbgEDMtdvTZ75GBdSREZR5uGUxxxpb,6CUsrFv2E4vPZts7GnqJPVuMzzbSLMttcQ93epyDCqQH,4628400,0.0046284,537
tip_router,RouterBmuRBkPUbgEDMtdvTZ75GBdSREZR5uGUxxxpb,8EbQqHyAQJy5ys37uhtA52bL8pvZFFCBfXBX3qeHPdgi,1280640,0.00128064,56
tip_router,RouterBmuRBkPUbgEDMtdvTZ75GBdSREZR5uGUxxxpb,C45rKtVy1NFvGstBQ5YstmLpEmRkUurW6hCCUTPoyZQ2,20573760,0.02057376,2828
tip_router,RouterBmuRBkPUbgEDMtdvTZ75GBdSREZR5uGUxxxpb,8PHwgkDxcLUpcjsnnVNdA36ZGP9VpRUnZ7CTAz53VfQE,20573760,0.02057376,2828
tip_router,RouterBmuRBkPUbgEDMtdvTZ75GBdSREZR5uGUxxxpb,73B3TURft4C7Hz4DkraUwvCs5L9tntTTQDAS5QhNQaFU,101309760,0.10130976,14428
tip_router,RouterBmuRBkPUbgEDMtdvTZ75GBdSREZR5uGUxxxpb,8sR1xSr9ARwCmRk3bfa42rLcE3HbXrqY43LAyXsPHy7f,20573760,0.02057376,2828
tip_router,RouterBmuRBkPUbgEDMtdvTZ75GBdSREZR5uGUxxxpb,14sC3LpwgREtrv2AgECRRSAgxFkgkoZ6mD9T19rw827S,20573760,0.02057376,2828
tip_router,RouterBmuRBkPUbgEDMtdvTZ75GBdSREZR5uGUxxxpb,Hd76VJ2nE9qgEycew7x3h4sYhYNTa7RCtYqwr2aikQmR,101309760,0.10130976,14428
tip_router,RouterBmuRBkPUbgEDMtdvTZ75GBdSREZR5uGUxxxpb,3oGnwaLPFZYu8mBSiPAKuDXVjb4yQZ9AsdTz4TThrufX,20573760,0.02057376,2828
tip_router,RouterBmuRBkPUbgEDMtdvTZ75GBdSREZR5uGUxxxpb,GwLgQJQ9cdEXah2HayNtDmBfSbWGiZtvDjH3XWXAdr9d,20573760,0.02057376,2828
tip_router,RouterBmuRBkPUbgEDMtdvTZ75GBdSREZR5uGUxxxpb,EFkgZS9NFFTKK2Nm14Z4tLyvPieqqyn5BCSuDuQcGm4Z,1280640,0.00128064,56
tip_router,RouterBmuRBkPUbgEDMtdvTZ75GBdSREZR5uGUxxxpb,G7weca64sZnGqqi6piF6ctjKpHSphbfvsdmpziP7KpP6,1280640,0.00128064,56
tip_router,RouterBmuRBkPUbgEDMtdvTZ75GBdSREZR5uGUxxxpb,Cnwp9eUZkLc8NB31BcXPpxXhteiHPkDBrapScxp1LPqA,1280640,0.00128064,56
tip_router,RouterBmuRBkPUbgEDMtdvTZ75GBdSREZR5uGUxxxpb,CSdmaRGDkG5vNJKzBsyPfQuvMo7m8fGfQBiZLJ7H2nCt,20573760,0.02057376,2828
tip_router,RouterBmuRBkPUbgEDMtdvTZ75GBdSREZR5uGUxxxpb,7u9HndTq92FpYsPMcb21Y78poEa4vu4T3o8WLxj1Uqqu,1280640,0.00128064,56
tip_router,RouterBmuRBkPUbgEDMtdvTZ75GBdSREZR5uGUxxxpb,6E8k8Hsh83mi5BSmALF3mGZHKf8kqD8pQy9efvhXcwYY,20573760,0.02057376,2828
tip_router,RouterBmuRBkPUbgEDMtdvTZ75GBdSREZR5uGUxxxpb,DcG3mZW7xr53xhpxczghASq2epyK9zfBEbSxZhhxN87r,20573760,0.02057376,2828
tip_router,RouterBmuRBkPUbgEDMtdvTZ75GBdSREZR5uGUxxxpb,2tCoztASqDe36hYYLmdfZ9Bfo88nwgZwBbVmRnr2oda5,101309760,0.10130976,14428
tip_router,RouterBmuRBkPUbgEDMtdvTZ75GBdSREZR5uGUxxxpb,2wH3jqmE2E1BBGoyymzYgt8JjHjiMNUmj8a3pWJUppLy,20573760,0.02057376,2828
tip_router,RouterBmuRBkPUbgEDMtdvTZ75GBdSREZR5uGUxxxpb,FHktFbhTe7q55Bz8WJMB9hHRaKc1KHaXiHrdkR6haGG4,101309760,0.10130976,14428
tip_router,RouterBmuRBkPUbgEDMtdvTZ75GBdSREZR5uGUxxxpb,GfQMbFZTACC9kz6fxLGEG8T7tLA18snzVw8EpmhmB3Mq,101309760,0.10130976,14428
tip_router,RouterBmuRBkPUbgEDMtdvTZ75GBdSREZR5uGUxxxpb,6ad7MtN56UjjANQAFd7u7Vkf6652yprap41v6u7BvDK6,20573760,0.02057376,2828
tip_router,RouterBmuRBkPUbgEDMtdvTZ75GBdSREZR5uGUxxxpb,HyL2mNdzkT7xQtBs9emGVfBJVMzH7GECXh48jjnDZuyJ,20573760,0.02057376,2828
tip_router,RouterBmuRBkPUbgEDMtdvTZ75GBdSREZR5uGUxxxpb,6WiVJnpmScFSWxLKdFXkHTAjKPXuNzkz1ZvycDfHu7ax,101309760,0.10130976,14428
tip_router,RouterBmuRBkPUbgEDMtdvTZ75GBdSREZR5uGUxxxpb,ENF3SYMp3kpNWK3NPq6ibB2W8HxzQdAoU1icSC6CDsY,20573760,0.02057376,2828
tip_router,RouterBmuRBkPUbgEDMtdvTZ75GBdSREZR5uGUxxxpb,3v1vpvSkwj8YDPSdKJp8iEBsnxSbiHLXqxedEU29tmtC,20573760,0.02057376,2828
tip_router,RouterBmuRBkPUbgEDMtdvTZ75GBdSREZR5uGUxxxpb,9Q6NtdGGDUVbTNMEzpkRfCJTdtsxXriD8GTFBq2EmWC3,893893680,0.89389368,128305
tip_router,RouterBmuRBkPUbgEDMtdvTZ75GBdSREZR5uGUxxxpb,2GYYWHWjxQXCisZ87btMVatXyC7SmmSkWeiJmd75sJzX,101309760,0.10130976,14428
tip_router,RouterBmuRBkPUbgEDMtdvTZ75GBdSREZR5uGUxxxpb,2dEEmLZ3wvCqzoBgvmfNxHR9WtrFBnhxtav8x125A1oC,101309760,0.10130976,14428
tip_router,RouterBmuRBkPUbgEDMtdvTZ75GBdSREZR5uGUxxxpb,AQwMHY3AUv2ckyvT3AbTsZ1LpxXZ8WUrvGG4Xmwey9mX,20573760,0.02057376,2828
tip_router,RouterBmuRBkPUbgEDMtdvTZ75GBdSREZR5uGUxxxpb,JBStYcF9vyJw73GHHJ2PmAQkURWBwGESRzx5XzewV9YF,20573760,0.02057376,2828
tip_router,RouterBmuRBkPUbgEDMtdvTZ75GBdSREZR5uGUxxxpb,Be9iJRnxYUSGp1QTrjeLR7WMWcVgThB2ZEEGQ6dgQyAn,20573760,0.02057376,2828
tip_router,RouterBmuRBkPUbgEDMtdvTZ75GBdSREZR5uGUxxxpb,Bgs4ZnZDS8yeRqyhgkN3F6y8sUfbjmhrLxwgb5XgB4r3,1280640,0.00128064,56
tip_router,RouterBmuRBkPUbgEDMtdvTZ75GBdSREZR5uGUxxxpb,5B5wRR4pSYfuaZyusAdtuajGB6FzyKnmbScSEjRcy8DY,20573760,0.02057376,2828
tip_router,RouterBmuRBkPUbgEDMtdvTZ75GBdSREZR5uGUxxxpb,8MKEC49LSaZLTKZKR1eDvxxcskcfzjaCZPYSsojeqLKu,20573760,0.02057376,2828
tip_router,RouterBmuRBkPUbgEDMtdvTZ75GBdSREZR5uGUxxxpb,DHiNoeLCZULkhUUEeXcv9CkNr99GZPkagjMNc6ExfVoD,101309760,0.10130976,14428
tip_router,RouterBmuRBkPUbgEDMtdvTZ75GBdSREZR5uGUxxxpb,6rsccndv9T1Qggi6vgJvAbsceFAZJUy2c1hQyH1BYWPE,20573760,0.02057376,2828
tip_router,RouterBmuRBkPUbgEDMtdvTZ75GBdSREZR5uGUxxxpb,2N9aFbFRWw1hF7ePBFhUzvdGjmnrG1PTh3UC9izpC6kC,20573760,0.02057376,2828
tip_router,RouterBmuRBkPUbgEDMtdvTZ75GBdSREZR5uGUxxxpb,9Gesw79WhnEFvGkCzX9hgn4D7MrmgNrRz85bye542s4b,20573760,0.02057376,2828
tip_router,RouterBmuRBkPUbgEDMtdvTZ75GBdSREZR5uGUxxxpb,FEW3uQPLr7NTw9UTrXE72aE4uW64NSqQBRwDBRzZFMkf,20573760,0.02057376,2828
tip_router,RouterBmuRBkPUbgEDMtdvTZ75GBdSREZR5uGUxxxpb,3FtjszZq3MrGhirG5wftueHtjzbMLzCWq8JrG16ziA2u,101309760,0.10130976,14428
tip_router,RouterBmuRBkPUbgEDMtdvTZ75GBdSREZR5uGUxxxpb,3cQUXpoUsZFhQB4kN3UscARMKe4y2LowTmk77MHAAyq7,101309760,0.10130976,14428
tip_router,RouterBmuRBkPUbgEDMtdvTZ75GBdSREZR5uGUxxxpb,DkhMgbiCZkJEBqcCbHmVJ9cxuozhzyV4X9RfcGEguEsJ,101309760,0.10130976,14428
tip_router,RouterBmuRBkPUbgEDMtdvTZ75GBdSREZR5uGUxxxpb,FKAvYDfALimnMNT5eK3aj1HT1Lt5E1cvzKPkypqzUQrT,20573760,0.02057376,2828
tip_router,RouterBmuRBkPUbgEDMtdvTZ75GBdSREZR5uGUxxxpb,EqnBTAEwP3fNhGibeE6i3QCT6ZYWCTHGJQpmN69BzP2q,20573760,0.02057376,2828
tip_router,RouterBmuRBkPUbgEDMtdvTZ75GBdSREZR5uGUxxxpb,GTgYkRijXNQhraCZfJKyE7o9iG9sevSuHYm9JMnEonjA,20573760,0.02057376,2828
tip_router,RouterBmuRBkPUbgEDMtdvTZ75GBdSREZR5uGUxxxpb,5WAaJ5XjG4Y58Z9UBWB8Hok4rLHR3y75h9fcEuerSdM,20573760,0.02057376,2828
tip_router,RouterBmuRBkPUbgEDMtdvTZ75GBdSREZR5uGUxxxpb,GLEJsti2MctVVQFgfujWFVDvkgBaVWJPyDmcMkvsMdxC,1280640,0.00128064,56
tip_router,RouterBmuRBkPUbgEDMtdvTZ75GBdSREZR5uGUxxxpb,ACH2E7wJRtK4msRSVTxioXDYe6SPxVpg8ErUnzRfkahg,1280640,0.00128064,56
tip_router,RouterBmuRBkPUbgEDMtdvTZ75GBdSREZR5uGUxxxpb,ECern9eRt7TWMshVDRsYz2uNJpzLake5tyVGEw4ic8ha,174361920,0.17436192,24924
tip_router,RouterBmuRBkPUbgEDMtdvTZ75GBdSREZR5uGUxxxpb,6scQ2BRsGycvdqak6kihJBtztRsBvCjYzWtttYY1LXhw,101309760,0.10130976,14428
tip_router,RouterBmuRBkPUbgEDMtdvTZ75GBdSREZR5uGUxxxpb,5JKyVfxYtncKHjCHGPndqiQiK6E63KAhuMbXy4uMygDe,20573760,0.02057376,2828
tip_router,RouterBmuRBkPUbgEDMtdvTZ75GBdSREZR5uGUxxxpb,GNUMw15mEDPfqGJZej1g5XNcLhM8KdPznLTXLKxXKR1z,101309760,0.10130976,14428
tip_router,RouterBmuRBkPUbgEDMtdvTZ75GBdSREZR5uGUxxxpb,5VKL8dVR75yqmRCQevvjhsQz97z4wLQKa6NZAuSqqded,174361920,0.17436192,24924
tip_router,RouterBmuRBkPUbgEDMtdvTZ75GBdSREZR5uGUxxxpb,Cn6cSUx5rqpzXumMuLfFak1YGtsRzxSemu8TAJit7ZTb,20573760,0.02057376,2828
tip_router,RouterBmuRBkPUbgEDMtdvTZ75GBdSREZR5uGUxxxpb,6zR1ejBg269hgh29JSfjiNTBs4sHzzkZ4mi5FGF75BXf,101309760,0.10130976,14428
tip_router,RouterBmuRBkPUbgEDMtdvTZ75GBdSREZR5uGUxxxpb,7pWX3nh863jLK91KnoLFuEPZLuDceNbpo2iDXSPbXNja,101309760,0.10130976,14428
tip_router,RouterBmuRBkPUbgEDMtdvTZ75GBdSREZR5uGUxxxpb,BQVuAp9Z37yukLitcSKFSkHXWSTeqpjzA44NKrPPVaXG,262816560,0.26281656,37633
tip_router,RouterBmuRBkPUbgEDMtdvTZ75GBdSREZR5uGUxxxpb,4jCHRUsRz6fkzDp4sa8Q6sTjyVze8rXbzWfEuZ5fkc1B,20573760,0.02057376,2828
tip_router,RouterBmuRBkPUbgEDMtdvTZ75GBdSREZR5uGUxxxpb,8eT99UYbBYVmNFoUMQA5HvPU7bKkihUGfFfwzTF5nrs4,20573760,0.02057376,2828
tip_router,RouterBmuRBkPUbgEDMtdvTZ75GBdSREZR5uGUxxxpb,5hec897G3fKUEYbQpBhZxcrfKMfAQqiYtGSjNFLueC3u,101309760,0.10130976,14428
tip_router,RouterBmuRBkPUbgEDMtdvTZ75GBdSREZR5uGUxxxpb,9fnFFeduw6kP2JJ9KkqGeDhu1EKSSpSuQtzHjkgfo55p,410688720,0.41068872,58879
tip_router,RouterBmuRBkPUbgEDMtdvTZ75GBdSREZR5uGUxxxpb,31Eyo8zTvcnJicNkdo2vN5MeufwANhFxPGjZ49soDTug,1280640,0.00128064,56
tip_router,RouterBmuRBkPUbgEDMtdvTZ75GBdSREZR5uGUxxxpb,HLDeFEBVeoCnZPNFxrStRQqBgGz5UaT8C2BL7vuydZgU,20573760,0.02057376,2828
tip_router,RouterBmuRBkPUbgEDMtdvTZ75GBdSREZR5uGUxxxpb,7RP2RiWBtRZRr7w75pHPqV4BLhbRCpLL1fvSGvJPmUJi,20573760,0.02057376,2828
tip_router,RouterBmuRBkPUbgEDMtdvTZ75GBdSREZR5uGUxxxpb,6JkyjQ7wSpV8bE1m3F4f2xSt2z4q7aEgEMGT3x6ko3V5,4628400,0.0046284,537
tip_router,RouterBmuRBkPUbgEDMtdvTZ75GBdSREZR5uGUxxxpb,2vVsW7SYDtVmmabmUvRHCC3qcoxNzDeZwdK5HgtmAg9v,20573760,0.02057376,2828
tip_router,RouterBmuRBkPUbgEDMtdvTZ75GBdSREZR5uGUxxxpb,joQBWMsZwRcKu1C6KsnMTuWhK2mHBGM4Us5aCbcebt1,20573760,0.02057376,2828
tip_router,RouterBmuRBkPUbgEDMtdvTZ75GBdSREZR5uGUxxxpb,DfN4bWwNLaqktfbxSCEy2wt8wFfzdB8MTpFciTs5HRth,20573760,0.02057376,2828
tip_router,RouterBmuRBkPUbgEDMtdvTZ75GBdSREZR5uGUxxxpb,CPUdGxtSABDWpi9YqPdigABwaW6BvNqcsFxxa7RzXiAL,20573760,0.02057376,2828
tip_router,RouterBmuRBkPUbgEDMtdvTZ75GBdSREZR5uGUxxxpb,CEmQGsNMUWZANuE4nrbouWi9tywkTacUWNtSsYbfJsfM,20573760,0.02057376,2828
tip_router,RouterBmuRBkPUbgEDMtdvTZ75GBdSREZR5uGUxxxpb,HgHMst8GC5yNdpkcR93VDoxERbpgWq9dVRQKqLEwNnJU,20573760,0.02057376,2828
tip_router,RouterBmuRBkPUbgEDMtdvTZ75GBdSREZR5uGUxxxpb,GdW4SQ1o4Gycr5WSC4dZrv7itddAvbrXM2mbhKZVRodA,1280640,0.00128064,56
tip_router,RouterBmuRBkPUbgEDMtdvTZ75GBdSREZR5uGUxxxpb,7sroXWmEziXVwVyP1NfK5UcJstmtXjha3k6Wn1pMYb4E,20573760,0.02057376,2828
tip_router,RouterBmuRBkPUbgEDMtdvTZ75GBdSREZR5uGUxxxpb,jRCxKUmC8SrYjz4YWXVHNc6C7prFxGyb5cFT78W74qn,101309760,0.10130976,14428
tip_router,RouterBmuRBkPUbgEDMtdvTZ75GBdSREZR5uGUxxxpb,FD78YGBqhoWbQVpqDfeQTrLUJe1rhvPSMDvgEHmMxdAQ,101309760,0.10130976,14428
tip_router,RouterBmuRBkPUbgEDMtdvTZ75GBdSREZR5uGUxxxpb,8iHYh4uMLgYLw2h8Jp1hQVr4Zv7N8k2hsaKTrokc6sC1,20573760,0.02057376,2828
tip_router,RouterBmuRBkPUbgEDMtdvTZ75GBdSREZR5uGUxxxpb,C3D8d7CzxTpnTQi9DUAFLyw3fQoLGADN4r2XS3pVJKqi,101309760,0.10130976,14428
tip_router,RouterBmuRBkPUbgEDMtdvTZ75GBdSREZR5uGUxxxpb,2AZunZUsWnmbDVAJ5jVC2s4JcmPkJ1WaEW8kGr5oSheR,20573760,0.02057376,2828
tip_router,RouterBmuRBkPUbgEDMtdvTZ75GBdSREZR5uGUxxxpb,BgN9HSHGePram3FUsQ13MfubpYrUay6e2LTA2yyaPWpR,20573760,0.02057376,2828
tip_router,RouterBmuRBkPUbgEDMtdvTZ75GBdSREZR5uGUxxxpb,GQhuGfzdGYWZZr7oV8czm9g1wgM6Aqn3thqUPaAPzUzq,101309760,0.10130976,14428
tip_router,RouterBmuRBkPUbgEDMtdvTZ75GBdSREZR5uGUxxxpb,A8Ak6ntbyUX2VbAaJKA1aWFyPQE33Rc3kJCDLG8q44Yr,20573760,0.02057376,2828
tip_router,RouterBmuRBkPUbgEDMtdvTZ75GBdSREZR5uGUxxxpb,EVgqzxWKLZaPvjWb9DNg9yfEMpdqfNwEbusVFkmSPaqp,20573760,0.02057376,2828
tip_router,RouterBmuRBkPUbgEDMtdvTZ75GBdSREZR5uGUxxxpb,EJZz8Eg5h21xPVHXjHUJw2BqnRdBsaCdxscW6zHZvFUq,20573760,0.02057376,2828
tip_router,RouterBmuRBkPUbgEDMtdvTZ75GBdSREZR5uGUxxxpb,DZcv2eN86bZquWZ13aVisb5BhH6wk77pBjDTqguuf3oy,1280640,0.00128064,56
tip_router,RouterBmuRBkPUbgEDMtdvTZ75GBdSREZR5uGUxxxpb,FUjNwEeyH8B542qKMvQz218P2xCqgxnfMSbYuox1GV5P,174361920,0.17436192,24924
tip_router,RouterBmuRBkPUbgEDMtdvTZ75GBdSREZR5uGUxxxpb,FxP85iVCSri4dQsbp1gCyxcKBGt1ff4FqdoFHPCZH9TJ,262816560,0.26281656,37633
tip_router,RouterBmuRBkPUbgEDMtdvTZ75GBdSREZR5uGUxxxpb,8LstjQt46Z7yn3WYpqM4jAYQgxQ6hnr8mmaP2J8s4one,20573760,0.02057376,2828
tip_router,RouterBmuRBkPUbgEDMtdvTZ75GBdSREZR5uGUxxxpb,S9RUjE41EHGVq2bLR8EdJbvxemqfqz1CEfrostS1uwV,20573760,0.02057376,2828
tip_router,RouterBmuRBkPUbgEDMtdvTZ75GBdSREZR5uGUxxxpb,2u2zoVusjhJFsjoQns5DovPc1TfbkZLuo1qE96aJTihS,20573760,0.02057376,2828
tip_router,RouterBmuRBkPUbgEDMtdvTZ75GBdSREZR5uGUxxxpb,AVTfUHF4wxWNPm3TPs37AkrbmBqrSigzchYhLxJQo76H,20573760,0.02057376,2828
tip_router,RouterBmuRBkPUbgEDMtdvTZ75GBdSREZR5uGUxxxpb,4dW1dp6EiSbCoXTNmgXdDqYTmzHUqQ5U8iZYRJ5qCCEp,20573760,0.02057376,2828
tip_router,RouterBmuRBkPUbgEDMtdvTZ75GBdSREZR5uGUxxxpb,2gLVFS8eKJSCgrTxzociPcL4EnLxVz1sJcsec1vfa6JA,20573760,0.02057376,2828
tip_router,RouterBmuRBkPUbgEDMtdvTZ75GBdSREZR5uGUxxxpb,8UuPmVky8T1fiW53bFzf8PkVnAPUqiRxE7YadatQ25nq,893893680,0.89389368,128305
tip_router,RouterBmuRBkPUbgEDMtdvTZ75GBdSREZR5uGUxxxpb,3fLWGQfVXVLaYynguhFoPtF5LWh32w6HS3jszbFF1euL,20573760,0.02057376,2828
tip_router,RouterBmuRBkPUbgEDMtdvTZ75GBdSREZR5uGUxxxpb,GPcWJLkNr3QtA4jtyf4oWm3Vy4dxDUQMjQoKdbqs85yK,1280640,0.00128064,56
tip_router,RouterBmuRBkPUbgEDMtdvTZ75GBdSREZR5uGUxxxpb,BaDqvEj1AP1mpS7US7LECrtaaxRa6URUi2HaRJYuSVHA,1280640,0.00128064,56
tip_router,RouterBmuRBkPUbgEDMtdvTZ75GBdSREZR5uGUxxxpb,2W55kLD67kpnkc4FDobq4xkk21BUR6WRoqjDuoFTZC4H,1280640,0.00128064,56
tip_router,RouterBmuRBkPUbgEDMtdvTZ75GBdSREZR5uGUxxxpb,4G5KLARztcknpe2S39FkKzzETKRcfHgJwqDbwjgCiZB4,101309760,0.10130976,14428
tip_router,RouterBmuRBkPUbgEDMtdvTZ75GBdSREZR5uGUxxxpb,8F4jGUmxF36vQ6yabnsxX6AQVXdKBhs8kGSUuRKSg8Xt,7642080,0.00764208,970
tip_router,RouterBmuRBkPUbgEDMtdvTZ75GBdSREZR5uGUxxxpb,GJ2YWtpCfoLsXy7C1pcfUkyQ9CMhSo2EboNErk3nsU7C,20573760,0.02057376,2828
tip_router,RouterBmuRBkPUbgEDMtdvTZ75GBdSREZR5uGUxxxpb,m1bZzjTSZAYJ7Y15NdsFJfXcNgDaV9U3ibLVrS8hA6i,20573760,0.02057376,2828
tip_router,RouterBmuRBkPUbgEDMtdvTZ75GBdSREZR5uGUxxxpb,CrFPVLyyxPoXYTNiJWPD3nZsH4h4FBFXpf1PJ6V7G5xT,20573760,0.02057376,2828
tip_router,RouterBmuRBkPUbgEDMtdvTZ75GBdSREZR5uGUxxxpb,5kK5rRfuFSrFC2vkN93e3roNG32VUjG9bPxB4AF1d9PM,101309760,0.10130976,14428
tip_router,RouterBmuRBkPUbgEDMtdvTZ75GBdSREZR5uGUxxxpb,Dbn5h1L5R6YxD53ZPJ1g24xtoGo4sRZKRQDP3CdhYJRq,20573760,0.02057376,2828
tip_router,RouterBmuRBkPUbgEDMtdvTZ75GBdSREZR5uGUxxxpb,5d93PFqk5rUr8s2ikDe3xF6zhUXWCjdGcWaJHSPnTCwv,20573760,0.02057376,2828
tip_router,RouterBmuRBkPUbgEDMtdvTZ75GBdSREZR5uGUxxxpb,Hp2dCiYxiLbNmd3FjLVDTVeH6RydJZwRzA91MoZXNC5u,20573760,0.02057376,2828
tip_router,RouterBmuRBkPUbgEDMtdvTZ75GBdSREZR5uGUxxxpb,GzJKL9SAD6KszAnxX2LZHiUQNztebmXMCds53ABP1qLR,20573760,0.02057376,2828
tip_router,RouterBmuRBkPUbgEDMtdvTZ75GBdSREZR5uGUxxxpb,7FMsW9CiiQizcRt3kiWubCqQfHCvTSDG8ud3dGayN228,4628400,0.0046284,537
tip_router,RouterBmuRBkPUbgEDMtdvTZ75GBdSREZR5uGUxxxpb,14p3yqt1tetqcvBxL8tnS1pa9mTSh8YtBR6Ay6usgfKq,1280640,0.00128064,56
tip_router,RouterBmuRBkPUbgEDMtdvTZ75GBdSREZR5uGUxxxpb,HcbSyHySnszA5Kqg14WDS2xjfujWBBfBMTCX1uKTPVbR,101309760,0.10130976,14428
tip_router,RouterBmuRBkPUbgEDMtdvTZ75GBdSREZR5uGUxxxpb,2byeG8GnnrtLXmGH9zkcq7FwRiSW4EvQn7toDmjdViT8,20573760,0.02057376,2828
tip_router,RouterBmuRBkPUbgEDMtdvTZ75GBdSREZR5uGUxxxpb,3X5itKBEQsmu4ndFYoq8aFRDbwTEJx5puyn5AoZysuuS,101309760,0.10130976,14428
tip_router,RouterBmuRBkPUbgEDMtdvTZ75GBdSREZR5uGUxxxpb,GXoea7p6FrX1aCZ8Ckw2qLAfbCLSs8cqrLgQapTRn6kd,1280640,0.00128064,56
tip_router,RouterBmuRBkPUbgEDMtdvTZ75GBdSREZR5uGUxxxpb,2JcDc9NgYyfevx6ghu6S6p1TKRuV4AR1tG2ym8p125s5,262816560,0.26281656,37633
tip_router,RouterBmuRBkPUbgEDMtdvTZ75GBdSREZR5uGUxxxpb,Hc3tzCbdZX5hP9jzay4EmKe49TZEgEGxN5dK4WZLmn1A,101309760,0.10130976,14428
tip_router,RouterBmuRBkPUbgEDMtdvTZ75GBdSREZR5uGUxxxpb,37QU9WWDDHiF8F3k4d7Mct8YC9BrY8UyZfE2pEMXMJJM,20573760,0.02057376,2828
tip_router,RouterBmuRBkPUbgEDMtdvTZ75GBdSREZR5uGUxxxpb,HiuEZ3Fe4pn7zxvHPMJ2uMBJxDGatJLJAKReQ5NDNe1r,262816560,0.26281656,37633
tip_router,RouterBmuRBkPUbgEDMtdvTZ75GBdSREZR5uGUxxxpb,HP5Nd8nLLWmZrHhjtxc95oPrUJfEnNy7ckCAh2Uj57ne,410688720,0.41068872,58879
tip_router,RouterBmuRBkPUbgEDMtdvTZ75GBdSREZR5uGUxxxpb,9ox9zs9mhPrXshEhd5fzbM9EwoyJ9zoSSg1eASg3Rrxv,101309760,0.10130976,14428
tip_router,RouterBmuRBkPUbgEDMtdvTZ75GBdSREZR5uGUxxxpb,GaVo1uRdBtVULDxNxUtL2EwU35PPGynvBptFy5pZmzfa,20573760,0.02057376,2828
tip_router,RouterBmuRBkPUbgEDMtdvTZ75GBdSREZR5uGUxxxpb,8qx9Km8s8FxroavBkzJ2buyCf7xhaVuFzohPerFVqBU5,101309760,0.10130976,14428
tip_router,RouterBmuRBkPUbgEDMtdvTZ75GBdSREZR5uGUxxxpb,2J72fbBi45nKSZdJ2Wr9ResjBRRuyyV5m5ZPoJCtB6gw,20573760,0.02057376,2828
tip_router,RouterBmuRBkPUbgEDMtdvTZ75GBdSREZR5uGUxxxpb,FJ1fqSLoCu682kRdYd4YamyEthgSLka6e225dR5yULyP,20573760,0.02057376,2828
tip_router,RouterBmuRBkPUbgEDMtdvTZ75GBdSREZR5uGUxxxpb,3eFq6aNcv358NFKHCQpYi4ou1LLrPAy9UbRVJwWv2s7L,20573760,0.02057376,2828
tip_router,RouterBmuRBkPUbgEDMtdvTZ75GBdSREZR5uGUxxxpb,EC5QSdC6NmuWtVX94MsGQgGShMErSaqSWzJNWbqNVA8N,20573760,0.02057376,2828
tip_router,RouterBmuRBkPUbgEDMtdvTZ75GBdSREZR5uGUxxxpb,5P4uUn9NGkR7wkzNg56YKvK49C4RhrUaD6jQhraJzur8,101309760,0.10130976,14428
tip_router,RouterBmuRBkPUbgEDMtdvTZ75GBdSREZR5uGUxxxpb,8TUMMC6Ye3A2XZ9tvompLWqUfdWbxDKJ5QiiraiqRc5a,20573760,0.02057376,2828
tip_router,RouterBmuRBkPUbgEDMtdvTZ75GBdSREZR5uGUxxxpb,3oRkQ5We9bAFgEWpRbXkCNdfiGiv3X1meFSHQ1mcKweY,1280640,0.00128064,56
tip_router,RouterBmuRBkPUbgEDMtdvTZ75GBdSREZR5uGUxxxpb,GcUPZXkMhRUVseyGbq9bZsdm8sQwg6yGKd5dSmhjKBoP,20573760,0.02057376,2828
tip_router,RouterBmuRBkPUbgEDMtdvTZ75GBdSREZR5uGUxxxpb,7GLMD3t5GYP9Xsto9HWawGwEsKeacDVSbDUWKx2ZPBWQ,20573760,0.02057376,2828
tip_router,RouterBmuRBkPUbgEDMtdvTZ75GBdSREZR5uGUxxxpb,DRo1sbcEN81KpCErPwnrbvqCDxD6W9V1YwVACQRLCueW,101309760,0.10130976,14428
tip_router,RouterBmuRBkPUbgEDMtdvTZ75GBdSREZR5uGUxxxpb,3VtLyxjNVttrX7URHFPMbu8o5SW2wYrakCeJE7bZ8UKQ,20573760,0.02057376,2828
tip_router,RouterBmuRBkPUbgEDMtdvTZ75GBdSREZR5uGUxxxpb,Bnec4ySHjNM72wLgdcDUa8uWFzzQ7oFYBGphPFhJm4BS,20573760,0.02057376,2828
tip_router,RouterBmuRBkPUbgEDMtdvTZ75GBdSREZR5uGUxxxpb,BGEKjmiNYgmsze94TyH2Wm7T8QSP9TMZqyjRRm52Q7Bc,101309760,0.10130976,14428
tip_router,RouterBmuRBkPUbgEDMtdvTZ75GBdSREZR5uGUxxxpb,146DBnyuU3A6eKim7uxDhtNjKRFrnk4BiYhskdFG8wcw,20573760,0.02057376,2828
tip_router,RouterBmuRBkPUbgEDMtdvTZ75GBdSREZR5uGUxxxpb,BBx9Pq7DBXsUXmg7a1y3SAmmirCPvhMcpH2MiAAcGwxi,1280640,0.00128064,56
tip_router,RouterBmuRBkPUbgEDMtdvTZ75GBdSREZR5uGUxxxpb,g6bF4r5wn9BV1ZnRfWc8tMRQTaDBVT3YQznBZtrWpe1,101309760,0.10130976,14428
tip_router,RouterBmuRBkPUbgEDMtdvTZ75GBdSREZR5uGUxxxpb,2ADibRD2sKdzMUWMrdkKKnTon14nj7UQXCVkBVgfagWs,101309760,0.10130976,14428
tip_router,RouterBmuRBkPUbgEDMtdvTZ75GBdSREZR5uGUxxxpb,5VXirX5M8R2o42LbZEvZ9qyKCJ4vZUHEEXrC8yWv2U2g,20573760,0.02057376,2828
tip_router,RouterBmuRBkPUbgEDMtdvTZ75GBdSREZR5uGUxxxpb,Bk9c7kqpcpoJypRYp3gnpkjPKrnEoFqGDz4kiEKZ6tyg,101309760,0.10130976,14428
tip_router,RouterBmuRBkPUbgEDMtdvTZ75GBdSREZR5uGUxxxpb,94bH1PM2CQkf15J4manANtnCZxfybSzUFijzWXjjiegt,20573760,0.02057376,2828
tip_router,RouterBmuRBkPUbgEDMtdvTZ75GBdSREZR5uGUxxxpb,8Y2SDwrzyZYPQCYMaf1BBezRTp1XDp6aX5YL8iFQoEwQ,1280640,0.00128064,56
tip_router,RouterBmuRBkPUbgEDMtdvTZ75GBdSREZR5uGUxxxpb,JCiUsKJJ7KgwpKYxqFLWtgZgEC2YVwoAqVgpfzu8swAK,1280640,0.00128064,56
tip_router,RouterBmuRBkPUbgEDMtdvTZ75GBdSREZR5uGUxxxpb,6Ps5JqAs21zr7LTvtzgUYXBhiw5tXrkrJMrisGFGYVS,20573760,0.02057376,2828
tip_router,RouterBmuRBkPUbgEDMtdvTZ75GBdSREZR5uGUxxxpb,cezK84iaW61b6VWyPqgWpBAxtGXEWSd8aqFDMLA12pb,101309760,0.10130976,14428
tip_router,RouterBmuRBkPUbgEDMtdvTZ75GBdSREZR5uGUxxxpb,FTnjBcQjPGdNby3jWjsypAk9ZZQdoBCZEaiQxN4GGDZD,20573760,0.02057376,2828
tip_router,RouterBmuRBkPUbgEDMtdvTZ75GBdSREZR5uGUxxxpb,DpreQvY8ngefJCRULvmN82xBrfDV21ZNXVNQHfo2Nbzo,101309760,0.10130976,14428
tip_router,RouterBmuRBkPUbgEDMtdvTZ75GBdSREZR5uGUxxxpb,HmiK53d3xwVDVaQ4qMX8o6rWhxJLgvmP5z5fyxbRU9xY,20573760,0.02057376,2828
tip_router,RouterBmuRBkPUbgEDMtdvTZ75GBdSREZR5uGUxxxpb,4jKf4BXgGBMkyGNjF1k1BCbvVfc9G7pmGbfXz7fCdgFE,101309760,0.10130976,14428
tip_router,RouterBmuRBkPUbgEDMtdvTZ75GBdSREZR5uGUxxxpb,8CrJkXodqJTYiu9LKdqm2pD2ij99aoWKWeCZHvXSncbt,20573760,0.02057376,2828
tip_router,RouterBmuRBkPUbgEDMtdvTZ75GBdSREZR5uGUxxxpb,HZDYXVzcDUaF7iRSYza6VxzPDu6pK3ZrTMSRoebepebr,20573760,0.02057376,2828
tip_router,RouterBmuRBkPUbgEDMtdvTZ75GBdSREZR5uGUxxxpb,EwLuo3DibBerKACg7YtwPguRpUKrtg5yECcgepQ4wvjp,20573760,0.02057376,2828
tip_router,RouterBmuRBkPUbgEDMtdvTZ75GBdSREZR5uGUxxxpb,99LjLknHHpnvzDj7MqFEeoUs8P6DYBs7YBTzdDNd8JqD,20573760,0.02057376,2828
tip_router,RouterBmuRBkPUbgEDMtdvTZ75GBdSREZR5uGUxxxpb,Am5LmTdXoPRPyoA3ECUe7fpyGQCCFTNmG6bZZcNTjATM,20573760,0.02057376,2828
tip_router,RouterBmuRBkPUbgEDMtdvTZ75GBdSREZR5uGUxxxpb,Gxtvu7fHyPbboeooAtSfo1hX2Sev9XWsPtb61gnuBHe5,1280640,0.00128064,56
tip_router,RouterBmuRBkPUbgEDMtdvTZ75GBdSREZR5uGUxxxpb,42iihaPdMUxNHavach6FAznMqNsE367vr8YPBjDGSG4S,1280640,0.00128064,56
tip_router,RouterBmuRBkPUbgEDMtdvTZ75GBdSREZR5uGUxxxpb,AW1TU4SXRNVdfuwpAhCVSycaw4pkD8tMEMDDTi4pN6uR,1280640,0.00128064,56
tip_router,RouterBmuRBkPUbgEDMtdvTZ75GBdSREZR5uGUxxxpb,HTJwMHHWK7vqg3ryBQkBaKcFCdmA7WNYwLoXV3EBs57A,101309760,0.10130976,14428
tip_router,RouterBmuRBkPUbgEDMtdvTZ75GBdSREZR5uGUxxxpb,AHsdG8pFWLVN3Yz3Ly1hxYdAC8Pp7Ec7fHpe4XSSEEys,101309760,0.10130976,14428
tip_router,RouterBmuRBkPUbgEDMtdvTZ75GBdSREZR5uGUxxxpb,B4QUTHyra1vqCEtzsPb2hiLZuWZ4Bhpiq6c6Rx9Wh3E,20573760,0.02057376,2828
tip_router,RouterBmuRBkPUbgEDMtdvTZ75GBdSREZR5uGUxxxpb,FsrEqfbgxeNMqWMUGRh2hJLBtjBMt9pCJWGU7ayoqx2p,1280640,0.00128064,56
tip_router,RouterBmuRBkPUbgEDMtdvTZ75GBdSREZR5uGUxxxpb,6zhozu6hwk4Wz6AAqtkmajhiMLuR9jMeomG1dSwSZEMp,101309760,0.10130976,14428
tip_router,RouterBmuRBkPUbgEDMtdvTZ75GBdSREZR5uGUxxxpb,VSQtRc64sWEbSc6r2X3ssCoiiuVGJjKMKXmcbLBuGhT,20573760,0.02057376,2828
tip_router,RouterBmuRBkPUbgEDMtdvTZ75GBdSREZR5uGUxxxpb,F8fT7p9JiA6PmTFv6wNJsH5oRC15VsAphCdMypTK613T,20573760,0.02057376,2828
tip_router,RouterBmuRBkPUbgEDMtdvTZ75GBdSREZR5uGUxxxpb,7QGvYbvFzy4hh7TfuH2fSWSpL79mJrcr8buSuCbmoRqn,1280640,0.00128064,56
tip_router,RouterBmuRBkPUbgEDMtdvTZ75GBdSREZR5uGUxxxpb,9aCZH4oc2D9TnzXGGe9TBJzaweZHgTADgA6fkc7ZvWs4,262816560,0.26281656,37633
tip_router,RouterBmuRBkPUbgEDMtdvTZ75GBdSREZR5uGUxxxpb,FJqWEb5U1M6hNyXLT87XpWK18ALeRCN7QHAeuCLETNwt,1280640,0.00128064,56
tip_router,RouterBmuRBkPUbgEDMtdvTZ75GBdSREZR5uGUxxxpb,2czWsjjWJKVBbPb4GEVYZRX6VomHAmW5PmoRCJjjGWrZ,101309760,0.10130976,14428
tip_router,RouterBmuRBkPUbgEDMtdvTZ75GBdSREZR5uGUxxxpb,HF4VgJb94omCPwbXBNet5DVK12aUf5zuNUWiRtGdtTYk,20573760,0.02057376,2828
tip_router,RouterBmuRBkPUbgEDMtdvTZ75GBdSREZR5uGUxxxpb,4hWwKDWVxq47DtCxbirjEoXxQKa4dcBzCvjqPJ3MVyuZ,4628400,0.0046284,537
tip_router,RouterBmuRBkPUbgEDMtdvTZ75GBdSREZR5uGUxxxpb,AScmLHUUin231jLt95DTj3dRXRitYHcPA87NkRZoyjsE,20573760,0.02057376,2828
tip_router,RouterBmuRBkPUbgEDMtdvTZ75GBdSREZR5uGUxxxpb,9TTr5NPXVk73aYDgnqqKScrpGN3oBWLt3egQZXrL5yQr,20573760,0.02057376,2828
tip_router,RouterBmuRBkPUbgEDMtdvTZ75GBdSREZR5uGUxxxpb,7SGohzBs6NiutdX2Y17EPUe8943d4tTx1RokPVwSin5R,20573760,0.02057376,2828
tip_router,RouterBmuRBkPUbgEDMtdvTZ75GBdSREZR5uGUxxxpb,FQVYoBVmbeQrFn4wpAyKk3qdXycdqeJ5cGCjL3sbNHkG,262816560,0.26281656,37633
tip_router,RouterBmuRBkPUbgEDMtdvTZ75GBdSREZR5uGUxxxpb,XRnNXf2i2pNs7txcGjQA5QW15T9wY5h6yCJPkdw83xp,101309760,0.10130976,14428
tip_router,RouterBmuRBkPUbgEDMtdvTZ75GBdSREZR5uGUxxxpb,4Jcxv4HDqdfTD2Aq1ko1LP9wAUwN21akScbpDD77H9nw,101309760,0.10130976,14428
tip_router,RouterBmuRBkPUbgEDMtdvTZ75GBdSREZR5uGUxxxpb,AACSQ1siTamrnM2xayYL4q6LemUf3tbZw8r95wdL7wNv,4628400,0.0046284,537
tip_router,RouterBmuRBkPUbgEDMtdvTZ75GBdSREZR5uGUxxxpb,Cx4UqbEs8fZkhGGAEqFAuvFVvbFCnoUQb6ZprNKPjEVg,1280640,0.00128064,56
tip_router,RouterBmuRBkPUbgEDMtdvTZ75GBdSREZR5uGUxxxpb,4qK54nBhtN2q87TRT1arR8Q4AfGGv3vj9NAkQdTajXLa,20573760,0.02057376,2828
tip_router,RouterBmuRBkPUbgEDMtdvTZ75GBdSREZR5uGUxxxpb,MqpN1V4HjbrHCea5xq1DLAgMAKDUMptDrX7TkdwiNbQ,20573760,0.02057376,2828
tip_router,RouterBmuRBkPUbgEDMtdvTZ75GBdSREZR5uGUxxxpb,8f1TGRTRZzkmou2jyLRxdiMu2csd4GfnmYcgEbNbtdeh,101309760,0.10130976,14428
tip_router,RouterBmuRBkPUbgEDMtdvTZ75GBdSREZR5uGUxxxpb,6b12CTxfguvCShPUJXm9warfjh5dwXQM86cKrfThSBWt,101309760,0.10130976,14428
tip_router,RouterBmuRBkPUbgEDMtdvTZ75GBdSREZR5uGUxxxpb,C4eMdePnYc1g6jb3PC6kq2U87MxtxmXRvyMnXEdr3Ta7,101309760,0.10130976,14428
tip_router,RouterBmuRBkPUbgEDMtdvTZ75GBdSREZR5uGUxxxpb,6oPEyTz8xdnmAAF982bvH32a8Wds5vDBd3e85R4qpz6t,1280640,0.00128064,56
tip_router,RouterBmuRBkPUbgEDMtdvTZ75GBdSREZR5uGUxxxpb,4F1JHAYkoVT5jzTKDc3fXkvL6ToTvXibAZWetQWZigjW,101309760,0.10130976,14428
tip_router,RouterBmuRBkPUbgEDMtdvTZ75GBdSREZR5uGUxxxpb,9MDn7ppS7KggCQ3Xx7oE1M2ncJCaUg9caUdptWmpXteU,101309760,0.10130976,14428
tip_router,RouterBmuRBkPUbgEDMtdvTZ75GBdSREZR5uGUxxxpb,4MpaxKSDvYWkMf3DK4te4ximhb9PeVpoa81hhKXV7WyL,20573760,0.02057376,2828
tip_router,RouterBmuRBkPUbgEDMtdvTZ75GBdSREZR5uGUxxxpb,HTEFDTqDnnCVtiadsCJtEPV1uaWExtV6h7cumt7NmMEt,20573760,0.02057376,2828
tip_router,RouterBmuRBkPUbgEDMtdvTZ75GBdSREZR5uGUxxxpb,GLFkZshiQ2hXYhZDkVyGACkeBCzoL2Qbcasb1QRfjErf,101309760,0.10130976,14428
tip_router,RouterBmuRBkPUbgEDMtdvTZ75GBdSREZR5uGUxxxpb,HE6BYC5Vz1ME9aCE17TNXoLV7SLPeWR2JmC23tKB8VyJ,20573760,0.02057376,2828
tip_router,RouterBmuRBkPUbgEDMtdvTZ75GBdSREZR5uGUxxxpb,34ADHuNgBKJN1UHvknnjCT2QqeUCwFP8eC2MntUGCf3Z,1280640,0.00128064,56
tip_router,RouterBmuRBkPUbgEDMtdvTZ75GBdSREZR5uGUxxxpb,Ab2xFeR1zz1qEChD9ChESL9LbB2CFAWTbVd2N141eYMo,1280640,0.00128064,56
tip_router,RouterBmuRBkPUbgEDMtdvTZ75GBdSREZR5uGUxxxpb,6bX1ctytdF7to9xJFLPTn8fMexMEVBm9sTQ9zDuyafTD,1280640,0.00128064,56
tip_router,RouterBmuRBkPUbgEDMtdvTZ75GBdSREZR5uGUxxxpb,3kBUXXVmCp2mM6H73t7RHMRHBmNjJGbucguR5UiX6th7,101309760,0.10130976,14428
tip_router,RouterBmuRBkPUbgEDMtdvTZ75GBdSREZR5uGUxxxpb,289fnGNAigxxDGCsTJwWgabaoD62eLJyrDwQJwPjknyw,20573760,0.02057376,2828
tip_router,RouterBmuRBkPUbgEDMtdvTZ75GBdSREZR5uGUxxxpb,3a8GgPRCTHp1QQZkpXiCv4vB9dMRnUEceWMXd1Nj5VTS,20573760,0.02057376,2828
tip_router,RouterBmuRBkPUbgEDMtdvTZ75GBdSREZR5uGUxxxpb,DjdgF1UirsMvGEzTZFG2Bt74S3Vsn61Y4LRtYHGBqhoH,20573760,0.02057376,2828
tip_router,RouterBmuRBkPUbgEDMtdvTZ75GBdSREZR5uGUxxxpb,BnFTnphyHVHiL5oxGkEu1nf86bkb8cVFEkRtiQnnuCpz,20573760,0.02057376,2828
tip_router,RouterBmuRBkPUbgEDMtdvTZ75GBdSREZR5uGUxxxpb,2WcATW4mLxh5SvR4eFpmJdee3BBmTNH9ezvCoNAQPm4e,20573760,0.02057376,2828
tip_router,RouterBmuRBkPUbgEDMtdvTZ75GBdSREZR5uGUxxxpb,HmU7RCmg2xniTQ5NHDhm1JTLVfFYjyvs6umscfRWgEJd,20573760,0.02057376,2828
tip_router,RouterBmuRBkPUbgEDMtdvTZ75GBdSREZR5uGUxxxpb,5PbXKvdVQ7xZZeJMwogw7UdGrh569rEkutx3ijS4vUKi,101309760,0.10130976,14428
tip_router,RouterBmuRBkPUbgEDMtdvTZ75GBdSREZR5uGUxxxpb,Cd8AqmZziNPLT668rUAPYYqF4VXKP2q6JSsXHK4Ko8mL,20573760,0.02057376,2828
tip_router,RouterBmuRBkPUbgEDMtdvTZ75GBdSREZR5uGUxxxpb,CjgJ47AVrdWRHNHj7LCbKg9jFC1eTNVjZTqrt88fhoZz,20573760,0.02057376,2828
tip_router,RouterBmuRBkPUbgEDMtdvTZ75GBdSREZR5uGUxxxpb,9VYy77M7AqRsmmCf36sNrPBekk6Pxzv456MhQunxCkJu,410688720,0.41068872,58879
tip_router,RouterBmuRBkPUbgEDMtdvTZ75GBdSREZR5uGUxxxpb,F58tVfMYy4NS3Fe58vzfDwcy2s2FFUqCGR9EMmpoFL8z,1280640,0.00128064,56
tip_router,RouterBmuRBkPUbgEDMtdvTZ75GBdSREZR5uGUxxxpb,HE53PHnLNNMNcGpWcqrM719i2W4CRCsBAYhjdCuH9Z1f,20573760,0.02057376,2828
tip_router,RouterBmuRBkPUbgEDMtdvTZ75GBdSREZR5uGUxxxpb,DM2bAgfN2TxAK5bEKK9rwKtwBEB9DeQbRCvZ3inQRpK1,101309760,0.10130976,14428
tip_router,RouterBmuRBkPUbgEDMtdvTZ75GBdSREZR5uGUxxxpb,25qEEXckHC5D7iEZajZJyRYUYxpQLdWNME5HZqJ6HyjT,20573760,0.02057376,2828
tip_router,RouterBmuRBkPUbgEDMtdvTZ75GBdSREZR5uGUxxxpb,3NxnPHaXAhFgmfz4y4K6JcGQwqMMqo3CdYtUfnUgPVbP,1280640,0.00128064,56
tip_router,RouterBmuRBkPUbgEDMtdvTZ75GBdSREZR5uGUxxxpb,BzsMXZwk2Yr62eDyf91L91SJXTTVLKoBAUjw3ckKPaU3,20573760,0.02057376,2828
tip_router,RouterBmuRBkPUbgEDMtdvTZ75GBdSREZR5uGUxxxpb,FuCajknGdhrZ8LQGMGLbNMk1tJ2UpuhZNJnAn2gBqvca,410688720,0.41068872,58879
tip_router,RouterBmuRBkPUbgEDMtdvTZ75GBdSREZR5uGUxxxpb,3KNTLio7g3ZyYSc41BAcEGLrYHxFJJgMn2dNLQishYs4,101309760,0.10130976,14428
tip_router,RouterBmuRBkPUbgEDMtdvTZ75GBdSREZR5uGUxxxpb,6FaW38Lq8tAzB5MxoqRrCDiRcQDFRr7SFLxTbbBih75S,1280640,0.00128064,56
tip_router,RouterBmuRBkPUbgEDMtdvTZ75GBdSREZR5uGUxxxpb,QGAiyTcZxuDKS3EEFmqhyPKfS3zJdE94JvZDfqD2xjy,1280640,0.00128064,56
tip_router,RouterBmuRBkPUbgEDMtdvTZ75GBdSREZR5uGUxxxpb,4MaWUGCGy8zNSCWDN1WE8fce4GVRKuPRuZ4eTd341LDV,101309760,0.10130976,14428
tip_router,RouterBmuRBkPUbgEDMtdvTZ75GBdSREZR5uGUxxxpb,Wp3HG5QQoWRCVjTZDm7uHNRRYB57MYobxeNq8nXECy1,20573760,0.02057376,2828
tip_router,RouterBmuRBkPUbgEDMtdvTZ75GBdSREZR5uGUxxxpb,4EoTdG99qG7HqxoVQU7741uKXGRupfdPGC9dMXiVoMXG,101309760,0.10130976,14428
tip_router,RouterBmuRBkPUbgEDMtdvTZ75GBdSREZR5uGUxxxpb,HdkhRZNXnD66a8sRaZoD3jiQ741DnzyFT46d3e3W7Jzw,20573760,0.02057376,2828
tip_router,RouterBmuRBkPUbgEDMtdvTZ75GBdSREZR5uGUxxxpb,D5DZ9g2h4nxtRoyNeMsDM4BEApXbM13o361HNoWFUfBU,101309760,0.10130976,14428
tip_router,RouterBmuRBkPUbgEDMtdvTZ75GBdSREZR5uGUxxxpb,E16qjekHYryDpvvPaQfKqrEegbyEmYcsZVP9A1KUuNaK,1280640,0.00128064,56
tip_router,RouterBmuRBkPUbgEDMtdvTZ75GBdSREZR5uGUxxxpb,2D865Xhi9bikgN2zcDMhxUDpVy3KEDd9r792oySL5ogv,20573760,0.02057376,2828
tip_router,RouterBmuRBkPUbgEDMtdvTZ75GBdSREZR5uGUxxxpb,9nrQowRbiaxEPC3otsCCMSeWd1112coQccpJsoUdtfEg,101309760,0.10130976,14428
tip_router,RouterBmuRBkPUbgEDMtdvTZ75GBdSREZR5uGUxxxpb,5oVbp9AtWRpevaLrKebttCWnBgYtBjjxUKyjSA4AB7bT,101309760,0.10130976,14428
tip_router,RouterBmuRBkPUbgEDMtdvTZ75GBdSREZR5uGUxxxpb,6VdmY4vJ4TViUvjd7PwSxB3uYghB3g19UULRsQ5Xaqgn,20573760,0.02057376,2828
tip_router,RouterBmuRBkPUbgEDMtdvTZ75GBdSREZR5uGUxxxpb,BY5xuipierdBbnpgktx7wHNUPxyrTdZx8YmqBVpUKNKv,20573760,0.02057376,2828
tip_router,RouterBmuRBkPUbgEDMtdvTZ75GBdSREZR5uGUxxxpb,B394HvqCynk7ccNCjKg3gjKzNwgJCLDXdrUn2QHybE47,101309760,0.10130976,14428
tip_router,RouterBmuRBkPUbgEDMtdvTZ75GBdSREZR5uGUxxxpb,5VpMUt7V8iYdG63VSuauvvvH7kFdJmzavQcsBNMWmvv9,20573760,0.02057376,2828
tip_router,RouterBmuRBkPUbgEDMtdvTZ75GBdSREZR5uGUxxxpb,8G6bY94V66nwr4T4npE2qnXG2GZKxwugp6MHTFUiU44e,1280640,0.00128064,56
tip_router,RouterBmuRBkPUbgEDMtdvTZ75GBdSREZR5uGUxxxpb,4Mn4h61i6vBP6me4RDcqZ2BD7ppJ9T3Yr6ym5gwcfgwN,20573760,0.02057376,2828
tip_router,RouterBmuRBkPUbgEDMtdvTZ75GBdSREZR5uGUxxxpb,3iLnMzkEZv1rU2m41fBwvLhsbqPbYzJ6eXyyDV27S8pf,101309760,0.10130976,14428
tip_router,RouterBmuRBkPUbgEDMtdvTZ75GBdSREZR5uGUxxxpb,A1CexAh6jBBZN7mk2b9n5h98EGq3AMjhAGMuC2J8R4CV,101309760,0.10130976,14428
tip_router,RouterBmuRBkPUbgEDMtdvTZ75GBdSREZR5uGUxxxpb,3ANoEAzvuhpMCZsaAi4uRjjF63WobzqF5D415AggzeRt,20573760,0.02057376,2828
tip_router,RouterBmuRBkPUbgEDMtdvTZ75GBdSREZR5uGUxxxpb,D2XxPed8eVEDSAYfFSp1KorbMUHEhpfkrj1ZXY3vfWeJ,20573760,0.02057376,2828
tip_router,RouterBmuRBkPUbgEDMtdvTZ75GBdSREZR5uGUxxxpb,9MiN2mWGdSwtVBQW39crrXKYP6qcc94Wgiv6HzoQPicS,20573760,0.02057376,2828
tip_router,RouterBmuRBkPUbgEDMtdvTZ75GBdSREZR5uGUxxxpb,JDUiJiKg76mVELKBQysd8KjanLTFzbxjGWha1oZMyfLg,893893680,0.89389368,128305
tip_router,RouterBmuRBkPUbgEDMtdvTZ75GBdSREZR5uGUxxxpb,9C5LLtxZSShvGZjdhShvvwdM3i9oTbKcSeZTneN8APNJ,101309760,0.10130976,14428
tip_router,RouterBmuRBkPUbgEDMtdvTZ75GBdSREZR5uGUxxxpb,H2DkLpw2cQ1bqV1esJP4WWfJVJNdAabec6F6TQgtYbeL,101309760,0.10130976,14428
tip_router,RouterBmuRBkPUbgEDMtdvTZ75GBdSREZR5uGUxxxpb,Guq1rw9u9EsAhMeXBAs3LUrwfdrC1RugvCUexgT5d5dR,20573760,0.02057376,2828
tip_router,RouterBmuRBkPUbgEDMtdvTZ75GBdSREZR5uGUxxxpb,4HGs759qJXE5kwAhqfURPYydZu9xUq9Quz3mSJkQBW3C,262816560,0.26281656,37633
tip_router,RouterBmuRBkPUbgEDMtdvTZ75GBdSREZR5uGUxxxpb,E3fkTSr18j3Lt2LuqCaSWQbz33jfjxa3n8dR7TkTTH46,20573760,0.02057376,2828
tip_router,RouterBmuRBkPUbgEDMtdvTZ75GBdSREZR5uGUxxxpb,2xjFWNmGuZM632uM3vmYbXKfNFuvDEURuM9Gw2jKJRdP,20573760,0.02057376,2828
tip_router,RouterBmuRBkPUbgEDMtdvTZ75GBdSREZR5uGUxxxpb,CdUnJTd9WJHzess3gXyiPEi47pLjorJhrmY7W8MtKmqx,20573760,0.02057376,2828
tip_router,RouterBmuRBkPUbgEDMtdvTZ75GBdSREZR5uGUxxxpb,36kWTxaJpvmPz6wVRtZzGAHV2huvrjMmBbeAm8SPCyAH,20573760,0.02057376,2828
tip_router,RouterBmuRBkPUbgEDMtdvTZ75GBdSREZR5uGUxxxpb,6cVkL9gjUKuMEFZRXJq1YD6aRTXf21cv4MGfhdBPYTHb,20573760,0.02057376,2828
tip_router,RouterBmuRBkPUbgEDMtdvTZ75GBdSREZR5uGUxxxpb,E6zs65rEoyJ2SeBpd1jGfYjhvPquUDzCfyzYuvEeNynZ,20573760,0.02057376,2828
tip_router,RouterBmuRBkPUbgEDMtdvTZ75GBdSREZR5uGUxxxpb,CeCzbsdnZJinGbFPECzigvxH96XePpBdeUJLNTpNV6dY,101309760,0.10130976,14428
tip_router,RouterBmuRBkPUbgEDMtdvTZ75GBdSREZR5uGUxxxpb,AuJxCoz4vx4EYvi8X3yfc9jCGRY7etsUgLUjEvk5sVrW,20573760,0.02057376,2828
tip_router,RouterBmuRBkPUbgEDMtdvTZ75GBdSREZR5uGUxxxpb,2rrtGvJ8Br2gPNvgsar4nSeUCTRDpNua7n9ApvQgogWr,262816560,0.26281656,37633
tip_router,RouterBmuRBkPUbgEDMtdvTZ75GBdSREZR5uGUxxxpb,7enpnXGHQoxvcKraNAqvzas1sbd4xenC5dcdGT5XBF2L,1280640,0.00128064,56
tip_router,RouterBmuRBkPUbgEDMtdvTZ75GBdSREZR5uGUxxxpb,8YpoizSLCCq6G9NSWvn9PSfRnV4zhfAaeVCPmgLZoEaH,101309760,0.10130976,14428
tip_router,RouterBmuRBkPUbgEDMtdvTZ75GBdSREZR5uGUxxxpb,3kr2i1nShZusyE8sCGoDddHVZqAnzwarX4j4uHxpEHAv,20573760,0.02057376,2828
tip_router,RouterBmuRBkPUbgEDMtdvTZ75GBdSREZR5uGUxxxpb,3SX6SF74VcFpqdmJ2zh8URTmoebVNBiCN6VUS2cZXsA7,20573760,0.02057376,2828
tip_router,RouterBmuRBkPUbgEDMtdvTZ75GBdSREZR5uGUxxxpb,6XeSnnvgRVsY823nFLYkSVfEYXYpaVE5GhzyaxbNoFL,1280640,0.00128064,56
tip_router,RouterBmuRBkPUbgEDMtdvTZ75GBdSREZR5uGUxxxpb,GkM8y6eKL8RdGgmbTDFgrMXAN3ZSHv3r9zNCHbenv4ov,20573760,0.02057376,2828
tip_router,RouterBmuRBkPUbgEDMtdvTZ75GBdSREZR5uGUxxxpb,9tb4HcMi8YrQPN4s2FDHG3cxXFbq2WVqpPeSVZ1qikd1,101309760,0.10130976,14428
tip_router,RouterBmuRBkPUbgEDMtdvTZ75GBdSREZR5uGUxxxpb,SAcbVeZwL7aLQ8Agz6wfJArX4G9LZQAeMVnhoK8pzG1,1280640,0.00128064,56
tip_router,RouterBmuRBkPUbgEDMtdvTZ75GBdSREZR5uGUxxxpb,7Ma2ujx1HJmiLZ85mtyDbPYgoaKkCZDADbh7RHvLMahw,20573760,0.02057376,2828
tip_router,RouterBmuRBkPUbgEDMtdvTZ75GBdSREZR5uGUxxxpb,Hsdagk4P2uo2AYNGDxXLrkh7iUuc9NdYxNHvru4N9L4e,101309760,0.10130976,14428
tip_router,RouterBmuRBkPUbgEDMtdvTZ75GBdSREZR5uGUxxxpb,35YV81b1RUFhAJ5LxR5q29vxLYszaN6yvCrPku4MggaP,893893680,0.89389368,128305
tip_router,RouterBmuRBkPUbgEDMtdvTZ75GBdSREZR5uGUxxxpb,9R9APdbRw7cosm2pceLiyVZzeh73RK5KXGWKufBECGMP,20573760,0.02057376,2828
tip_router,RouterBmuRBkPUbgEDMtdvTZ75GBdSREZR5uGUxxxpb,GTPYBLaBw1Bxw2PHVnFFAGvPwndRdQaBeST16GobxHou,893893680,0.89389368,128305
tip_router,RouterBmuRBkPUbgEDMtdvTZ75GBdSREZR5uGUxxxpb,4nc7XxLFkkE9A2TcT6xrUcDrV6qchERgyFXMo3UrDmyP,1280640,0.00128064,56
tip_router,RouterBmuRBkPUbgEDMtdvTZ75GBdSREZR5uGUxxxpb,3wMcMNEWgyN2cKePKpLHJX3qpcK6B8xJKAWmmkA62C78,101309760,0.10130976,14428
tip_router,RouterBmuRBkPUbgEDMtdvTZ75GBdSREZR5uGUxxxpb,49xUT7yeKUeuibNryXxkNkNrnbDbHMus7gNHEyv52x5b,20573760,0.02057376,2828
tip_router,RouterBmuRBkPUbgEDMtdvTZ75GBdSREZR5uGUxxxpb,AEck2SH57bKZXPxEHJ27SAfRzzjmceTnbpJcTYfHbvAA,1280640,0.00128064,56
tip_router,RouterBmuRBkPUbgEDMtdvTZ75GBdSREZR5uGUxxxpb,9eT6DpkopM2zeRXDjMgDc6FtkkSHFwwV5Ca3U63Dgi8L,410688720,0.41068872,58879
tip_router,RouterBmuRBkPUbgEDMtdvTZ75GBdSREZR5uGUxxxpb,A3NsD15rN114zKoDUtEoYSLYVdvR7cSkwcBRMPjuYhaj,101309760,0.10130976,14428
tip_router,RouterBmuRBkPUbgEDMtdvTZ75GBdSREZR5uGUxxxpb,Enfh7o3jKBw2CZG4uAm9cyr4ih5FXxrHH34qSoQspbPd,101309760,0.10130976,14428
tip_router,RouterBmuRBkPUbgEDMtdvTZ75GBdSREZR5uGUxxxpb,BfpGpGMzsqeCAemFaAHJVcFihRTHKXpSw9HrBecFRMHQ,20573760,0.02057376,2828
tip_router,RouterBmuRBkPUbgEDMtdvTZ75GBdSREZR5uGUxxxpb,CHXUfB2GjygyakEJU5LfbJuEq7rpA6r7sfsLvpwFddJ1,101309760,0.10130976,14428
tip_router,RouterBmuRBkPUbgEDMtdvTZ75GBdSREZR5uGUxxxpb,DLtgg6LWixEHFGq1V131kDrTqAzEdhi5DEnxJbSZDC5u,20573760,0.02057376,2828
tip_router,RouterBmuRBkPUbgEDMtdvTZ75GBdSREZR5uGUxxxpb,42SMKrW5iReR8igBgDwVBPW63AB9si33dniBVM4ZE2im,20573760,0.02057376,2828
tip_router,RouterBmuRBkPUbgEDMtdvTZ75GBdSREZR5uGUxxxpb,4GX4Dre9csBBpQ6sKqoGpaEThV5hLsvo5XccR79bVZdC,20573760,0.02057376,2828
tip_router,RouterBmuRBkPUbgEDMtdvTZ75GBdSREZR5uGUxxxpb,GjFnUyFPRFuw64NM8VvPTzAb8Gct7pu19Sci3iUbj9q2,20573760,0.02057376,2828
tip_router,RouterBmuRBkPUbgEDMtdvTZ75GBdSREZR5uGUxxxpb,ArywVTpApmn3S2345VGdeaTxmoNNcdLXNZhnzgM7S7Hg,101309760,0.10130976,14428
tip_router,RouterBmuRBkPUbgEDMtdvTZ75GBdSREZR5uGUxxxpb,Bw5BTFyjaB8uvjnNFJdrgoT9nkUbXsMzTHSjeNwmkiju,20573760,0.02057376,2828
tip_router,RouterBmuRBkPUbgEDMtdvTZ75GBdSREZR5uGUxxxpb,6wyRyXzRjMQSF3DjZ6UgYmbWCejnPQCL5TMsjZ2SG1HS,1280640,0.00128064,56
tip_router,RouterBmuRBkPUbgEDMtdvTZ75GBdSREZR5uGUxxxpb,411tHHC5GSD8guJBjZH5MoF8rsa8KBVYm1rwaZ1csUud,1280640,0.00128064,56
tip_router,RouterBmuRBkPUbgEDMtdvTZ75GBdSREZR5uGUxxxpb,KNWgKHQRmZ9NyYXBBb24emCAPQGR9N8hVJxYmVrfDnG,1280640,0.00128064,56
tip_router,RouterBmuRBkPUbgEDMtdvTZ75GBdSREZR5uGUxxxpb,FDYnZ95A2fB2jgxomFzbsjhCFRQDybcqJLDwqFf69vbk,20573760,0.02057376,2828
tip_router,RouterBmuRBkPUbgEDMtdvTZ75GBdSREZR5uGUxxxpb,DYhhCrYF8shVvT9mqnh3WFSwh2Qdi7oKPoXMHaz8eDXy,20573760,0.02057376,2828
tip_router,RouterBmuRBkPUbgEDMtdvTZ75GBdSREZR5uGUxxxpb,Sm3h2sosjRuQybFvbiL6zBdUyjdRX6rV1mans9HkNcR,101309760,0.10130976,14428
tip_router,RouterBmuRBkPUbgEDMtdvTZ75GBdSREZR5uGUxxxpb,A3CLYjJt2H1BnjyFgBXLE3foqSc1WHaMAvvNZNVstJdP,20573760,0.02057376,2828
tip_router,RouterBmuRBkPUbgEDMtdvTZ75GBdSREZR5uGUxxxpb,4jUfN5L5vCZyEnHJ7G7NHPhszkpnAyyqrBJChbZ2Bdje,20573760,0.02057376,2828
tip_router,RouterBmuRBkPUbgEDMtdvTZ75GBdSREZR5uGUxxxpb,3w9qphPEmYsx3tZdT6WLFiLq3nQDaNWQ9APdTJUki7bp,20573760,0.02057376,2828
tip_router,RouterBmuRBkPUbgEDMtdvTZ75GBdSREZR5uGUxxxpb,75aNnz9iejJEH242hdKbUzLL8uXMq8kjpL2eHGePPpJs,101309760,0.10130976,14428
tip_router,RouterBmuRBkPUbgEDMtdvTZ75GBdSREZR5uGUxxxpb,FXZMz5TNmuAcwfdNvpJLyCU4aemoV8Ub9aGKMHFjUMJH,20573760,0.02057376,2828
tip_router,RouterBmuRBkPUbgEDMtdvTZ75GBdSREZR5uGUxxxpb,AZTLrn6AHBpbvuH6FV8SAQKA6u2seZ2QtVTMLMyBGkj6,101309760,0.10130976,14428
tip_router,RouterBmuRBkPUbgEDMtdvTZ75GBdSREZR5uGUxxxpb,FjNUNTzzgHvwtD68Zs2qoQgMrjiyyMKk9kBSo8Z9QdNG,101309760,0.10130976,14428
tip_router,RouterBmuRBkPUbgEDMtdvTZ75GBdSREZR5uGUxxxpb,BjWipPMiGrSrCidHVyXDGT2Yn8K1gvvsE1HNsLkaKqxb,101309760,0.10130976,14428
tip_router,RouterBmuRBkPUbgEDMtdvTZ75GBdSREZR5uGUxxxpb,AYBtmSiHsh3mMos144XuQTmwFz8g6znBewoveFFrRiAu,20573760,0.02057376,2828
tip_router,RouterBmuRBkPUbgEDMtdvTZ75GBdSREZR5uGUxxxpb,HfgPGMd64sUn59DogMEmvc2mYsDtbjQn8XSFpowL17sZ,101309760,0.10130976,14428
tip_router,RouterBmuRBkPUbgEDMtdvTZ75GBdSREZR5uGUxxxpb,zVcnsub7ZURnoBRgtahgebvThscz83UiXxa5wkmcXsX,1280640,0.00128064,56
tip_router,RouterBmuRBkPUbgEDMtdvTZ75GBdSREZR5uGUxxxpb,DgRcUUKHn6xaPNvTDTLezz9DGhhs5RPEczG75wi1J2sd,101309760,0.10130976,14428
tip_router,RouterBmuRBkPUbgEDMtdvTZ75GBdSREZR5uGUxxxpb,CijfKPQhD3VSZmHMmgiuqoQFWuEaXcpvAdqU76b2NCCv,20573760,0.02057376,2828
tip_router,RouterBmuRBkPUbgEDMtdvTZ75GBdSREZR5uGUxxxpb,Dm6jGJvH1qnoxEHqW2nmN1a28jkwMB3tinZ1crMsKo5r,101309760,0.10130976,14428
tip_router,RouterBmuRBkPUbgEDMtdvTZ75GBdSREZR5uGUxxxpb,3Ezu6soNaPxZFR4DzNZ5PAVexuA5xtcyXZPdtodgBT9J,893893680,0.89389368,128305
tip_router,RouterBmuRBkPUbgEDMtdvTZ75GBdSREZR5uGUxxxpb,6kP5sxe3MGRteGwk3PkS4m5EGo4pG6irU2bHtSQNiDDu,20573760,0.02057376,2828
tip_router,RouterBmuRBkPUbgEDMtdvTZ75GBdSREZR5uGUxxxpb,9T6EEXmVA32djHwUqHt8mXZLPMwsuCk1RmRdUPsm79vQ,1280640,0.00128064,56
tip_router,RouterBmuRBkPUbgEDMtdvTZ75GBdSREZR5uGUxxxpb,C1EzTB8QWKQf5wEmmLGqmJR6obdnaAEtZm6byk3kYnoq,20573760,0.02057376,2828
tip_router,RouterBmuRBkPUbgEDMtdvTZ75GBdSREZR5uGUxxxpb,EUh5XrDa4L3S1CsP6p2SyeFnAXRUF26dH9eb43cZcasy,1280640,0.00128064,56
tip_router,RouterBmuRBkPUbgEDMtdvTZ75GBdSREZR5uGUxxxpb,7yDg3DAYwdMvcwmJkJmjaPKR6jacnvXnuYsHMUxbY1ae,4628400,0.0046284,537
tip_router,RouterBmuRBkPUbgEDMtdvTZ75GBdSREZR5uGUxxxpb,6rNHXMjy2fWFogLn2XhCDqAfFvthuCnEPAzhSJRukyY3,101309760,0.10130976,14428
tip_router,RouterBmuRBkPUbgEDMtdvTZ75GBdSREZR5uGUxxxpb,44GkkSnxKwPQgSQEXkaQ7dSt6Kjc2kTcwQJLC7gfmRC6,101309760,0.10130976,14428
tip_router,RouterBmuRBkPUbgEDMtdvTZ75GBdSREZR5uGUxxxpb,bHLFKp5EUeZcguu9EqNbidRFRrJiUELDjJxBZPiQbEn,20573760,0.02057376,2828
tip_router,RouterBmuRBkPUbgEDMtdvTZ75GBdSREZR5uGUxxxpb,9c1vJ8MHJyWwe2oYzxVsj73kcpm2ynavyZ5Y3HBriXvP,20573760,0.02057376,2828
tip_router,RouterBmuRBkPUbgEDMtdvTZ75GBdSREZR5uGUxxxpb,HB5mqWTD4q6GvgLH1N38jhm4xWTjRte3dMViig7aSm6Q,101309760,0.10130976,14428
tip_router,RouterBmuRBkPUbgEDMtdvTZ75GBdSREZR5uGUxxxpb,CWLuuSBTitLjEYZpWURE2m6H4gRiBm3xawY7VRDTq49q,262816560,0.26281656,37633
tip_router,RouterBmuRBkPUbgEDMtdvTZ75GBdSREZR5uGUxxxpb,3XNzFMaMUBv5ydwvnSVb6KhtSrvg26Yxgab4yRSsVzzf,1280640,0.00128064,56
tip_router,RouterBmuRBkPUbgEDMtdvTZ75GBdSREZR5uGUxxxpb,D5x1w9fpJT9Te4NWuwK73bnP9fLJM8wPFUjbvzziPDvM,101309760,0.10130976,14428
tip_router,RouterBmuRBkPUbgEDMtdvTZ75GBdSREZR5uGUxxxpb,3jk1WEjpLnafBL2FdGuQ1jNTv8S8vv3coRH1JCLGWQr9,20573760,0.02057376,2828
tip_router,RouterBmuRBkPUbgEDMtdvTZ75GBdSREZR5uGUxxxpb,4r343caabCTkSuANsCrGi3k769oCirzmFxBDtrun3bNS,20573760,0.02057376,2828
tip_router,RouterBmuRBkPUbgEDMtdvTZ75GBdSREZR5uGUxxxpb,8ExA1w43gdmktNL4NxFLxAg5iPwEQYsMDwWu9B2yU2B5,101309760,0.10130976,14428
tip_router,RouterBmuRBkPUbgEDMtdvTZ75GBdSREZR5uGUxxxpb,3VooTsnsTsNeJgrB3kgh1MNHRbdJRGB7N7Zu8zdB27eX,893893680,0.89389368,128305
tip_router,RouterBmuRBkPUbgEDMtdvTZ75GBdSREZR5uGUxxxpb,EKoFCWxSBRw2kUFNxCi6XSZahKR4qX3edSsZMQn5n5pV,101309760,0.10130976,14428
tip_router,RouterBmuRBkPUbgEDMtdvTZ75GBdSREZR5uGUxxxpb,8R5d4NFqdrWhABWvP5BEeoZ7ebn6QfGs7nU7bxDcRTi,20573760,0.02057376,2828
tip_router,RouterBmuRBkPUbgEDMtdvTZ75GBdSREZR5uGUxxxpb,Fr2hHFCZthha1Xto1VgSoXLgdhTufBuohh2tYtEk9QjY,20573760,0.02057376,2828
tip_router,RouterBmuRBkPUbgEDMtdvTZ75GBdSREZR5uGUxxxpb,3oF5wEoJCdwBHqpAHJcjU8ipUMp3BFVe8xMiGMmaMxf1,893893680,0.89389368,128305
tip_router,RouterBmuRBkPUbgEDMtdvTZ75GBdSREZR5uGUxxxpb,FUXjcffV9WyubKexbWusbTgEShFx96Lv3DuEjj1yCoQp,20573760,0.02057376,2828
tip_router,RouterBmuRBkPUbgEDMtdvTZ75GBdSREZR5uGUxxxpb,5AF6SHPK9wqBpT3ddcVaNr1BphLVntVvbUkALfyye6FW,20573760,0.02057376,2828
tip_router,RouterBmuRBkPUbgEDMtdvTZ75GBdSREZR5uGUxxxpb,7jVDV2CM45QDDr95cxccpifFySiRX9hwbfekEuE7mx2t,1280640,0.00128064,56
tip_router,RouterBmuRBkPUbgEDMtdvTZ75GBdSREZR5uGUxxxpb,EkDVf2dB9zKKAdLRGztUazW4pQbG5ek38WuSLgskzoC2,20573760,0.02057376,2828
tip_router,RouterBmuRBkPUbgEDMtdvTZ75GBdSREZR5uGUxxxpb,75HTj3pHFvG9ESeqQnHeWbx4fyWWX2wPJSPYYpCzhKKP,1280640,0.00128064,56
tip_router,RouterBmuRBkPUbgEDMtdvTZ75GBdSREZR5uGUxxxpb,8hipNiUqGCRGGUSWYj5idNt4AEh6xr6ewdvb339nbALK,101309760,0.10130976,14428
tip_router,RouterBmuRBkPUbgEDMtdvTZ75GBdSREZR5uGUxxxpb,FwLDwf3GfNhYNJFrMwZHwYBVvEZ2a5fv4SkxrTKzZ6wK,191372160,0.19137216,27368
tip_router,RouterBmuRBkPUbgEDMtdvTZ75GBdSREZR5uGUxxxpb,8NiREuHmuvxEF7Fbfbqp8brxHdiDojLKkXB8ZSjhXxGZ,20573760,0.02057376,2828
tip_router,RouterBmuRBkPUbgEDMtdvTZ75GBdSREZR5uGUxxxpb,FQRmxEoG9hzvcXoK7LrwPWBS7pSijpmxu6ZEw1f7vDrt,1280640,0.00128064,56
tip_router,RouterBmuRBkPUbgEDMtdvTZ75GBdSREZR5uGUxxxpb,APiz1WU43qo4S63GfLP1QDQPFXNfje9e3EX8R7mtAU2b,410688720,0.41068872,58879
tip_router,RouterBmuRBkPUbgEDMtdvTZ75GBdSREZR5uGUxxxpb,7wS4kXzYa8WdWtPrDFm5NjrpfCv5g3mgvEm5pk9c2vfe,20573760,0.02057376,2828
tip_router,RouterBmuRBkPUbgEDMtdvTZ75GBdSREZR5uGUxxxpb,Afe2Q8sDCm23a3KLn99ZLpUXYVit32JSCNo1U6Q1pqY8,1280640,0.00128064,56
tip_router,RouterBmuRBkPUbgEDMtdvTZ75GBdSREZR5uGUxxxpb,6PjK8cCTW2RxTLzHdkvWKiaXPaoLvFsfDCJtPvyv83Nz,1280640,0.00128064,56
tip_router,RouterBmuRBkPUbgEDMtdvTZ75GBdSREZR5uGUxxxpb,GJroWVtAeuXbZxyREUMJVgNkPFyrKx1jUyWUVSdsEkj4,20573760,0.02057376,2828
tip_router,RouterBmuRBkPUbgEDMtdvTZ75GBdSREZR5uGUxxxpb,8ommU5C6jJ5Rv5X6ZKcWohhCEWD9Lq9pY5QUAZASTTxo,20573760,0.02057376,2828
tip_router,RouterBmuRBkPUbgEDMtdvTZ75GBdSREZR5uGUxxxpb,H23gmZEVuevt7TxCATU9TLceJAVEwPYE8THhmbu1XqGQ,20573760,0.02057376,2828
tip_router,RouterBmuRBkPUbgEDMtdvTZ75GBdSREZR5uGUxxxpb,HZ5BNFwNn19v4JGDHM2wcwJuMPYhToTaKa5HRN3jK1Lc,20573760,0.02057376,2828
tip_router,RouterBmuRBkPUbgEDMtdvTZ75GBdSREZR5uGUxxxpb,Ek8Fo5P5ANQQf3YYRVpkW3kiPepmD2J9ZdBfANZujRGm,20573760,0.02057376,2828
tip_router,RouterBmuRBkPUbgEDMtdvTZ75GBdSREZR5uGUxxxpb,CeqnEjNnw6bjXa3xJtfQ4munohQZSiuTxA72EvkxBdhi,1280640,0.00128064,56
tip_router,RouterBmuRBkPUbgEDMtdvTZ75GBdSREZR5uGUxxxpb,E1JZGfqUmWZXn1Rm4wGTASdBZbNN8nXmMhD1pz2qoAW4,20573760,0.02057376,2828
tip_router,RouterBmuRBkPUbgEDMtdvTZ75GBdSREZR5uGUxxxpb,7o2h383Rzy83brjSx8Qe7wEj7QEjNWwarpm198by86xH,101309760,0.10130976,14428
tip_router,RouterBmuRBkPUbgEDMtdvTZ75GBdSREZR5uGUxxxpb,GcHjXK6QTFCmdRANKHY6hPDZecwxS6J3QFBYjgXAfZTp,1280640,0.00128064,56
tip_router,RouterBmuRBkPUbgEDMtdvTZ75GBdSREZR5uGUxxxpb,HqX2iiiEJ6zGctpURpy5i8ysE6K85MBCyW9Vr1mnmmQM,174361920,0.17436192,24924
tip_router,RouterBmuRBkPUbgEDMtdvTZ75GBdSREZR5uGUxxxpb,2yXW9BycsWGk7ga1zXnMEKP2H2Z6NBvSGfCn67BSNGBf,20573760,0.02057376,2828
tip_router,RouterBmuRBkPUbgEDMtdvTZ75GBdSREZR5uGUxxxpb,5trmyBCYqPcHdHM4krzsmR9Lb4Uiay5wzdDXmyJyoLVk,101309760,0.10130976,14428
tip_router,RouterBmuRBkPUbgEDMtdvTZ75GBdSREZR5uGUxxxpb,HFXp8BKvyhAFfWJcUzazWsV9ieLzysJvamXZeNJyxxhF,20573760,0.02057376,2828
tip_router,RouterBmuRBkPUbgEDMtdvTZ75GBdSREZR5uGUxxxpb,A5KhZUY88JxpZTfiuPLAQzMtNAJensu3AwHz7R8Xwbxe,20573760,0.02057376,2828
tip_router,RouterBmuRBkPUbgEDMtdvTZ75GBdSREZR5uGUxxxpb,2XpPUymo6UuPAfMKiWCGHudUN4LPbpjq8CdctLTTQJgL,20573760,0.02057376,2828
tip_router,RouterBmuRBkPUbgEDMtdvTZ75GBdSREZR5uGUxxxpb,FvsHKaj8tsQLsvjCvehSLAAuRCgnsxJhKrKkrYNhkgdZ,20573760,0.02057376,2828
tip_router,RouterBmuRBkPUbgEDMtdvTZ75GBdSREZR5uGUxxxpb,FGWF1nXtaNj1BwiSH3btWbNyK8Kfd7A8Bxc6nV662Pvx,101309760,0.10130976,14428
tip_router,RouterBmuRBkPUbgEDMtdvTZ75GBdSREZR5uGUxxxpb,8h4MBiaXNkA54GNSgXJ6Bi87kbjBrmQBB7RF7RzhMEAy,20573760,0.02057376,2828
tip_router,RouterBmuRBkPUbgEDMtdvTZ75GBdSREZR5uGUxxxpb,6usZ2kU976Tm4zgGB2PbVHJHbyWehYEmYdYtn87EKmv,410688720,0.41068872,58879
tip_router,RouterBmuRBkPUbgEDMtdvTZ75GBdSREZR5uGUxxxpb,BeWwydfAVJ6cmUDqtrSanghpDjZGFhnyVhMnLmPZDnk8,20573760,0.02057376,2828
tip_router,RouterBmuRBkPUbgEDMtdvTZ75GBdSREZR5uGUxxxpb,Gt6pAW2ZQzsFFr8tq3JodsoLrUQbDH7h6XXRuVv8B8QA,20573760,0.02057376,2828
tip_router,RouterBmuRBkPUbgEDMtdvTZ75GBdSREZR5uGUxxxpb,Baac5hTGW8TY4XmuebT2UTvokjF1jw57vK4AYGbfy5c,20573760,0.02057376,2828
tip_router,RouterBmuRBkPUbgEDMtdvTZ75GBdSREZR5uGUxxxpb,EmN9A8aWd3Dba64smpjihoypj4ZVYmTttJkDgu5Tp4XP,20573760,0.02057376,2828
tip_router,RouterBmuRBkPUbgEDMtdvTZ75GBdSREZR5uGUxxxpb,HV1MghS1U5gBCb9CamvbbnsnQ98MYfUAtcLdKVVyYJv4,20573760,0.02057376,2828
tip_router,RouterBmuRBkPUbgEDMtdvTZ75GBdSREZR5uGUxxxpb,Gb6Xt3rBYsd4PXDWp9PQ5ycu1qT5WX7mGoUPQmiFebSX,101309760,0.10130976,14428
tip_router,RouterBmuRBkPUbgEDMtdvTZ75GBdSREZR5uGUxxxpb,82ZaDiCemMKFQ9xB4Wig5TsFBwYotf6ApRa4wtom1ZAC,20573760,0.02057376,2828
tip_router,RouterBmuRBkPUbgEDMtdvTZ75GBdSREZR5uGUxxxpb,5E3yLYewrhbXD6nC4dfH2MDVz1eNpeADodoeqipAjPE3,410688720,0.41068872,58879
tip_router,RouterBmuRBkPUbgEDMtdvTZ75GBdSREZR5uGUxxxpb,GQBwXWKtkkZwRx4wreZnETwFtfwebuEFgeygxpm31fuc,101309760,0.10130976,14428
tip_router,RouterBmuRBkPUbgEDMtdvTZ75GBdSREZR5uGUxxxpb,FcfzULBnYCpSfDnZmYyyPBUBokUBYho8MnHN7M3uyJJq,174361920,0.17436192,24924
tip_router,RouterBmuRBkPUbgEDMtdvTZ75GBdSREZR5uGUxxxpb,HVDYeee7FvEkGQzXPpz5FVwMqcwnrNbwzrQGUW6yjqWY,1280640,0.00128064,56
tip_router,RouterBmuRBkPUbgEDMtdvTZ75GBdSREZR5uGUxxxpb,5X5gS2hwcPiZ7D5gjnPqHWFQD97LJxUYKnsb9JARZiSr,101309760,0.10130976,14428
tip_router,RouterBmuRBkPUbgEDMtdvTZ75GBdSREZR5uGUxxxpb,vWnU2GyA3vFqmuRjSbGjRsZUUjsCogcLhHGk1Uwd3u3,20573760,0.02057376,2828
tip_router,RouterBmuRBkPUbgEDMtdvTZ75GBdSREZR5uGUxxxpb,6B3DvEArd2mvsmiMdntTPgtUiHdEXWbJKNuhW9e8jiJj,20573760,0.02057376,2828
tip_router,RouterBmuRBkPUbgEDMtdvTZ75GBdSREZR5uGUxxxpb,HJWXz7CCg63pvu98zAo5RkSbGhgt6NjVdGWj62cGsjsi,20573760,0.02057376,2828
tip_router,RouterBmuRBkPUbgEDMtdvTZ75GBdSREZR5uGUxxxpb,5i8Wj3Nya3kfFv5Gi5KcFQ2f5QrbuudwjvWjZvNE9Nt5,20573760,0.02057376,2828
tip_router,RouterBmuRBkPUbgEDMtdvTZ75GBdSREZR5uGUxxxpb,9fhQrzdyy4AYSroWSVQnmQTq3dKzxM59Fu4xddLbHVef,101309760,0.10130976,14428
tip_router,RouterBmuRBkPUbgEDMtdvTZ75GBdSREZR5uGUxxxpb,E2a3upW3FNMktNtcEH5RH8WK3A2oW1ukZgYszuexFHex,20573760,0.02057376,2828
tip_router,RouterBmuRBkPUbgEDMtdvTZ75GBdSREZR5uGUxxxpb,A1EW8HufiV3QubAQheyWx64vurZZ5sN6nwKtmZD3yXNz,101309760,0.10130976,14428
tip_router,RouterBmuRBkPUbgEDMtdvTZ75GBdSREZR5uGUxxxpb,nAq3sxQjFBCnmjsabDzQfJNfyZEZYhs3nHZRuAagzDi,101309760,0.10130976,14428
tip_router,RouterBmuRBkPUbgEDMtdvTZ75GBdSREZR5uGUxxxpb,DbogvqqA8gbLqwmn1Awf6FWNkdTwg4vPjT5xQnooFXAp,20573760,0.02057376,2828
tip_router,RouterBmuRBkPUbgEDMtdvTZ75GBdSREZR5uGUxxxpb,hGknQDtDwDsa92f5brnk2QA9RMeceWykx7me9sUXX2v,20573760,0.02057376,2828
tip_router,RouterBmuRBkPUbgEDMtdvTZ75GBdSREZR5uGUxxxpb,AKMfRHdLjeBb6K4zRXeHRVZLChYYGW3Ye1EiRDDDSk9A,20573760,0.02057376,2828
tip_router,RouterBmuRBkPUbgEDMtdvTZ75GBdSREZR5uGUxxxpb,BjAjGsnv3hHYqU3GYVDZCvaMCrkLsUkrR5o666QEdSw8,101309760,0.10130976,14428
tip_router,RouterBmuRBkPUbgEDMtdvTZ75GBdSREZR5uGUxxxpb,BBt2eBTC6aKDdggkR6M8BaN9HRf9PPmsSrGQPnGcpCUj,101309760,0.10130976,14428
tip_router,RouterBmuRBkPUbgEDMtdvTZ75GBdSREZR5uGUxxxpb,4qhcwQXKmYqNqqKc2Fn7kP6oGL8562PGMV3DoeBfkoDp,1280640,0.00128064,56
tip_router,RouterBmuRBkPUbgEDMtdvTZ75GBdSREZR5uGUxxxpb,Ck5ai4N8PUa67wVBfeWLbcM19qX8ke8HJQ5JGXQ2agfi,20573760,0.02057376,2828
tip_router,RouterBmuRBkPUbgEDMtdvTZ75GBdSREZR5uGUxxxpb,xtTLPaUAwEr1GawFGT9WbcCbTSZupLdCtssrYSgFxqe,20573760,0.02057376,2828
tip_router,RouterBmuRBkPUbgEDMtdvTZ75GBdSREZR5uGUxxxpb,EK3xRRTtP2mG3RNDQxFrcqvwKNYpz69gpXNU9snFCazA,20573760,0.02057376,2828
tip_router,RouterBmuRBkPUbgEDMtdvTZ75GBdSREZR5uGUxxxpb,EUxgifc4in5hbTLtxwrg8eA9hZsQrfaCok2pYzEvr12e,101309760,0.10130976,14428
tip_router,RouterBmuRBkPUbgEDMtdvTZ75GBdSREZR5uGUxxxpb,CYytdvX44ijSpT4nA5JF6No58WwqtAoEGojFeZREdEm1,1280640,0.00128064,56
tip_router,RouterBmuRBkPUbgEDMtdvTZ75GBdSREZR5uGUxxxpb,Ead8TMc8xrTCAH2CfmhsJmtKPNrW8QmybjK8jVXHzN1c,20573760,0.02057376,2828
tip_router,RouterBmuRBkPUbgEDMtdvTZ75GBdSREZR5uGUxxxpb,6tGwGfhdD4WkfGe1xQ69326feM4z1FHSXQcrfeBEPf9o,101309760,0.10130976,14428
tip_router,RouterBmuRBkPUbgEDMtdvTZ75GBdSREZR5uGUxxxpb,2MARyqm5trCTenKCpXux3VF5gmFwXhL9N3ddBg8hW2BK,101309760,0.10130976,14428
tip_router,RouterBmuRBkPUbgEDMtdvTZ75GBdSREZR5uGUxxxpb,A3or4X2qds1ckmt6tzkK6LmFDCK9xSdzNdJfTXPnDauK,101309760,0.10130976,14428
tip_router,RouterBmuRBkPUbgEDMtdvTZ75GBdSREZR5uGUxxxpb,J7mAtE9KQnLHfSFGHh1p9riAaztJDQVUTg5gX4uuBCW4,1280640,0.00128064,56
tip_router,RouterBmuRBkPUbgEDMtdvTZ75GBdSREZR5uGUxxxpb,7dR4Y2LbxR4oBi5d7FxDNmsugVwe5y9t5utErPqgPkUN,101309760,0.10130976,14428
tip_router,RouterBmuRBkPUbgEDMtdvTZ75GBdSREZR5uGUxxxpb,Da6Y8ESJP7QXQTmfwvAFZW35vkyoiXFHiA1JvkLxbPTB,101309760,0.10130976,14428
tip_router,RouterBmuRBkPUbgEDMtdvTZ75GBdSREZR5uGUxxxpb,7bXhh4ZGCNsymGmdEspByfWjARiQp631ZxoG83CpyW9k,1280640,0.00128064,56
tip_router,RouterBmuRBkPUbgEDMtdvTZ75GBdSREZR5uGUxxxpb,EFYU92qjAntrivqziSKPTb9SKvwzUCCwxtiTwN3dht4V,101309760,0.10130976,14428
tip_router,RouterBmuRBkPUbgEDMtdvTZ75GBdSREZR5uGUxxxpb,5jWZfZ645FTtaturSBwD78xVCNTW46kTdfuRow1cEgrb,1280640,0.00128064,56
tip_router,RouterBmuRBkPUbgEDMtdvTZ75GBdSREZR5uGUxxxpb,7UkKtKtbi4HBpa7yGsDbBNeAHRcJ4utYvBz1RyVBv4Po,20573760,0.02057376,2828
tip_router,RouterBmuRBkPUbgEDMtdvTZ75GBdSREZR5uGUxxxpb,8zBZuhxoHs9CZC7qQB5V4NuGR6jFo1nLHMcEBpRSXqKc,1280640,0.00128064,56
tip_router,RouterBmuRBkPUbgEDMtdvTZ75GBdSREZR5uGUxxxpb,DCMXfCQ2gNa1nkwi7pjSGBLsGGvpKygaceZCX71pwKFs,1280640,0.00128064,56
tip_router,RouterBmuRBkPUbgEDMtdvTZ75GBdSREZR5uGUxxxpb,BB5nzBiDGWQT82A5UYfgtzqx4U13TkRzs4LhcEYEKAph,20573760,0.02057376,2828
tip_router,RouterBmuRBkPUbgEDMtdvTZ75GBdSREZR5uGUxxxpb,GnYEhfssBLnqmtS1Q46ySnqJdFi2c36BPRrWDTNcnKLj,101309760,0.10130976,14428
tip_router,RouterBmuRBkPUbgEDMtdvTZ75GBdSREZR5uGUxxxpb,464abTMoSYXqnBfYprJzwcpfXBUP2Ax2C48BJcZEmB54,1280640,0.00128064,56
tip_router,RouterBmuRBkPUbgEDMtdvTZ75GBdSREZR5uGUxxxpb,JCfnDpyE7norsEBdkcxhBJhFbgCa1oeRTA7qbWWk4kZS,1280640,0.00128064,56
tip_router,RouterBmuRBkPUbgEDMtdvTZ75GBdSREZR5uGUxxxpb,267xhSzvLw4Eq18ujFJk1nnYZjFKPK6Ca9KATsVTG6Fh,20573760,0.02057376,2828
tip_router,RouterBmuRBkPUbgEDMtdvTZ75GBdSREZR5uGUxxxpb,2R1xBQer59vnLABoqvZeZjxnEbQCpoS87ih8oXgC7c26,1280640,0.00128064,56
tip_router,RouterBmuRBkPUbgEDMtdvTZ75GBdSREZR5uGUxxxpb,EPoMh7yv95W6Z61HGTkiqsARgAdag3iogooxspoUsiHm,20573760,0.02057376,2828
tip_router,RouterBmuRBkPUbgEDMtdvTZ75GBdSREZR5uGUxxxpb,6rJhLa9EdqTtErPUWSuAkzJphazci7ykBmYgVeRqbsGC,262816560,0.26281656,37633
tip_router,RouterBmuRBkPUbgEDMtdvTZ75GBdSREZR5uGUxxxpb,C3KqXH3gYvbzWP1BJJ4s2nU2itVvJEZYNLe5UD3GBCYg,20573760,0.02057376,2828
interceptor,5TAiuAh3YGDbwjEruC1ZpXTJWdNDS7Ur7VeqNNiHMmGV,5Gh3gvEPgZp6Mo58DVRzwqmriqhs8g1p3DEV8DPHz9Eh,3821040,0.00382104,421
interceptor,5TAiuAh3YGDbwjEruC1ZpXTJWdNDS7Ur7VeqNNiHMmGV,39EU9pFE5mT5u91eJg51kpbhxVJ2vi7zjtWgFJez4py1,3821040,0.00382104,421
interceptor,5TAiuAh3YGDbwjEruC1ZpXTJWdNDS7Ur7VeqNNiHMmGV,AuG6K3h6KakQsu7BR6GYSG2H4VNY47mTXSMm6pf6DPWe,3821040,0.00382104,421
interceptor,5TAiuAh3YGDbwjEruC1ZpXTJWdNDS7Ur7VeqNNiHMmGV,8cXWWftKqtY2hM5qGtNJcY2QMcvFvV2dwMFqVH14RMKB,3821040,0.00382104,421
interceptor,5TAiuAh3YGDbwjEruC1ZpXTJWdNDS7Ur7VeqNNiHMmGV,HbYzKBUpQbJkqzFS21MnS26brfzaSCsamatndSBkMz8K,3821040,0.00382104,421
interceptor,5TAiuAh3YGDbwjEruC1ZpXTJWdNDS7Ur7VeqNNiHMmGV,D5CyWQSJCpunFY9mVBt28oDY2aauLU45AHpUqWcJMfUe,4377840,0.00437784,501
interceptor,5TAiuAh3YGDbwjEruC1ZpXTJWdNDS7Ur7VeqNNiHMmGV,GrdxNwk7ny3uhvxTbJ1nznofJCx7a7JST4vG615Wu3KQ,3821040,0.00382104,421
interceptor,5TAiuAh3YGDbwjEruC1ZpXTJWdNDS7Ur7VeqNNiHMmGV,7LPw5nHrXaZ2qkG35p3YeHdJswJvDqTvuPQUZp2W7CQm,3821040,0.00382104,421
interceptor,5TAiuAh3YGDbwjEruC1ZpXTJWdNDS7Ur7VeqNNiHMmGV,HrKMEKdgNpfhRvtUHwg1QjxnXiAtJ1VtjpZ1VvZNvgUe,3821040,0.00382104,421
interceptor,5TAiuAh3YGDbwjEruC1ZpXTJWdNDS7Ur7VeqNNiHMmGV,59zUAfDm5bmLbnouiRsLubGyWQdhgnWuyTn9SWJRfDyU,3821040,0.00382104,421
interceptor,5TAiuAh3YGDbwjEruC1ZpXTJWdNDS7Ur7VeqNNiHMmGV,HxBhACNQpi5QtqpYijTV949nTyM5dDmh4zxrQyBbQ2TN,4377840,0.00437784,501
interceptor,5TAiuAh3YGDbwjEruC1ZpXTJWdNDS7Ur7VeqNNiHMmGV,2DPVQZedXEAaf2VFX7KuZHxh27c3t3BjaJtEKz45VTKz,3821040,0.00382104,421
interceptor,5TAiuAh3YGDbwjEruC1ZpXTJWdNDS7Ur7VeqNNiHMmGV,3ocAtic8h9WQaAkTPgMecRArpPJameDVwCcNwNaiUfxB,3821040,0.00382104,421
interceptor,5TAiuAh3YGDbwjEruC1ZpXTJWdNDS7Ur7VeqNNiHMmGV,Gy4nzLxdiuerXivnaZMDhrsRRGfaN18U7cdHw7UTeKZQ,3821040,0.00382104,421
interceptor,5TAiuAh3YGDbwjEruC1ZpXTJWdNDS7Ur7VeqNNiHMmGV,72BJyuabgbW36XU35av2mttMDYp56buqHByKrJnAUXqv,3821040,0.00382104,421
interceptor,5TAiuAh3YGDbwjEruC1ZpXTJWdNDS7Ur7VeqNNiHMmGV,6hg6RMfjn3QSW6MdjH2Dg3dhF9XsVEE8CQXhjYwkRCiK,4377842,0.004377842,501
